factor,category,applies_to,level,value,unit,used_in_paper,source,how_used,script,notes
"Marginal emission factor, CO2","grid, marginal (pollutants and marginal CO2)",Andhra Pradesh,central,788.02,kg per MWh of electricity,yes: 1 operating facilities draw load in this state,"Sengupta, Adams, Deetjen, Kamboj, Tongia, Azevedo (2022) marginal emission factors for Indian power generation, 2017-18 simulation; KiltHub doi:10.1184/R1/19359989 (CC BY 4.0)","Annual flat-load factor: five daily periods weighted by duration (morning peak, midday, afternoon, evening peak 4 h each; overnight 8 h) and seasons by duration (dry 7/12, monsoon 5/12). Applied to each facility's central-scenario electricity by the state it draws load from.",15a_mef_kilthub.R -> 15b_marginal_mef.R,""
"Marginal emission factor, SO2","grid, marginal (pollutants and marginal CO2)",Andhra Pradesh,central,5.7575,kg per MWh of electricity,yes: 1 operating facilities draw load in this state,"Sengupta, Adams, Deetjen, Kamboj, Tongia, Azevedo (2022) marginal emission factors for Indian power generation, 2017-18 simulation; KiltHub doi:10.1184/R1/19359989 (CC BY 4.0)","Annual flat-load factor: five daily periods weighted by duration (morning peak, midday, afternoon, evening peak 4 h each; overnight 8 h) and seasons by duration (dry 7/12, monsoon 5/12). Applied to each facility's central-scenario electricity by the state it draws load from.",15a_mef_kilthub.R -> 15b_marginal_mef.R,""
"Marginal emission factor, NOX","grid, marginal (pollutants and marginal CO2)",Andhra Pradesh,central,3.1173,kg per MWh of electricity,yes: 1 operating facilities draw load in this state,"Sengupta, Adams, Deetjen, Kamboj, Tongia, Azevedo (2022) marginal emission factors for Indian power generation, 2017-18 simulation; KiltHub doi:10.1184/R1/19359989 (CC BY 4.0)","Annual flat-load factor: five daily periods weighted by duration (morning peak, midday, afternoon, evening peak 4 h each; overnight 8 h) and seasons by duration (dry 7/12, monsoon 5/12). Applied to each facility's central-scenario electricity by the state it draws load from.",15a_mef_kilthub.R -> 15b_marginal_mef.R,""
"Marginal emission factor, PM2.5","grid, marginal (pollutants and marginal CO2)",Andhra Pradesh,central,0.46565,kg per MWh of electricity,yes: 1 operating facilities draw load in this state,"Sengupta, Adams, Deetjen, Kamboj, Tongia, Azevedo (2022) marginal emission factors for Indian power generation, 2017-18 simulation; KiltHub doi:10.1184/R1/19359989 (CC BY 4.0)","Annual flat-load factor: five daily periods weighted by duration (morning peak, midday, afternoon, evening peak 4 h each; overnight 8 h) and seasons by duration (dry 7/12, monsoon 5/12). Applied to each facility's central-scenario electricity by the state it draws load from.",15a_mef_kilthub.R -> 15b_marginal_mef.R,""
"Marginal emission factor, CO2","grid, marginal (pollutants and marginal CO2)",Arunachal Pradesh,central,467.09,kg per MWh of electricity,yes: 1 operating facilities draw load in this state,"Sengupta, Adams, Deetjen, Kamboj, Tongia, Azevedo (2022) marginal emission factors for Indian power generation, 2017-18 simulation; KiltHub doi:10.1184/R1/19359989 (CC BY 4.0)","Annual flat-load factor: five daily periods weighted by duration (morning peak, midday, afternoon, evening peak 4 h each; overnight 8 h) and seasons by duration (dry 7/12, monsoon 5/12). Applied to each facility's central-scenario electricity by the state it draws load from.",15a_mef_kilthub.R -> 15b_marginal_mef.R,""
"Marginal emission factor, SO2","grid, marginal (pollutants and marginal CO2)",Arunachal Pradesh,central,1.3972,kg per MWh of electricity,yes: 1 operating facilities draw load in this state,"Sengupta, Adams, Deetjen, Kamboj, Tongia, Azevedo (2022) marginal emission factors for Indian power generation, 2017-18 simulation; KiltHub doi:10.1184/R1/19359989 (CC BY 4.0)","Annual flat-load factor: five daily periods weighted by duration (morning peak, midday, afternoon, evening peak 4 h each; overnight 8 h) and seasons by duration (dry 7/12, monsoon 5/12). Applied to each facility's central-scenario electricity by the state it draws load from.",15a_mef_kilthub.R -> 15b_marginal_mef.R,""
"Marginal emission factor, NOX","grid, marginal (pollutants and marginal CO2)",Arunachal Pradesh,central,2.2934,kg per MWh of electricity,yes: 1 operating facilities draw load in this state,"Sengupta, Adams, Deetjen, Kamboj, Tongia, Azevedo (2022) marginal emission factors for Indian power generation, 2017-18 simulation; KiltHub doi:10.1184/R1/19359989 (CC BY 4.0)","Annual flat-load factor: five daily periods weighted by duration (morning peak, midday, afternoon, evening peak 4 h each; overnight 8 h) and seasons by duration (dry 7/12, monsoon 5/12). Applied to each facility's central-scenario electricity by the state it draws load from.",15a_mef_kilthub.R -> 15b_marginal_mef.R,""
"Marginal emission factor, PM2.5","grid, marginal (pollutants and marginal CO2)",Arunachal Pradesh,central,0.1479,kg per MWh of electricity,yes: 1 operating facilities draw load in this state,"Sengupta, Adams, Deetjen, Kamboj, Tongia, Azevedo (2022) marginal emission factors for Indian power generation, 2017-18 simulation; KiltHub doi:10.1184/R1/19359989 (CC BY 4.0)","Annual flat-load factor: five daily periods weighted by duration (morning peak, midday, afternoon, evening peak 4 h each; overnight 8 h) and seasons by duration (dry 7/12, monsoon 5/12). Applied to each facility's central-scenario electricity by the state it draws load from.",15a_mef_kilthub.R -> 15b_marginal_mef.R,""
"Marginal emission factor, CO2","grid, marginal (pollutants and marginal CO2)",Assam,central,472.32,kg per MWh of electricity,yes: 2 operating facilities draw load in this state,"Sengupta, Adams, Deetjen, Kamboj, Tongia, Azevedo (2022) marginal emission factors for Indian power generation, 2017-18 simulation; KiltHub doi:10.1184/R1/19359989 (CC BY 4.0)","Annual flat-load factor: five daily periods weighted by duration (morning peak, midday, afternoon, evening peak 4 h each; overnight 8 h) and seasons by duration (dry 7/12, monsoon 5/12). Applied to each facility's central-scenario electricity by the state it draws load from.",15a_mef_kilthub.R -> 15b_marginal_mef.R,""
"Marginal emission factor, SO2","grid, marginal (pollutants and marginal CO2)",Assam,central,0.94409,kg per MWh of electricity,yes: 2 operating facilities draw load in this state,"Sengupta, Adams, Deetjen, Kamboj, Tongia, Azevedo (2022) marginal emission factors for Indian power generation, 2017-18 simulation; KiltHub doi:10.1184/R1/19359989 (CC BY 4.0)","Annual flat-load factor: five daily periods weighted by duration (morning peak, midday, afternoon, evening peak 4 h each; overnight 8 h) and seasons by duration (dry 7/12, monsoon 5/12). Applied to each facility's central-scenario electricity by the state it draws load from.",15a_mef_kilthub.R -> 15b_marginal_mef.R,""
"Marginal emission factor, NOX","grid, marginal (pollutants and marginal CO2)",Assam,central,2.4117,kg per MWh of electricity,yes: 2 operating facilities draw load in this state,"Sengupta, Adams, Deetjen, Kamboj, Tongia, Azevedo (2022) marginal emission factors for Indian power generation, 2017-18 simulation; KiltHub doi:10.1184/R1/19359989 (CC BY 4.0)","Annual flat-load factor: five daily periods weighted by duration (morning peak, midday, afternoon, evening peak 4 h each; overnight 8 h) and seasons by duration (dry 7/12, monsoon 5/12). Applied to each facility's central-scenario electricity by the state it draws load from.",15a_mef_kilthub.R -> 15b_marginal_mef.R,""
"Marginal emission factor, PM2.5","grid, marginal (pollutants and marginal CO2)",Assam,central,0.099145,kg per MWh of electricity,yes: 2 operating facilities draw load in this state,"Sengupta, Adams, Deetjen, Kamboj, Tongia, Azevedo (2022) marginal emission factors for Indian power generation, 2017-18 simulation; KiltHub doi:10.1184/R1/19359989 (CC BY 4.0)","Annual flat-load factor: five daily periods weighted by duration (morning peak, midday, afternoon, evening peak 4 h each; overnight 8 h) and seasons by duration (dry 7/12, monsoon 5/12). Applied to each facility's central-scenario electricity by the state it draws load from.",15a_mef_kilthub.R -> 15b_marginal_mef.R,""
"Marginal emission factor, CO2","grid, marginal (pollutants and marginal CO2)",Bihar,central,909.01,kg per MWh of electricity,yes: 3 operating facilities draw load in this state,"Sengupta, Adams, Deetjen, Kamboj, Tongia, Azevedo (2022) marginal emission factors for Indian power generation, 2017-18 simulation; KiltHub doi:10.1184/R1/19359989 (CC BY 4.0)","Annual flat-load factor: five daily periods weighted by duration (morning peak, midday, afternoon, evening peak 4 h each; overnight 8 h) and seasons by duration (dry 7/12, monsoon 5/12). Applied to each facility's central-scenario electricity by the state it draws load from.",15a_mef_kilthub.R -> 15b_marginal_mef.R,""
"Marginal emission factor, SO2","grid, marginal (pollutants and marginal CO2)",Bihar,central,5.8827,kg per MWh of electricity,yes: 3 operating facilities draw load in this state,"Sengupta, Adams, Deetjen, Kamboj, Tongia, Azevedo (2022) marginal emission factors for Indian power generation, 2017-18 simulation; KiltHub doi:10.1184/R1/19359989 (CC BY 4.0)","Annual flat-load factor: five daily periods weighted by duration (morning peak, midday, afternoon, evening peak 4 h each; overnight 8 h) and seasons by duration (dry 7/12, monsoon 5/12). Applied to each facility's central-scenario electricity by the state it draws load from.",15a_mef_kilthub.R -> 15b_marginal_mef.R,""
"Marginal emission factor, NOX","grid, marginal (pollutants and marginal CO2)",Bihar,central,3.4289,kg per MWh of electricity,yes: 3 operating facilities draw load in this state,"Sengupta, Adams, Deetjen, Kamboj, Tongia, Azevedo (2022) marginal emission factors for Indian power generation, 2017-18 simulation; KiltHub doi:10.1184/R1/19359989 (CC BY 4.0)","Annual flat-load factor: five daily periods weighted by duration (morning peak, midday, afternoon, evening peak 4 h each; overnight 8 h) and seasons by duration (dry 7/12, monsoon 5/12). Applied to each facility's central-scenario electricity by the state it draws load from.",15a_mef_kilthub.R -> 15b_marginal_mef.R,""
"Marginal emission factor, PM2.5","grid, marginal (pollutants and marginal CO2)",Bihar,central,0.62745,kg per MWh of electricity,yes: 3 operating facilities draw load in this state,"Sengupta, Adams, Deetjen, Kamboj, Tongia, Azevedo (2022) marginal emission factors for Indian power generation, 2017-18 simulation; KiltHub doi:10.1184/R1/19359989 (CC BY 4.0)","Annual flat-load factor: five daily periods weighted by duration (morning peak, midday, afternoon, evening peak 4 h each; overnight 8 h) and seasons by duration (dry 7/12, monsoon 5/12). Applied to each facility's central-scenario electricity by the state it draws load from.",15a_mef_kilthub.R -> 15b_marginal_mef.R,""
"Marginal emission factor, CO2","grid, marginal (pollutants and marginal CO2)",Chandigarh,central,383.69,kg per MWh of electricity,yes: 1 operating facilities draw load in this state,"Sengupta, Adams, Deetjen, Kamboj, Tongia, Azevedo (2022) marginal emission factors for Indian power generation, 2017-18 simulation; KiltHub doi:10.1184/R1/19359989 (CC BY 4.0)","Annual flat-load factor: five daily periods weighted by duration (morning peak, midday, afternoon, evening peak 4 h each; overnight 8 h) and seasons by duration (dry 7/12, monsoon 5/12). Applied to each facility's central-scenario electricity by the state it draws load from.",15a_mef_kilthub.R -> 15b_marginal_mef.R,""
"Marginal emission factor, SO2","grid, marginal (pollutants and marginal CO2)",Chandigarh,central,2.451,kg per MWh of electricity,yes: 1 operating facilities draw load in this state,"Sengupta, Adams, Deetjen, Kamboj, Tongia, Azevedo (2022) marginal emission factors for Indian power generation, 2017-18 simulation; KiltHub doi:10.1184/R1/19359989 (CC BY 4.0)","Annual flat-load factor: five daily periods weighted by duration (morning peak, midday, afternoon, evening peak 4 h each; overnight 8 h) and seasons by duration (dry 7/12, monsoon 5/12). Applied to each facility's central-scenario electricity by the state it draws load from.",15a_mef_kilthub.R -> 15b_marginal_mef.R,""
"Marginal emission factor, NOX","grid, marginal (pollutants and marginal CO2)",Chandigarh,central,1.4965,kg per MWh of electricity,yes: 1 operating facilities draw load in this state,"Sengupta, Adams, Deetjen, Kamboj, Tongia, Azevedo (2022) marginal emission factors for Indian power generation, 2017-18 simulation; KiltHub doi:10.1184/R1/19359989 (CC BY 4.0)","Annual flat-load factor: five daily periods weighted by duration (morning peak, midday, afternoon, evening peak 4 h each; overnight 8 h) and seasons by duration (dry 7/12, monsoon 5/12). Applied to each facility's central-scenario electricity by the state it draws load from.",15a_mef_kilthub.R -> 15b_marginal_mef.R,""
"Marginal emission factor, PM2.5","grid, marginal (pollutants and marginal CO2)",Chandigarh,central,0.24948,kg per MWh of electricity,yes: 1 operating facilities draw load in this state,"Sengupta, Adams, Deetjen, Kamboj, Tongia, Azevedo (2022) marginal emission factors for Indian power generation, 2017-18 simulation; KiltHub doi:10.1184/R1/19359989 (CC BY 4.0)","Annual flat-load factor: five daily periods weighted by duration (morning peak, midday, afternoon, evening peak 4 h each; overnight 8 h) and seasons by duration (dry 7/12, monsoon 5/12). Applied to each facility's central-scenario electricity by the state it draws load from.",15a_mef_kilthub.R -> 15b_marginal_mef.R,""
"Marginal emission factor, CO2","grid, marginal (pollutants and marginal CO2)",Chhattisgarh,central,950.75,kg per MWh of electricity,yes: 2 operating facilities draw load in this state,"Sengupta, Adams, Deetjen, Kamboj, Tongia, Azevedo (2022) marginal emission factors for Indian power generation, 2017-18 simulation; KiltHub doi:10.1184/R1/19359989 (CC BY 4.0)","Annual flat-load factor: five daily periods weighted by duration (morning peak, midday, afternoon, evening peak 4 h each; overnight 8 h) and seasons by duration (dry 7/12, monsoon 5/12). Applied to each facility's central-scenario electricity by the state it draws load from.",15a_mef_kilthub.R -> 15b_marginal_mef.R,""
"Marginal emission factor, SO2","grid, marginal (pollutants and marginal CO2)",Chhattisgarh,central,6.1884,kg per MWh of electricity,yes: 2 operating facilities draw load in this state,"Sengupta, Adams, Deetjen, Kamboj, Tongia, Azevedo (2022) marginal emission factors for Indian power generation, 2017-18 simulation; KiltHub doi:10.1184/R1/19359989 (CC BY 4.0)","Annual flat-load factor: five daily periods weighted by duration (morning peak, midday, afternoon, evening peak 4 h each; overnight 8 h) and seasons by duration (dry 7/12, monsoon 5/12). Applied to each facility's central-scenario electricity by the state it draws load from.",15a_mef_kilthub.R -> 15b_marginal_mef.R,""
"Marginal emission factor, NOX","grid, marginal (pollutants and marginal CO2)",Chhattisgarh,central,3.5823,kg per MWh of electricity,yes: 2 operating facilities draw load in this state,"Sengupta, Adams, Deetjen, Kamboj, Tongia, Azevedo (2022) marginal emission factors for Indian power generation, 2017-18 simulation; KiltHub doi:10.1184/R1/19359989 (CC BY 4.0)","Annual flat-load factor: five daily periods weighted by duration (morning peak, midday, afternoon, evening peak 4 h each; overnight 8 h) and seasons by duration (dry 7/12, monsoon 5/12). Applied to each facility's central-scenario electricity by the state it draws load from.",15a_mef_kilthub.R -> 15b_marginal_mef.R,""
"Marginal emission factor, PM2.5","grid, marginal (pollutants and marginal CO2)",Chhattisgarh,central,0.65545,kg per MWh of electricity,yes: 2 operating facilities draw load in this state,"Sengupta, Adams, Deetjen, Kamboj, Tongia, Azevedo (2022) marginal emission factors for Indian power generation, 2017-18 simulation; KiltHub doi:10.1184/R1/19359989 (CC BY 4.0)","Annual flat-load factor: five daily periods weighted by duration (morning peak, midday, afternoon, evening peak 4 h each; overnight 8 h) and seasons by duration (dry 7/12, monsoon 5/12). Applied to each facility's central-scenario electricity by the state it draws load from.",15a_mef_kilthub.R -> 15b_marginal_mef.R,""
"Marginal emission factor, CO2","grid, marginal (pollutants and marginal CO2)",Delhi,central,777.35,kg per MWh of electricity,yes: 6 operating facilities draw load in this state,"Sengupta, Adams, Deetjen, Kamboj, Tongia, Azevedo (2022) marginal emission factors for Indian power generation, 2017-18 simulation; KiltHub doi:10.1184/R1/19359989 (CC BY 4.0)","Annual flat-load factor: five daily periods weighted by duration (morning peak, midday, afternoon, evening peak 4 h each; overnight 8 h) and seasons by duration (dry 7/12, monsoon 5/12). Applied to each facility's central-scenario electricity by the state it draws load from.",15a_mef_kilthub.R -> 15b_marginal_mef.R,""
"Marginal emission factor, SO2","grid, marginal (pollutants and marginal CO2)",Delhi,central,4.6991,kg per MWh of electricity,yes: 6 operating facilities draw load in this state,"Sengupta, Adams, Deetjen, Kamboj, Tongia, Azevedo (2022) marginal emission factors for Indian power generation, 2017-18 simulation; KiltHub doi:10.1184/R1/19359989 (CC BY 4.0)","Annual flat-load factor: five daily periods weighted by duration (morning peak, midday, afternoon, evening peak 4 h each; overnight 8 h) and seasons by duration (dry 7/12, monsoon 5/12). Applied to each facility's central-scenario electricity by the state it draws load from.",15a_mef_kilthub.R -> 15b_marginal_mef.R,""
"Marginal emission factor, NOX","grid, marginal (pollutants and marginal CO2)",Delhi,central,3.0057,kg per MWh of electricity,yes: 6 operating facilities draw load in this state,"Sengupta, Adams, Deetjen, Kamboj, Tongia, Azevedo (2022) marginal emission factors for Indian power generation, 2017-18 simulation; KiltHub doi:10.1184/R1/19359989 (CC BY 4.0)","Annual flat-load factor: five daily periods weighted by duration (morning peak, midday, afternoon, evening peak 4 h each; overnight 8 h) and seasons by duration (dry 7/12, monsoon 5/12). Applied to each facility's central-scenario electricity by the state it draws load from.",15a_mef_kilthub.R -> 15b_marginal_mef.R,""
"Marginal emission factor, PM2.5","grid, marginal (pollutants and marginal CO2)",Delhi,central,0.48768,kg per MWh of electricity,yes: 6 operating facilities draw load in this state,"Sengupta, Adams, Deetjen, Kamboj, Tongia, Azevedo (2022) marginal emission factors for Indian power generation, 2017-18 simulation; KiltHub doi:10.1184/R1/19359989 (CC BY 4.0)","Annual flat-load factor: five daily periods weighted by duration (morning peak, midday, afternoon, evening peak 4 h each; overnight 8 h) and seasons by duration (dry 7/12, monsoon 5/12). Applied to each facility's central-scenario electricity by the state it draws load from.",15a_mef_kilthub.R -> 15b_marginal_mef.R,""
"Marginal emission factor, CO2","grid, marginal (pollutants and marginal CO2)",Goa,central,854.86,kg per MWh of electricity,yes: 1 operating facilities draw load in this state,"Sengupta, Adams, Deetjen, Kamboj, Tongia, Azevedo (2022) marginal emission factors for Indian power generation, 2017-18 simulation; KiltHub doi:10.1184/R1/19359989 (CC BY 4.0)","Annual flat-load factor: five daily periods weighted by duration (morning peak, midday, afternoon, evening peak 4 h each; overnight 8 h) and seasons by duration (dry 7/12, monsoon 5/12). Applied to each facility's central-scenario electricity by the state it draws load from.",15a_mef_kilthub.R -> 15b_marginal_mef.R,""
"Marginal emission factor, SO2","grid, marginal (pollutants and marginal CO2)",Goa,central,5.3616,kg per MWh of electricity,yes: 1 operating facilities draw load in this state,"Sengupta, Adams, Deetjen, Kamboj, Tongia, Azevedo (2022) marginal emission factors for Indian power generation, 2017-18 simulation; KiltHub doi:10.1184/R1/19359989 (CC BY 4.0)","Annual flat-load factor: five daily periods weighted by duration (morning peak, midday, afternoon, evening peak 4 h each; overnight 8 h) and seasons by duration (dry 7/12, monsoon 5/12). Applied to each facility's central-scenario electricity by the state it draws load from.",15a_mef_kilthub.R -> 15b_marginal_mef.R,""
"Marginal emission factor, NOX","grid, marginal (pollutants and marginal CO2)",Goa,central,3.3286,kg per MWh of electricity,yes: 1 operating facilities draw load in this state,"Sengupta, Adams, Deetjen, Kamboj, Tongia, Azevedo (2022) marginal emission factors for Indian power generation, 2017-18 simulation; KiltHub doi:10.1184/R1/19359989 (CC BY 4.0)","Annual flat-load factor: five daily periods weighted by duration (morning peak, midday, afternoon, evening peak 4 h each; overnight 8 h) and seasons by duration (dry 7/12, monsoon 5/12). Applied to each facility's central-scenario electricity by the state it draws load from.",15a_mef_kilthub.R -> 15b_marginal_mef.R,""
"Marginal emission factor, PM2.5","grid, marginal (pollutants and marginal CO2)",Goa,central,0.56736,kg per MWh of electricity,yes: 1 operating facilities draw load in this state,"Sengupta, Adams, Deetjen, Kamboj, Tongia, Azevedo (2022) marginal emission factors for Indian power generation, 2017-18 simulation; KiltHub doi:10.1184/R1/19359989 (CC BY 4.0)","Annual flat-load factor: five daily periods weighted by duration (morning peak, midday, afternoon, evening peak 4 h each; overnight 8 h) and seasons by duration (dry 7/12, monsoon 5/12). Applied to each facility's central-scenario electricity by the state it draws load from.",15a_mef_kilthub.R -> 15b_marginal_mef.R,""
"Marginal emission factor, CO2","grid, marginal (pollutants and marginal CO2)",Gujarat,central,571.04,kg per MWh of electricity,yes: 10 operating facilities draw load in this state,"Sengupta, Adams, Deetjen, Kamboj, Tongia, Azevedo (2022) marginal emission factors for Indian power generation, 2017-18 simulation; KiltHub doi:10.1184/R1/19359989 (CC BY 4.0)","Annual flat-load factor: five daily periods weighted by duration (morning peak, midday, afternoon, evening peak 4 h each; overnight 8 h) and seasons by duration (dry 7/12, monsoon 5/12). Applied to each facility's central-scenario electricity by the state it draws load from.",15a_mef_kilthub.R -> 15b_marginal_mef.R,""
"Marginal emission factor, SO2","grid, marginal (pollutants and marginal CO2)",Gujarat,central,2.0058,kg per MWh of electricity,yes: 10 operating facilities draw load in this state,"Sengupta, Adams, Deetjen, Kamboj, Tongia, Azevedo (2022) marginal emission factors for Indian power generation, 2017-18 simulation; KiltHub doi:10.1184/R1/19359989 (CC BY 4.0)","Annual flat-load factor: five daily periods weighted by duration (morning peak, midday, afternoon, evening peak 4 h each; overnight 8 h) and seasons by duration (dry 7/12, monsoon 5/12). Applied to each facility's central-scenario electricity by the state it draws load from.",15a_mef_kilthub.R -> 15b_marginal_mef.R,""
"Marginal emission factor, NOX","grid, marginal (pollutants and marginal CO2)",Gujarat,central,3.0794,kg per MWh of electricity,yes: 10 operating facilities draw load in this state,"Sengupta, Adams, Deetjen, Kamboj, Tongia, Azevedo (2022) marginal emission factors for Indian power generation, 2017-18 simulation; KiltHub doi:10.1184/R1/19359989 (CC BY 4.0)","Annual flat-load factor: five daily periods weighted by duration (morning peak, midday, afternoon, evening peak 4 h each; overnight 8 h) and seasons by duration (dry 7/12, monsoon 5/12). Applied to each facility's central-scenario electricity by the state it draws load from.",15a_mef_kilthub.R -> 15b_marginal_mef.R,""
"Marginal emission factor, PM2.5","grid, marginal (pollutants and marginal CO2)",Gujarat,central,0.20635,kg per MWh of electricity,yes: 10 operating facilities draw load in this state,"Sengupta, Adams, Deetjen, Kamboj, Tongia, Azevedo (2022) marginal emission factors for Indian power generation, 2017-18 simulation; KiltHub doi:10.1184/R1/19359989 (CC BY 4.0)","Annual flat-load factor: five daily periods weighted by duration (morning peak, midday, afternoon, evening peak 4 h each; overnight 8 h) and seasons by duration (dry 7/12, monsoon 5/12). Applied to each facility's central-scenario electricity by the state it draws load from.",15a_mef_kilthub.R -> 15b_marginal_mef.R,""
"Marginal emission factor, CO2","grid, marginal (pollutants and marginal CO2)",Haryana,central,760.81,kg per MWh of electricity,yes: 13 operating facilities draw load in this state,"Sengupta, Adams, Deetjen, Kamboj, Tongia, Azevedo (2022) marginal emission factors for Indian power generation, 2017-18 simulation; KiltHub doi:10.1184/R1/19359989 (CC BY 4.0)","Annual flat-load factor: five daily periods weighted by duration (morning peak, midday, afternoon, evening peak 4 h each; overnight 8 h) and seasons by duration (dry 7/12, monsoon 5/12). Applied to each facility's central-scenario electricity by the state it draws load from.",15a_mef_kilthub.R -> 15b_marginal_mef.R,""
"Marginal emission factor, SO2","grid, marginal (pollutants and marginal CO2)",Haryana,central,4.5995,kg per MWh of electricity,yes: 13 operating facilities draw load in this state,"Sengupta, Adams, Deetjen, Kamboj, Tongia, Azevedo (2022) marginal emission factors for Indian power generation, 2017-18 simulation; KiltHub doi:10.1184/R1/19359989 (CC BY 4.0)","Annual flat-load factor: five daily periods weighted by duration (morning peak, midday, afternoon, evening peak 4 h each; overnight 8 h) and seasons by duration (dry 7/12, monsoon 5/12). Applied to each facility's central-scenario electricity by the state it draws load from.",15a_mef_kilthub.R -> 15b_marginal_mef.R,""
"Marginal emission factor, NOX","grid, marginal (pollutants and marginal CO2)",Haryana,central,3.1192,kg per MWh of electricity,yes: 13 operating facilities draw load in this state,"Sengupta, Adams, Deetjen, Kamboj, Tongia, Azevedo (2022) marginal emission factors for Indian power generation, 2017-18 simulation; KiltHub doi:10.1184/R1/19359989 (CC BY 4.0)","Annual flat-load factor: five daily periods weighted by duration (morning peak, midday, afternoon, evening peak 4 h each; overnight 8 h) and seasons by duration (dry 7/12, monsoon 5/12). Applied to each facility's central-scenario electricity by the state it draws load from.",15a_mef_kilthub.R -> 15b_marginal_mef.R,""
"Marginal emission factor, PM2.5","grid, marginal (pollutants and marginal CO2)",Haryana,central,0.46153,kg per MWh of electricity,yes: 13 operating facilities draw load in this state,"Sengupta, Adams, Deetjen, Kamboj, Tongia, Azevedo (2022) marginal emission factors for Indian power generation, 2017-18 simulation; KiltHub doi:10.1184/R1/19359989 (CC BY 4.0)","Annual flat-load factor: five daily periods weighted by duration (morning peak, midday, afternoon, evening peak 4 h each; overnight 8 h) and seasons by duration (dry 7/12, monsoon 5/12). Applied to each facility's central-scenario electricity by the state it draws load from.",15a_mef_kilthub.R -> 15b_marginal_mef.R,""
"Marginal emission factor, CO2","grid, marginal (pollutants and marginal CO2)",Himachal Pradesh,central,78.598,kg per MWh of electricity,yes: 1 operating facilities draw load in this state,"Sengupta, Adams, Deetjen, Kamboj, Tongia, Azevedo (2022) marginal emission factors for Indian power generation, 2017-18 simulation; KiltHub doi:10.1184/R1/19359989 (CC BY 4.0)","Annual flat-load factor: five daily periods weighted by duration (morning peak, midday, afternoon, evening peak 4 h each; overnight 8 h) and seasons by duration (dry 7/12, monsoon 5/12). Applied to each facility's central-scenario electricity by the state it draws load from.",15a_mef_kilthub.R -> 15b_marginal_mef.R,""
"Marginal emission factor, SO2","grid, marginal (pollutants and marginal CO2)",Himachal Pradesh,central,0.50011,kg per MWh of electricity,yes: 1 operating facilities draw load in this state,"Sengupta, Adams, Deetjen, Kamboj, Tongia, Azevedo (2022) marginal emission factors for Indian power generation, 2017-18 simulation; KiltHub doi:10.1184/R1/19359989 (CC BY 4.0)","Annual flat-load factor: five daily periods weighted by duration (morning peak, midday, afternoon, evening peak 4 h each; overnight 8 h) and seasons by duration (dry 7/12, monsoon 5/12). Applied to each facility's central-scenario electricity by the state it draws load from.",15a_mef_kilthub.R -> 15b_marginal_mef.R,""
"Marginal emission factor, NOX","grid, marginal (pollutants and marginal CO2)",Himachal Pradesh,central,0.29806,kg per MWh of electricity,yes: 1 operating facilities draw load in this state,"Sengupta, Adams, Deetjen, Kamboj, Tongia, Azevedo (2022) marginal emission factors for Indian power generation, 2017-18 simulation; KiltHub doi:10.1184/R1/19359989 (CC BY 4.0)","Annual flat-load factor: five daily periods weighted by duration (morning peak, midday, afternoon, evening peak 4 h each; overnight 8 h) and seasons by duration (dry 7/12, monsoon 5/12). Applied to each facility's central-scenario electricity by the state it draws load from.",15a_mef_kilthub.R -> 15b_marginal_mef.R,""
"Marginal emission factor, PM2.5","grid, marginal (pollutants and marginal CO2)",Himachal Pradesh,central,0.054204,kg per MWh of electricity,yes: 1 operating facilities draw load in this state,"Sengupta, Adams, Deetjen, Kamboj, Tongia, Azevedo (2022) marginal emission factors for Indian power generation, 2017-18 simulation; KiltHub doi:10.1184/R1/19359989 (CC BY 4.0)","Annual flat-load factor: five daily periods weighted by duration (morning peak, midday, afternoon, evening peak 4 h each; overnight 8 h) and seasons by duration (dry 7/12, monsoon 5/12). Applied to each facility's central-scenario electricity by the state it draws load from.",15a_mef_kilthub.R -> 15b_marginal_mef.R,""
"Marginal emission factor, CO2","grid, marginal (pollutants and marginal CO2)",Jammu & Kashmir,central,165.18,kg per MWh of electricity,no operating facility draws load in this state,"Sengupta, Adams, Deetjen, Kamboj, Tongia, Azevedo (2022) marginal emission factors for Indian power generation, 2017-18 simulation; KiltHub doi:10.1184/R1/19359989 (CC BY 4.0)","Annual flat-load factor: five daily periods weighted by duration (morning peak, midday, afternoon, evening peak 4 h each; overnight 8 h) and seasons by duration (dry 7/12, monsoon 5/12). Applied to each facility's central-scenario electricity by the state it draws load from.",15a_mef_kilthub.R -> 15b_marginal_mef.R,""
"Marginal emission factor, SO2","grid, marginal (pollutants and marginal CO2)",Jammu & Kashmir,central,0.98031,kg per MWh of electricity,no operating facility draws load in this state,"Sengupta, Adams, Deetjen, Kamboj, Tongia, Azevedo (2022) marginal emission factors for Indian power generation, 2017-18 simulation; KiltHub doi:10.1184/R1/19359989 (CC BY 4.0)","Annual flat-load factor: five daily periods weighted by duration (morning peak, midday, afternoon, evening peak 4 h each; overnight 8 h) and seasons by duration (dry 7/12, monsoon 5/12). Applied to each facility's central-scenario electricity by the state it draws load from.",15a_mef_kilthub.R -> 15b_marginal_mef.R,""
"Marginal emission factor, NOX","grid, marginal (pollutants and marginal CO2)",Jammu & Kashmir,central,0.65934,kg per MWh of electricity,no operating facility draws load in this state,"Sengupta, Adams, Deetjen, Kamboj, Tongia, Azevedo (2022) marginal emission factors for Indian power generation, 2017-18 simulation; KiltHub doi:10.1184/R1/19359989 (CC BY 4.0)","Annual flat-load factor: five daily periods weighted by duration (morning peak, midday, afternoon, evening peak 4 h each; overnight 8 h) and seasons by duration (dry 7/12, monsoon 5/12). Applied to each facility's central-scenario electricity by the state it draws load from.",15a_mef_kilthub.R -> 15b_marginal_mef.R,""
"Marginal emission factor, PM2.5","grid, marginal (pollutants and marginal CO2)",Jammu & Kashmir,central,0.10078,kg per MWh of electricity,no operating facility draws load in this state,"Sengupta, Adams, Deetjen, Kamboj, Tongia, Azevedo (2022) marginal emission factors for Indian power generation, 2017-18 simulation; KiltHub doi:10.1184/R1/19359989 (CC BY 4.0)","Annual flat-load factor: five daily periods weighted by duration (morning peak, midday, afternoon, evening peak 4 h each; overnight 8 h) and seasons by duration (dry 7/12, monsoon 5/12). Applied to each facility's central-scenario electricity by the state it draws load from.",15a_mef_kilthub.R -> 15b_marginal_mef.R,""
"Marginal emission factor, CO2","grid, marginal (pollutants and marginal CO2)",Jharkhand,central,868.65,kg per MWh of electricity,no operating facility draws load in this state,"Sengupta, Adams, Deetjen, Kamboj, Tongia, Azevedo (2022) marginal emission factors for Indian power generation, 2017-18 simulation; KiltHub doi:10.1184/R1/19359989 (CC BY 4.0)","Annual flat-load factor: five daily periods weighted by duration (morning peak, midday, afternoon, evening peak 4 h each; overnight 8 h) and seasons by duration (dry 7/12, monsoon 5/12). Applied to each facility's central-scenario electricity by the state it draws load from.",15a_mef_kilthub.R -> 15b_marginal_mef.R,""
"Marginal emission factor, SO2","grid, marginal (pollutants and marginal CO2)",Jharkhand,central,5.609,kg per MWh of electricity,no operating facility draws load in this state,"Sengupta, Adams, Deetjen, Kamboj, Tongia, Azevedo (2022) marginal emission factors for Indian power generation, 2017-18 simulation; KiltHub doi:10.1184/R1/19359989 (CC BY 4.0)","Annual flat-load factor: five daily periods weighted by duration (morning peak, midday, afternoon, evening peak 4 h each; overnight 8 h) and seasons by duration (dry 7/12, monsoon 5/12). Applied to each facility's central-scenario electricity by the state it draws load from.",15a_mef_kilthub.R -> 15b_marginal_mef.R,""
"Marginal emission factor, NOX","grid, marginal (pollutants and marginal CO2)",Jharkhand,central,3.2769,kg per MWh of electricity,no operating facility draws load in this state,"Sengupta, Adams, Deetjen, Kamboj, Tongia, Azevedo (2022) marginal emission factors for Indian power generation, 2017-18 simulation; KiltHub doi:10.1184/R1/19359989 (CC BY 4.0)","Annual flat-load factor: five daily periods weighted by duration (morning peak, midday, afternoon, evening peak 4 h each; overnight 8 h) and seasons by duration (dry 7/12, monsoon 5/12). Applied to each facility's central-scenario electricity by the state it draws load from.",15a_mef_kilthub.R -> 15b_marginal_mef.R,""
"Marginal emission factor, PM2.5","grid, marginal (pollutants and marginal CO2)",Jharkhand,central,0.59963,kg per MWh of electricity,no operating facility draws load in this state,"Sengupta, Adams, Deetjen, Kamboj, Tongia, Azevedo (2022) marginal emission factors for Indian power generation, 2017-18 simulation; KiltHub doi:10.1184/R1/19359989 (CC BY 4.0)","Annual flat-load factor: five daily periods weighted by duration (morning peak, midday, afternoon, evening peak 4 h each; overnight 8 h) and seasons by duration (dry 7/12, monsoon 5/12). Applied to each facility's central-scenario electricity by the state it draws load from.",15a_mef_kilthub.R -> 15b_marginal_mef.R,""
"Marginal emission factor, CO2","grid, marginal (pollutants and marginal CO2)",Karnataka,central,780.98,kg per MWh of electricity,yes: 30 operating facilities draw load in this state,"Sengupta, Adams, Deetjen, Kamboj, Tongia, Azevedo (2022) marginal emission factors for Indian power generation, 2017-18 simulation; KiltHub doi:10.1184/R1/19359989 (CC BY 4.0)","Annual flat-load factor: five daily periods weighted by duration (morning peak, midday, afternoon, evening peak 4 h each; overnight 8 h) and seasons by duration (dry 7/12, monsoon 5/12). Applied to each facility's central-scenario electricity by the state it draws load from.",15a_mef_kilthub.R -> 15b_marginal_mef.R,""
"Marginal emission factor, SO2","grid, marginal (pollutants and marginal CO2)",Karnataka,central,10.221,kg per MWh of electricity,yes: 30 operating facilities draw load in this state,"Sengupta, Adams, Deetjen, Kamboj, Tongia, Azevedo (2022) marginal emission factors for Indian power generation, 2017-18 simulation; KiltHub doi:10.1184/R1/19359989 (CC BY 4.0)","Annual flat-load factor: five daily periods weighted by duration (morning peak, midday, afternoon, evening peak 4 h each; overnight 8 h) and seasons by duration (dry 7/12, monsoon 5/12). Applied to each facility's central-scenario electricity by the state it draws load from.",15a_mef_kilthub.R -> 15b_marginal_mef.R,""
"Marginal emission factor, NOX","grid, marginal (pollutants and marginal CO2)",Karnataka,central,2.4185,kg per MWh of electricity,yes: 30 operating facilities draw load in this state,"Sengupta, Adams, Deetjen, Kamboj, Tongia, Azevedo (2022) marginal emission factors for Indian power generation, 2017-18 simulation; KiltHub doi:10.1184/R1/19359989 (CC BY 4.0)","Annual flat-load factor: five daily periods weighted by duration (morning peak, midday, afternoon, evening peak 4 h each; overnight 8 h) and seasons by duration (dry 7/12, monsoon 5/12). Applied to each facility's central-scenario electricity by the state it draws load from.",15a_mef_kilthub.R -> 15b_marginal_mef.R,""
"Marginal emission factor, PM2.5","grid, marginal (pollutants and marginal CO2)",Karnataka,central,0.43631,kg per MWh of electricity,yes: 30 operating facilities draw load in this state,"Sengupta, Adams, Deetjen, Kamboj, Tongia, Azevedo (2022) marginal emission factors for Indian power generation, 2017-18 simulation; KiltHub doi:10.1184/R1/19359989 (CC BY 4.0)","Annual flat-load factor: five daily periods weighted by duration (morning peak, midday, afternoon, evening peak 4 h each; overnight 8 h) and seasons by duration (dry 7/12, monsoon 5/12). Applied to each facility's central-scenario electricity by the state it draws load from.",15a_mef_kilthub.R -> 15b_marginal_mef.R,""
"Marginal emission factor, CO2","grid, marginal (pollutants and marginal CO2)",Kerala,central,459.18,kg per MWh of electricity,yes: 9 operating facilities draw load in this state,"Sengupta, Adams, Deetjen, Kamboj, Tongia, Azevedo (2022) marginal emission factors for Indian power generation, 2017-18 simulation; KiltHub doi:10.1184/R1/19359989 (CC BY 4.0)","Annual flat-load factor: five daily periods weighted by duration (morning peak, midday, afternoon, evening peak 4 h each; overnight 8 h) and seasons by duration (dry 7/12, monsoon 5/12). Applied to each facility's central-scenario electricity by the state it draws load from.",15a_mef_kilthub.R -> 15b_marginal_mef.R,""
"Marginal emission factor, SO2","grid, marginal (pollutants and marginal CO2)",Kerala,central,6.3718,kg per MWh of electricity,yes: 9 operating facilities draw load in this state,"Sengupta, Adams, Deetjen, Kamboj, Tongia, Azevedo (2022) marginal emission factors for Indian power generation, 2017-18 simulation; KiltHub doi:10.1184/R1/19359989 (CC BY 4.0)","Annual flat-load factor: five daily periods weighted by duration (morning peak, midday, afternoon, evening peak 4 h each; overnight 8 h) and seasons by duration (dry 7/12, monsoon 5/12). Applied to each facility's central-scenario electricity by the state it draws load from.",15a_mef_kilthub.R -> 15b_marginal_mef.R,""
"Marginal emission factor, NOX","grid, marginal (pollutants and marginal CO2)",Kerala,central,1.6054,kg per MWh of electricity,yes: 9 operating facilities draw load in this state,"Sengupta, Adams, Deetjen, Kamboj, Tongia, Azevedo (2022) marginal emission factors for Indian power generation, 2017-18 simulation; KiltHub doi:10.1184/R1/19359989 (CC BY 4.0)","Annual flat-load factor: five daily periods weighted by duration (morning peak, midday, afternoon, evening peak 4 h each; overnight 8 h) and seasons by duration (dry 7/12, monsoon 5/12). Applied to each facility's central-scenario electricity by the state it draws load from.",15a_mef_kilthub.R -> 15b_marginal_mef.R,""
"Marginal emission factor, PM2.5","grid, marginal (pollutants and marginal CO2)",Kerala,central,0.15439,kg per MWh of electricity,yes: 9 operating facilities draw load in this state,"Sengupta, Adams, Deetjen, Kamboj, Tongia, Azevedo (2022) marginal emission factors for Indian power generation, 2017-18 simulation; KiltHub doi:10.1184/R1/19359989 (CC BY 4.0)","Annual flat-load factor: five daily periods weighted by duration (morning peak, midday, afternoon, evening peak 4 h each; overnight 8 h) and seasons by duration (dry 7/12, monsoon 5/12). Applied to each facility's central-scenario electricity by the state it draws load from.",15a_mef_kilthub.R -> 15b_marginal_mef.R,""
"Marginal emission factor, CO2","grid, marginal (pollutants and marginal CO2)",Madhya Pradesh,central,891.67,kg per MWh of electricity,yes: 3 operating facilities draw load in this state,"Sengupta, Adams, Deetjen, Kamboj, Tongia, Azevedo (2022) marginal emission factors for Indian power generation, 2017-18 simulation; KiltHub doi:10.1184/R1/19359989 (CC BY 4.0)","Annual flat-load factor: five daily periods weighted by duration (morning peak, midday, afternoon, evening peak 4 h each; overnight 8 h) and seasons by duration (dry 7/12, monsoon 5/12). Applied to each facility's central-scenario electricity by the state it draws load from.",15a_mef_kilthub.R -> 15b_marginal_mef.R,""
"Marginal emission factor, SO2","grid, marginal (pollutants and marginal CO2)",Madhya Pradesh,central,5.5298,kg per MWh of electricity,yes: 3 operating facilities draw load in this state,"Sengupta, Adams, Deetjen, Kamboj, Tongia, Azevedo (2022) marginal emission factors for Indian power generation, 2017-18 simulation; KiltHub doi:10.1184/R1/19359989 (CC BY 4.0)","Annual flat-load factor: five daily periods weighted by duration (morning peak, midday, afternoon, evening peak 4 h each; overnight 8 h) and seasons by duration (dry 7/12, monsoon 5/12). Applied to each facility's central-scenario electricity by the state it draws load from.",15a_mef_kilthub.R -> 15b_marginal_mef.R,""
"Marginal emission factor, NOX","grid, marginal (pollutants and marginal CO2)",Madhya Pradesh,central,3.492,kg per MWh of electricity,yes: 3 operating facilities draw load in this state,"Sengupta, Adams, Deetjen, Kamboj, Tongia, Azevedo (2022) marginal emission factors for Indian power generation, 2017-18 simulation; KiltHub doi:10.1184/R1/19359989 (CC BY 4.0)","Annual flat-load factor: five daily periods weighted by duration (morning peak, midday, afternoon, evening peak 4 h each; overnight 8 h) and seasons by duration (dry 7/12, monsoon 5/12). Applied to each facility's central-scenario electricity by the state it draws load from.",15a_mef_kilthub.R -> 15b_marginal_mef.R,""
"Marginal emission factor, PM2.5","grid, marginal (pollutants and marginal CO2)",Madhya Pradesh,central,0.58537,kg per MWh of electricity,yes: 3 operating facilities draw load in this state,"Sengupta, Adams, Deetjen, Kamboj, Tongia, Azevedo (2022) marginal emission factors for Indian power generation, 2017-18 simulation; KiltHub doi:10.1184/R1/19359989 (CC BY 4.0)","Annual flat-load factor: five daily periods weighted by duration (morning peak, midday, afternoon, evening peak 4 h each; overnight 8 h) and seasons by duration (dry 7/12, monsoon 5/12). Applied to each facility's central-scenario electricity by the state it draws load from.",15a_mef_kilthub.R -> 15b_marginal_mef.R,""
"Marginal emission factor, CO2","grid, marginal (pollutants and marginal CO2)",Maharashtra,central,706.83,kg per MWh of electricity,yes: 64 operating facilities draw load in this state,"Sengupta, Adams, Deetjen, Kamboj, Tongia, Azevedo (2022) marginal emission factors for Indian power generation, 2017-18 simulation; KiltHub doi:10.1184/R1/19359989 (CC BY 4.0)","Annual flat-load factor: five daily periods weighted by duration (morning peak, midday, afternoon, evening peak 4 h each; overnight 8 h) and seasons by duration (dry 7/12, monsoon 5/12). Applied to each facility's central-scenario electricity by the state it draws load from.",15a_mef_kilthub.R -> 15b_marginal_mef.R,""
"Marginal emission factor, SO2","grid, marginal (pollutants and marginal CO2)",Maharashtra,central,3.6387,kg per MWh of electricity,yes: 64 operating facilities draw load in this state,"Sengupta, Adams, Deetjen, Kamboj, Tongia, Azevedo (2022) marginal emission factors for Indian power generation, 2017-18 simulation; KiltHub doi:10.1184/R1/19359989 (CC BY 4.0)","Annual flat-load factor: five daily periods weighted by duration (morning peak, midday, afternoon, evening peak 4 h each; overnight 8 h) and seasons by duration (dry 7/12, monsoon 5/12). Applied to each facility's central-scenario electricity by the state it draws load from.",15a_mef_kilthub.R -> 15b_marginal_mef.R,""
"Marginal emission factor, NOX","grid, marginal (pollutants and marginal CO2)",Maharashtra,central,3.1151,kg per MWh of electricity,yes: 64 operating facilities draw load in this state,"Sengupta, Adams, Deetjen, Kamboj, Tongia, Azevedo (2022) marginal emission factors for Indian power generation, 2017-18 simulation; KiltHub doi:10.1184/R1/19359989 (CC BY 4.0)","Annual flat-load factor: five daily periods weighted by duration (morning peak, midday, afternoon, evening peak 4 h each; overnight 8 h) and seasons by duration (dry 7/12, monsoon 5/12). Applied to each facility's central-scenario electricity by the state it draws load from.",15a_mef_kilthub.R -> 15b_marginal_mef.R,""
"Marginal emission factor, PM2.5","grid, marginal (pollutants and marginal CO2)",Maharashtra,central,0.38721,kg per MWh of electricity,yes: 64 operating facilities draw load in this state,"Sengupta, Adams, Deetjen, Kamboj, Tongia, Azevedo (2022) marginal emission factors for Indian power generation, 2017-18 simulation; KiltHub doi:10.1184/R1/19359989 (CC BY 4.0)","Annual flat-load factor: five daily periods weighted by duration (morning peak, midday, afternoon, evening peak 4 h each; overnight 8 h) and seasons by duration (dry 7/12, monsoon 5/12). Applied to each facility's central-scenario electricity by the state it draws load from.",15a_mef_kilthub.R -> 15b_marginal_mef.R,""
"Marginal emission factor, CO2","grid, marginal (pollutants and marginal CO2)",Manipur,central,448.37,kg per MWh of electricity,no operating facility draws load in this state,"Sengupta, Adams, Deetjen, Kamboj, Tongia, Azevedo (2022) marginal emission factors for Indian power generation, 2017-18 simulation; KiltHub doi:10.1184/R1/19359989 (CC BY 4.0)","Annual flat-load factor: five daily periods weighted by duration (morning peak, midday, afternoon, evening peak 4 h each; overnight 8 h) and seasons by duration (dry 7/12, monsoon 5/12). Applied to each facility's central-scenario electricity by the state it draws load from.",15a_mef_kilthub.R -> 15b_marginal_mef.R,""
"Marginal emission factor, SO2","grid, marginal (pollutants and marginal CO2)",Manipur,central,1.4994,kg per MWh of electricity,no operating facility draws load in this state,"Sengupta, Adams, Deetjen, Kamboj, Tongia, Azevedo (2022) marginal emission factors for Indian power generation, 2017-18 simulation; KiltHub doi:10.1184/R1/19359989 (CC BY 4.0)","Annual flat-load factor: five daily periods weighted by duration (morning peak, midday, afternoon, evening peak 4 h each; overnight 8 h) and seasons by duration (dry 7/12, monsoon 5/12). Applied to each facility's central-scenario electricity by the state it draws load from.",15a_mef_kilthub.R -> 15b_marginal_mef.R,""
"Marginal emission factor, NOX","grid, marginal (pollutants and marginal CO2)",Manipur,central,2.2606,kg per MWh of electricity,no operating facility draws load in this state,"Sengupta, Adams, Deetjen, Kamboj, Tongia, Azevedo (2022) marginal emission factors for Indian power generation, 2017-18 simulation; KiltHub doi:10.1184/R1/19359989 (CC BY 4.0)","Annual flat-load factor: five daily periods weighted by duration (morning peak, midday, afternoon, evening peak 4 h each; overnight 8 h) and seasons by duration (dry 7/12, monsoon 5/12). Applied to each facility's central-scenario electricity by the state it draws load from.",15a_mef_kilthub.R -> 15b_marginal_mef.R,""
"Marginal emission factor, PM2.5","grid, marginal (pollutants and marginal CO2)",Manipur,central,0.15867,kg per MWh of electricity,no operating facility draws load in this state,"Sengupta, Adams, Deetjen, Kamboj, Tongia, Azevedo (2022) marginal emission factors for Indian power generation, 2017-18 simulation; KiltHub doi:10.1184/R1/19359989 (CC BY 4.0)","Annual flat-load factor: five daily periods weighted by duration (morning peak, midday, afternoon, evening peak 4 h each; overnight 8 h) and seasons by duration (dry 7/12, monsoon 5/12). Applied to each facility's central-scenario electricity by the state it draws load from.",15a_mef_kilthub.R -> 15b_marginal_mef.R,""
"Marginal emission factor, CO2","grid, marginal (pollutants and marginal CO2)",Meghalaya,central,149.25,kg per MWh of electricity,no operating facility draws load in this state,"Sengupta, Adams, Deetjen, Kamboj, Tongia, Azevedo (2022) marginal emission factors for Indian power generation, 2017-18 simulation; KiltHub doi:10.1184/R1/19359989 (CC BY 4.0)","Annual flat-load factor: five daily periods weighted by duration (morning peak, midday, afternoon, evening peak 4 h each; overnight 8 h) and seasons by duration (dry 7/12, monsoon 5/12). Applied to each facility's central-scenario electricity by the state it draws load from.",15a_mef_kilthub.R -> 15b_marginal_mef.R,""
"Marginal emission factor, SO2","grid, marginal (pollutants and marginal CO2)",Meghalaya,central,0.34739,kg per MWh of electricity,no operating facility draws load in this state,"Sengupta, Adams, Deetjen, Kamboj, Tongia, Azevedo (2022) marginal emission factors for Indian power generation, 2017-18 simulation; KiltHub doi:10.1184/R1/19359989 (CC BY 4.0)","Annual flat-load factor: five daily periods weighted by duration (morning peak, midday, afternoon, evening peak 4 h each; overnight 8 h) and seasons by duration (dry 7/12, monsoon 5/12). Applied to each facility's central-scenario electricity by the state it draws load from.",15a_mef_kilthub.R -> 15b_marginal_mef.R,""
"Marginal emission factor, NOX","grid, marginal (pollutants and marginal CO2)",Meghalaya,central,0.76715,kg per MWh of electricity,no operating facility draws load in this state,"Sengupta, Adams, Deetjen, Kamboj, Tongia, Azevedo (2022) marginal emission factors for Indian power generation, 2017-18 simulation; KiltHub doi:10.1184/R1/19359989 (CC BY 4.0)","Annual flat-load factor: five daily periods weighted by duration (morning peak, midday, afternoon, evening peak 4 h each; overnight 8 h) and seasons by duration (dry 7/12, monsoon 5/12). Applied to each facility's central-scenario electricity by the state it draws load from.",15a_mef_kilthub.R -> 15b_marginal_mef.R,""
"Marginal emission factor, PM2.5","grid, marginal (pollutants and marginal CO2)",Meghalaya,central,0.036748,kg per MWh of electricity,no operating facility draws load in this state,"Sengupta, Adams, Deetjen, Kamboj, Tongia, Azevedo (2022) marginal emission factors for Indian power generation, 2017-18 simulation; KiltHub doi:10.1184/R1/19359989 (CC BY 4.0)","Annual flat-load factor: five daily periods weighted by duration (morning peak, midday, afternoon, evening peak 4 h each; overnight 8 h) and seasons by duration (dry 7/12, monsoon 5/12). Applied to each facility's central-scenario electricity by the state it draws load from.",15a_mef_kilthub.R -> 15b_marginal_mef.R,""
"Marginal emission factor, CO2","grid, marginal (pollutants and marginal CO2)",Mizoram,central,475.08,kg per MWh of electricity,no operating facility draws load in this state,"Sengupta, Adams, Deetjen, Kamboj, Tongia, Azevedo (2022) marginal emission factors for Indian power generation, 2017-18 simulation; KiltHub doi:10.1184/R1/19359989 (CC BY 4.0)","Annual flat-load factor: five daily periods weighted by duration (morning peak, midday, afternoon, evening peak 4 h each; overnight 8 h) and seasons by duration (dry 7/12, monsoon 5/12). Applied to each facility's central-scenario electricity by the state it draws load from.",15a_mef_kilthub.R -> 15b_marginal_mef.R,""
"Marginal emission factor, SO2","grid, marginal (pollutants and marginal CO2)",Mizoram,central,2.0292,kg per MWh of electricity,no operating facility draws load in this state,"Sengupta, Adams, Deetjen, Kamboj, Tongia, Azevedo (2022) marginal emission factors for Indian power generation, 2017-18 simulation; KiltHub doi:10.1184/R1/19359989 (CC BY 4.0)","Annual flat-load factor: five daily periods weighted by duration (morning peak, midday, afternoon, evening peak 4 h each; overnight 8 h) and seasons by duration (dry 7/12, monsoon 5/12). Applied to each facility's central-scenario electricity by the state it draws load from.",15a_mef_kilthub.R -> 15b_marginal_mef.R,""
"Marginal emission factor, NOX","grid, marginal (pollutants and marginal CO2)",Mizoram,central,2.2651,kg per MWh of electricity,no operating facility draws load in this state,"Sengupta, Adams, Deetjen, Kamboj, Tongia, Azevedo (2022) marginal emission factors for Indian power generation, 2017-18 simulation; KiltHub doi:10.1184/R1/19359989 (CC BY 4.0)","Annual flat-load factor: five daily periods weighted by duration (morning peak, midday, afternoon, evening peak 4 h each; overnight 8 h) and seasons by duration (dry 7/12, monsoon 5/12). Applied to each facility's central-scenario electricity by the state it draws load from.",15a_mef_kilthub.R -> 15b_marginal_mef.R,""
"Marginal emission factor, PM2.5","grid, marginal (pollutants and marginal CO2)",Mizoram,central,0.21475,kg per MWh of electricity,no operating facility draws load in this state,"Sengupta, Adams, Deetjen, Kamboj, Tongia, Azevedo (2022) marginal emission factors for Indian power generation, 2017-18 simulation; KiltHub doi:10.1184/R1/19359989 (CC BY 4.0)","Annual flat-load factor: five daily periods weighted by duration (morning peak, midday, afternoon, evening peak 4 h each; overnight 8 h) and seasons by duration (dry 7/12, monsoon 5/12). Applied to each facility's central-scenario electricity by the state it draws load from.",15a_mef_kilthub.R -> 15b_marginal_mef.R,""
"Marginal emission factor, CO2","grid, marginal (pollutants and marginal CO2)",Nagaland,central,546.84,kg per MWh of electricity,yes: 1 operating facilities draw load in this state,"Sengupta, Adams, Deetjen, Kamboj, Tongia, Azevedo (2022) marginal emission factors for Indian power generation, 2017-18 simulation; KiltHub doi:10.1184/R1/19359989 (CC BY 4.0)","Annual flat-load factor: five daily periods weighted by duration (morning peak, midday, afternoon, evening peak 4 h each; overnight 8 h) and seasons by duration (dry 7/12, monsoon 5/12). Applied to each facility's central-scenario electricity by the state it draws load from.",15a_mef_kilthub.R -> 15b_marginal_mef.R,""
"Marginal emission factor, SO2","grid, marginal (pollutants and marginal CO2)",Nagaland,central,1.5103,kg per MWh of electricity,yes: 1 operating facilities draw load in this state,"Sengupta, Adams, Deetjen, Kamboj, Tongia, Azevedo (2022) marginal emission factors for Indian power generation, 2017-18 simulation; KiltHub doi:10.1184/R1/19359989 (CC BY 4.0)","Annual flat-load factor: five daily periods weighted by duration (morning peak, midday, afternoon, evening peak 4 h each; overnight 8 h) and seasons by duration (dry 7/12, monsoon 5/12). Applied to each facility's central-scenario electricity by the state it draws load from.",15a_mef_kilthub.R -> 15b_marginal_mef.R,""
"Marginal emission factor, NOX","grid, marginal (pollutants and marginal CO2)",Nagaland,central,2.827,kg per MWh of electricity,yes: 1 operating facilities draw load in this state,"Sengupta, Adams, Deetjen, Kamboj, Tongia, Azevedo (2022) marginal emission factors for Indian power generation, 2017-18 simulation; KiltHub doi:10.1184/R1/19359989 (CC BY 4.0)","Annual flat-load factor: five daily periods weighted by duration (morning peak, midday, afternoon, evening peak 4 h each; overnight 8 h) and seasons by duration (dry 7/12, monsoon 5/12). Applied to each facility's central-scenario electricity by the state it draws load from.",15a_mef_kilthub.R -> 15b_marginal_mef.R,""
"Marginal emission factor, PM2.5","grid, marginal (pollutants and marginal CO2)",Nagaland,central,0.15965,kg per MWh of electricity,yes: 1 operating facilities draw load in this state,"Sengupta, Adams, Deetjen, Kamboj, Tongia, Azevedo (2022) marginal emission factors for Indian power generation, 2017-18 simulation; KiltHub doi:10.1184/R1/19359989 (CC BY 4.0)","Annual flat-load factor: five daily periods weighted by duration (morning peak, midday, afternoon, evening peak 4 h each; overnight 8 h) and seasons by duration (dry 7/12, monsoon 5/12). Applied to each facility's central-scenario electricity by the state it draws load from.",15a_mef_kilthub.R -> 15b_marginal_mef.R,""
"Marginal emission factor, CO2","grid, marginal (pollutants and marginal CO2)",Odisha,central,639.37,kg per MWh of electricity,yes: 4 operating facilities draw load in this state,"Sengupta, Adams, Deetjen, Kamboj, Tongia, Azevedo (2022) marginal emission factors for Indian power generation, 2017-18 simulation; KiltHub doi:10.1184/R1/19359989 (CC BY 4.0)","Annual flat-load factor: five daily periods weighted by duration (morning peak, midday, afternoon, evening peak 4 h each; overnight 8 h) and seasons by duration (dry 7/12, monsoon 5/12). Applied to each facility's central-scenario electricity by the state it draws load from.",15a_mef_kilthub.R -> 15b_marginal_mef.R,""
"Marginal emission factor, SO2","grid, marginal (pollutants and marginal CO2)",Odisha,central,4.1302,kg per MWh of electricity,yes: 4 operating facilities draw load in this state,"Sengupta, Adams, Deetjen, Kamboj, Tongia, Azevedo (2022) marginal emission factors for Indian power generation, 2017-18 simulation; KiltHub doi:10.1184/R1/19359989 (CC BY 4.0)","Annual flat-load factor: five daily periods weighted by duration (morning peak, midday, afternoon, evening peak 4 h each; overnight 8 h) and seasons by duration (dry 7/12, monsoon 5/12). Applied to each facility's central-scenario electricity by the state it draws load from.",15a_mef_kilthub.R -> 15b_marginal_mef.R,""
"Marginal emission factor, NOX","grid, marginal (pollutants and marginal CO2)",Odisha,central,2.4051,kg per MWh of electricity,yes: 4 operating facilities draw load in this state,"Sengupta, Adams, Deetjen, Kamboj, Tongia, Azevedo (2022) marginal emission factors for Indian power generation, 2017-18 simulation; KiltHub doi:10.1184/R1/19359989 (CC BY 4.0)","Annual flat-load factor: five daily periods weighted by duration (morning peak, midday, afternoon, evening peak 4 h each; overnight 8 h) and seasons by duration (dry 7/12, monsoon 5/12). Applied to each facility's central-scenario electricity by the state it draws load from.",15a_mef_kilthub.R -> 15b_marginal_mef.R,""
"Marginal emission factor, PM2.5","grid, marginal (pollutants and marginal CO2)",Odisha,central,0.44,kg per MWh of electricity,yes: 4 operating facilities draw load in this state,"Sengupta, Adams, Deetjen, Kamboj, Tongia, Azevedo (2022) marginal emission factors for Indian power generation, 2017-18 simulation; KiltHub doi:10.1184/R1/19359989 (CC BY 4.0)","Annual flat-load factor: five daily periods weighted by duration (morning peak, midday, afternoon, evening peak 4 h each; overnight 8 h) and seasons by duration (dry 7/12, monsoon 5/12). Applied to each facility's central-scenario electricity by the state it draws load from.",15a_mef_kilthub.R -> 15b_marginal_mef.R,""
"Marginal emission factor, CO2","grid, marginal (pollutants and marginal CO2)",Puducherry,central,1051.3,kg per MWh of electricity,yes: 2 operating facilities draw load in this state,"Sengupta, Adams, Deetjen, Kamboj, Tongia, Azevedo (2022) marginal emission factors for Indian power generation, 2017-18 simulation; KiltHub doi:10.1184/R1/19359989 (CC BY 4.0)","Annual flat-load factor: five daily periods weighted by duration (morning peak, midday, afternoon, evening peak 4 h each; overnight 8 h) and seasons by duration (dry 7/12, monsoon 5/12). Applied to each facility's central-scenario electricity by the state it draws load from.",15a_mef_kilthub.R -> 15b_marginal_mef.R,""
"Marginal emission factor, SO2","grid, marginal (pollutants and marginal CO2)",Puducherry,central,22.843,kg per MWh of electricity,yes: 2 operating facilities draw load in this state,"Sengupta, Adams, Deetjen, Kamboj, Tongia, Azevedo (2022) marginal emission factors for Indian power generation, 2017-18 simulation; KiltHub doi:10.1184/R1/19359989 (CC BY 4.0)","Annual flat-load factor: five daily periods weighted by duration (morning peak, midday, afternoon, evening peak 4 h each; overnight 8 h) and seasons by duration (dry 7/12, monsoon 5/12). Applied to each facility's central-scenario electricity by the state it draws load from.",15a_mef_kilthub.R -> 15b_marginal_mef.R,""
"Marginal emission factor, NOX","grid, marginal (pollutants and marginal CO2)",Puducherry,central,2.3471,kg per MWh of electricity,yes: 2 operating facilities draw load in this state,"Sengupta, Adams, Deetjen, Kamboj, Tongia, Azevedo (2022) marginal emission factors for Indian power generation, 2017-18 simulation; KiltHub doi:10.1184/R1/19359989 (CC BY 4.0)","Annual flat-load factor: five daily periods weighted by duration (morning peak, midday, afternoon, evening peak 4 h each; overnight 8 h) and seasons by duration (dry 7/12, monsoon 5/12). Applied to each facility's central-scenario electricity by the state it draws load from.",15a_mef_kilthub.R -> 15b_marginal_mef.R,""
"Marginal emission factor, PM2.5","grid, marginal (pollutants and marginal CO2)",Puducherry,central,0.39993,kg per MWh of electricity,yes: 2 operating facilities draw load in this state,"Sengupta, Adams, Deetjen, Kamboj, Tongia, Azevedo (2022) marginal emission factors for Indian power generation, 2017-18 simulation; KiltHub doi:10.1184/R1/19359989 (CC BY 4.0)","Annual flat-load factor: five daily periods weighted by duration (morning peak, midday, afternoon, evening peak 4 h each; overnight 8 h) and seasons by duration (dry 7/12, monsoon 5/12). Applied to each facility's central-scenario electricity by the state it draws load from.",15a_mef_kilthub.R -> 15b_marginal_mef.R,""
"Marginal emission factor, CO2","grid, marginal (pollutants and marginal CO2)",Punjab,central,515.58,kg per MWh of electricity,yes: 5 operating facilities draw load in this state,"Sengupta, Adams, Deetjen, Kamboj, Tongia, Azevedo (2022) marginal emission factors for Indian power generation, 2017-18 simulation; KiltHub doi:10.1184/R1/19359989 (CC BY 4.0)","Annual flat-load factor: five daily periods weighted by duration (morning peak, midday, afternoon, evening peak 4 h each; overnight 8 h) and seasons by duration (dry 7/12, monsoon 5/12). Applied to each facility's central-scenario electricity by the state it draws load from.",15a_mef_kilthub.R -> 15b_marginal_mef.R,""
"Marginal emission factor, SO2","grid, marginal (pollutants and marginal CO2)",Punjab,central,3.2899,kg per MWh of electricity,yes: 5 operating facilities draw load in this state,"Sengupta, Adams, Deetjen, Kamboj, Tongia, Azevedo (2022) marginal emission factors for Indian power generation, 2017-18 simulation; KiltHub doi:10.1184/R1/19359989 (CC BY 4.0)","Annual flat-load factor: five daily periods weighted by duration (morning peak, midday, afternoon, evening peak 4 h each; overnight 8 h) and seasons by duration (dry 7/12, monsoon 5/12). Applied to each facility's central-scenario electricity by the state it draws load from.",15a_mef_kilthub.R -> 15b_marginal_mef.R,""
"Marginal emission factor, NOX","grid, marginal (pollutants and marginal CO2)",Punjab,central,1.9869,kg per MWh of electricity,yes: 5 operating facilities draw load in this state,"Sengupta, Adams, Deetjen, Kamboj, Tongia, Azevedo (2022) marginal emission factors for Indian power generation, 2017-18 simulation; KiltHub doi:10.1184/R1/19359989 (CC BY 4.0)","Annual flat-load factor: five daily periods weighted by duration (morning peak, midday, afternoon, evening peak 4 h each; overnight 8 h) and seasons by duration (dry 7/12, monsoon 5/12). Applied to each facility's central-scenario electricity by the state it draws load from.",15a_mef_kilthub.R -> 15b_marginal_mef.R,""
"Marginal emission factor, PM2.5","grid, marginal (pollutants and marginal CO2)",Punjab,central,0.34407,kg per MWh of electricity,yes: 5 operating facilities draw load in this state,"Sengupta, Adams, Deetjen, Kamboj, Tongia, Azevedo (2022) marginal emission factors for Indian power generation, 2017-18 simulation; KiltHub doi:10.1184/R1/19359989 (CC BY 4.0)","Annual flat-load factor: five daily periods weighted by duration (morning peak, midday, afternoon, evening peak 4 h each; overnight 8 h) and seasons by duration (dry 7/12, monsoon 5/12). Applied to each facility's central-scenario electricity by the state it draws load from.",15a_mef_kilthub.R -> 15b_marginal_mef.R,""
"Marginal emission factor, CO2","grid, marginal (pollutants and marginal CO2)",Rajasthan,central,916.99,kg per MWh of electricity,yes: 8 operating facilities draw load in this state,"Sengupta, Adams, Deetjen, Kamboj, Tongia, Azevedo (2022) marginal emission factors for Indian power generation, 2017-18 simulation; KiltHub doi:10.1184/R1/19359989 (CC BY 4.0)","Annual flat-load factor: five daily periods weighted by duration (morning peak, midday, afternoon, evening peak 4 h each; overnight 8 h) and seasons by duration (dry 7/12, monsoon 5/12). Applied to each facility's central-scenario electricity by the state it draws load from.",15a_mef_kilthub.R -> 15b_marginal_mef.R,""
"Marginal emission factor, SO2","grid, marginal (pollutants and marginal CO2)",Rajasthan,central,7.4317,kg per MWh of electricity,yes: 8 operating facilities draw load in this state,"Sengupta, Adams, Deetjen, Kamboj, Tongia, Azevedo (2022) marginal emission factors for Indian power generation, 2017-18 simulation; KiltHub doi:10.1184/R1/19359989 (CC BY 4.0)","Annual flat-load factor: five daily periods weighted by duration (morning peak, midday, afternoon, evening peak 4 h each; overnight 8 h) and seasons by duration (dry 7/12, monsoon 5/12). Applied to each facility's central-scenario electricity by the state it draws load from.",15a_mef_kilthub.R -> 15b_marginal_mef.R,""
"Marginal emission factor, NOX","grid, marginal (pollutants and marginal CO2)",Rajasthan,central,3.3162,kg per MWh of electricity,yes: 8 operating facilities draw load in this state,"Sengupta, Adams, Deetjen, Kamboj, Tongia, Azevedo (2022) marginal emission factors for Indian power generation, 2017-18 simulation; KiltHub doi:10.1184/R1/19359989 (CC BY 4.0)","Annual flat-load factor: five daily periods weighted by duration (morning peak, midday, afternoon, evening peak 4 h each; overnight 8 h) and seasons by duration (dry 7/12, monsoon 5/12). Applied to each facility's central-scenario electricity by the state it draws load from.",15a_mef_kilthub.R -> 15b_marginal_mef.R,""
"Marginal emission factor, PM2.5","grid, marginal (pollutants and marginal CO2)",Rajasthan,central,0.58201,kg per MWh of electricity,yes: 8 operating facilities draw load in this state,"Sengupta, Adams, Deetjen, Kamboj, Tongia, Azevedo (2022) marginal emission factors for Indian power generation, 2017-18 simulation; KiltHub doi:10.1184/R1/19359989 (CC BY 4.0)","Annual flat-load factor: five daily periods weighted by duration (morning peak, midday, afternoon, evening peak 4 h each; overnight 8 h) and seasons by duration (dry 7/12, monsoon 5/12). Applied to each facility's central-scenario electricity by the state it draws load from.",15a_mef_kilthub.R -> 15b_marginal_mef.R,""
"Marginal emission factor, CO2","grid, marginal (pollutants and marginal CO2)",Sikkim,central,430.85,kg per MWh of electricity,no operating facility draws load in this state,"Sengupta, Adams, Deetjen, Kamboj, Tongia, Azevedo (2022) marginal emission factors for Indian power generation, 2017-18 simulation; KiltHub doi:10.1184/R1/19359989 (CC BY 4.0)","Annual flat-load factor: five daily periods weighted by duration (morning peak, midday, afternoon, evening peak 4 h each; overnight 8 h) and seasons by duration (dry 7/12, monsoon 5/12). Applied to each facility's central-scenario electricity by the state it draws load from.",15a_mef_kilthub.R -> 15b_marginal_mef.R,""
"Marginal emission factor, SO2","grid, marginal (pollutants and marginal CO2)",Sikkim,central,2.8148,kg per MWh of electricity,no operating facility draws load in this state,"Sengupta, Adams, Deetjen, Kamboj, Tongia, Azevedo (2022) marginal emission factors for Indian power generation, 2017-18 simulation; KiltHub doi:10.1184/R1/19359989 (CC BY 4.0)","Annual flat-load factor: five daily periods weighted by duration (morning peak, midday, afternoon, evening peak 4 h each; overnight 8 h) and seasons by duration (dry 7/12, monsoon 5/12). Applied to each facility's central-scenario electricity by the state it draws load from.",15a_mef_kilthub.R -> 15b_marginal_mef.R,""
"Marginal emission factor, NOX","grid, marginal (pollutants and marginal CO2)",Sikkim,central,1.6233,kg per MWh of electricity,no operating facility draws load in this state,"Sengupta, Adams, Deetjen, Kamboj, Tongia, Azevedo (2022) marginal emission factors for Indian power generation, 2017-18 simulation; KiltHub doi:10.1184/R1/19359989 (CC BY 4.0)","Annual flat-load factor: five daily periods weighted by duration (morning peak, midday, afternoon, evening peak 4 h each; overnight 8 h) and seasons by duration (dry 7/12, monsoon 5/12). Applied to each facility's central-scenario electricity by the state it draws load from.",15a_mef_kilthub.R -> 15b_marginal_mef.R,""
"Marginal emission factor, PM2.5","grid, marginal (pollutants and marginal CO2)",Sikkim,central,0.29701,kg per MWh of electricity,no operating facility draws load in this state,"Sengupta, Adams, Deetjen, Kamboj, Tongia, Azevedo (2022) marginal emission factors for Indian power generation, 2017-18 simulation; KiltHub doi:10.1184/R1/19359989 (CC BY 4.0)","Annual flat-load factor: five daily periods weighted by duration (morning peak, midday, afternoon, evening peak 4 h each; overnight 8 h) and seasons by duration (dry 7/12, monsoon 5/12). Applied to each facility's central-scenario electricity by the state it draws load from.",15a_mef_kilthub.R -> 15b_marginal_mef.R,""
"Marginal emission factor, CO2","grid, marginal (pollutants and marginal CO2)",Tamil Nadu,central,752.87,kg per MWh of electricity,yes: 27 operating facilities draw load in this state,"Sengupta, Adams, Deetjen, Kamboj, Tongia, Azevedo (2022) marginal emission factors for Indian power generation, 2017-18 simulation; KiltHub doi:10.1184/R1/19359989 (CC BY 4.0)","Annual flat-load factor: five daily periods weighted by duration (morning peak, midday, afternoon, evening peak 4 h each; overnight 8 h) and seasons by duration (dry 7/12, monsoon 5/12). Applied to each facility's central-scenario electricity by the state it draws load from.",15a_mef_kilthub.R -> 15b_marginal_mef.R,""
"Marginal emission factor, SO2","grid, marginal (pollutants and marginal CO2)",Tamil Nadu,central,7.6521,kg per MWh of electricity,yes: 27 operating facilities draw load in this state,"Sengupta, Adams, Deetjen, Kamboj, Tongia, Azevedo (2022) marginal emission factors for Indian power generation, 2017-18 simulation; KiltHub doi:10.1184/R1/19359989 (CC BY 4.0)","Annual flat-load factor: five daily periods weighted by duration (morning peak, midday, afternoon, evening peak 4 h each; overnight 8 h) and seasons by duration (dry 7/12, monsoon 5/12). Applied to each facility's central-scenario electricity by the state it draws load from.",15a_mef_kilthub.R -> 15b_marginal_mef.R,""
"Marginal emission factor, NOX","grid, marginal (pollutants and marginal CO2)",Tamil Nadu,central,2.9381,kg per MWh of electricity,yes: 27 operating facilities draw load in this state,"Sengupta, Adams, Deetjen, Kamboj, Tongia, Azevedo (2022) marginal emission factors for Indian power generation, 2017-18 simulation; KiltHub doi:10.1184/R1/19359989 (CC BY 4.0)","Annual flat-load factor: five daily periods weighted by duration (morning peak, midday, afternoon, evening peak 4 h each; overnight 8 h) and seasons by duration (dry 7/12, monsoon 5/12). Applied to each facility's central-scenario electricity by the state it draws load from.",15a_mef_kilthub.R -> 15b_marginal_mef.R,""
"Marginal emission factor, PM2.5","grid, marginal (pollutants and marginal CO2)",Tamil Nadu,central,0.32029,kg per MWh of electricity,yes: 27 operating facilities draw load in this state,"Sengupta, Adams, Deetjen, Kamboj, Tongia, Azevedo (2022) marginal emission factors for Indian power generation, 2017-18 simulation; KiltHub doi:10.1184/R1/19359989 (CC BY 4.0)","Annual flat-load factor: five daily periods weighted by duration (morning peak, midday, afternoon, evening peak 4 h each; overnight 8 h) and seasons by duration (dry 7/12, monsoon 5/12). Applied to each facility's central-scenario electricity by the state it draws load from.",15a_mef_kilthub.R -> 15b_marginal_mef.R,""
"Marginal emission factor, CO2","grid, marginal (pollutants and marginal CO2)",Telangana,central,804.97,kg per MWh of electricity,yes: 21 operating facilities draw load in this state,"Sengupta, Adams, Deetjen, Kamboj, Tongia, Azevedo (2022) marginal emission factors for Indian power generation, 2017-18 simulation; KiltHub doi:10.1184/R1/19359989 (CC BY 4.0)","Annual flat-load factor: five daily periods weighted by duration (morning peak, midday, afternoon, evening peak 4 h each; overnight 8 h) and seasons by duration (dry 7/12, monsoon 5/12). Applied to each facility's central-scenario electricity by the state it draws load from.",15a_mef_kilthub.R -> 15b_marginal_mef.R,""
"Marginal emission factor, SO2","grid, marginal (pollutants and marginal CO2)",Telangana,central,6.3274,kg per MWh of electricity,yes: 21 operating facilities draw load in this state,"Sengupta, Adams, Deetjen, Kamboj, Tongia, Azevedo (2022) marginal emission factors for Indian power generation, 2017-18 simulation; KiltHub doi:10.1184/R1/19359989 (CC BY 4.0)","Annual flat-load factor: five daily periods weighted by duration (morning peak, midday, afternoon, evening peak 4 h each; overnight 8 h) and seasons by duration (dry 7/12, monsoon 5/12). Applied to each facility's central-scenario electricity by the state it draws load from.",15a_mef_kilthub.R -> 15b_marginal_mef.R,""
"Marginal emission factor, NOX","grid, marginal (pollutants and marginal CO2)",Telangana,central,3.012,kg per MWh of electricity,yes: 21 operating facilities draw load in this state,"Sengupta, Adams, Deetjen, Kamboj, Tongia, Azevedo (2022) marginal emission factors for Indian power generation, 2017-18 simulation; KiltHub doi:10.1184/R1/19359989 (CC BY 4.0)","Annual flat-load factor: five daily periods weighted by duration (morning peak, midday, afternoon, evening peak 4 h each; overnight 8 h) and seasons by duration (dry 7/12, monsoon 5/12). Applied to each facility's central-scenario electricity by the state it draws load from.",15a_mef_kilthub.R -> 15b_marginal_mef.R,""
"Marginal emission factor, PM2.5","grid, marginal (pollutants and marginal CO2)",Telangana,central,0.49804,kg per MWh of electricity,yes: 21 operating facilities draw load in this state,"Sengupta, Adams, Deetjen, Kamboj, Tongia, Azevedo (2022) marginal emission factors for Indian power generation, 2017-18 simulation; KiltHub doi:10.1184/R1/19359989 (CC BY 4.0)","Annual flat-load factor: five daily periods weighted by duration (morning peak, midday, afternoon, evening peak 4 h each; overnight 8 h) and seasons by duration (dry 7/12, monsoon 5/12). Applied to each facility's central-scenario electricity by the state it draws load from.",15a_mef_kilthub.R -> 15b_marginal_mef.R,""
"Marginal emission factor, CO2","grid, marginal (pollutants and marginal CO2)",Tripura,central,381.48,kg per MWh of electricity,yes: 1 operating facilities draw load in this state,"Sengupta, Adams, Deetjen, Kamboj, Tongia, Azevedo (2022) marginal emission factors for Indian power generation, 2017-18 simulation; KiltHub doi:10.1184/R1/19359989 (CC BY 4.0)","Annual flat-load factor: five daily periods weighted by duration (morning peak, midday, afternoon, evening peak 4 h each; overnight 8 h) and seasons by duration (dry 7/12, monsoon 5/12). Applied to each facility's central-scenario electricity by the state it draws load from.",15a_mef_kilthub.R -> 15b_marginal_mef.R,""
"Marginal emission factor, SO2","grid, marginal (pollutants and marginal CO2)",Tripura,central,0.32728,kg per MWh of electricity,yes: 1 operating facilities draw load in this state,"Sengupta, Adams, Deetjen, Kamboj, Tongia, Azevedo (2022) marginal emission factors for Indian power generation, 2017-18 simulation; KiltHub doi:10.1184/R1/19359989 (CC BY 4.0)","Annual flat-load factor: five daily periods weighted by duration (morning peak, midday, afternoon, evening peak 4 h each; overnight 8 h) and seasons by duration (dry 7/12, monsoon 5/12). Applied to each facility's central-scenario electricity by the state it draws load from.",15a_mef_kilthub.R -> 15b_marginal_mef.R,""
"Marginal emission factor, NOX","grid, marginal (pollutants and marginal CO2)",Tripura,central,2.7892,kg per MWh of electricity,yes: 1 operating facilities draw load in this state,"Sengupta, Adams, Deetjen, Kamboj, Tongia, Azevedo (2022) marginal emission factors for Indian power generation, 2017-18 simulation; KiltHub doi:10.1184/R1/19359989 (CC BY 4.0)","Annual flat-load factor: five daily periods weighted by duration (morning peak, midday, afternoon, evening peak 4 h each; overnight 8 h) and seasons by duration (dry 7/12, monsoon 5/12). Applied to each facility's central-scenario electricity by the state it draws load from.",15a_mef_kilthub.R -> 15b_marginal_mef.R,""
"Marginal emission factor, PM2.5","grid, marginal (pollutants and marginal CO2)",Tripura,central,0.034637,kg per MWh of electricity,yes: 1 operating facilities draw load in this state,"Sengupta, Adams, Deetjen, Kamboj, Tongia, Azevedo (2022) marginal emission factors for Indian power generation, 2017-18 simulation; KiltHub doi:10.1184/R1/19359989 (CC BY 4.0)","Annual flat-load factor: five daily periods weighted by duration (morning peak, midday, afternoon, evening peak 4 h each; overnight 8 h) and seasons by duration (dry 7/12, monsoon 5/12). Applied to each facility's central-scenario electricity by the state it draws load from.",15a_mef_kilthub.R -> 15b_marginal_mef.R,""
"Marginal emission factor, CO2","grid, marginal (pollutants and marginal CO2)",Uttar Pradesh,central,839.44,kg per MWh of electricity,yes: 19 operating facilities draw load in this state,"Sengupta, Adams, Deetjen, Kamboj, Tongia, Azevedo (2022) marginal emission factors for Indian power generation, 2017-18 simulation; KiltHub doi:10.1184/R1/19359989 (CC BY 4.0)","Annual flat-load factor: five daily periods weighted by duration (morning peak, midday, afternoon, evening peak 4 h each; overnight 8 h) and seasons by duration (dry 7/12, monsoon 5/12). Applied to each facility's central-scenario electricity by the state it draws load from.",15a_mef_kilthub.R -> 15b_marginal_mef.R,""
"Marginal emission factor, SO2","grid, marginal (pollutants and marginal CO2)",Uttar Pradesh,central,5.4303,kg per MWh of electricity,yes: 19 operating facilities draw load in this state,"Sengupta, Adams, Deetjen, Kamboj, Tongia, Azevedo (2022) marginal emission factors for Indian power generation, 2017-18 simulation; KiltHub doi:10.1184/R1/19359989 (CC BY 4.0)","Annual flat-load factor: five daily periods weighted by duration (morning peak, midday, afternoon, evening peak 4 h each; overnight 8 h) and seasons by duration (dry 7/12, monsoon 5/12). Applied to each facility's central-scenario electricity by the state it draws load from.",15a_mef_kilthub.R -> 15b_marginal_mef.R,""
"Marginal emission factor, NOX","grid, marginal (pollutants and marginal CO2)",Uttar Pradesh,central,3.1869,kg per MWh of electricity,yes: 19 operating facilities draw load in this state,"Sengupta, Adams, Deetjen, Kamboj, Tongia, Azevedo (2022) marginal emission factors for Indian power generation, 2017-18 simulation; KiltHub doi:10.1184/R1/19359989 (CC BY 4.0)","Annual flat-load factor: five daily periods weighted by duration (morning peak, midday, afternoon, evening peak 4 h each; overnight 8 h) and seasons by duration (dry 7/12, monsoon 5/12). Applied to each facility's central-scenario electricity by the state it draws load from.",15a_mef_kilthub.R -> 15b_marginal_mef.R,""
"Marginal emission factor, PM2.5","grid, marginal (pollutants and marginal CO2)",Uttar Pradesh,central,0.57204,kg per MWh of electricity,yes: 19 operating facilities draw load in this state,"Sengupta, Adams, Deetjen, Kamboj, Tongia, Azevedo (2022) marginal emission factors for Indian power generation, 2017-18 simulation; KiltHub doi:10.1184/R1/19359989 (CC BY 4.0)","Annual flat-load factor: five daily periods weighted by duration (morning peak, midday, afternoon, evening peak 4 h each; overnight 8 h) and seasons by duration (dry 7/12, monsoon 5/12). Applied to each facility's central-scenario electricity by the state it draws load from.",15a_mef_kilthub.R -> 15b_marginal_mef.R,""
"Marginal emission factor, CO2","grid, marginal (pollutants and marginal CO2)",Uttarakhand,central,209.16,kg per MWh of electricity,yes: 1 operating facilities draw load in this state,"Sengupta, Adams, Deetjen, Kamboj, Tongia, Azevedo (2022) marginal emission factors for Indian power generation, 2017-18 simulation; KiltHub doi:10.1184/R1/19359989 (CC BY 4.0)","Annual flat-load factor: five daily periods weighted by duration (morning peak, midday, afternoon, evening peak 4 h each; overnight 8 h) and seasons by duration (dry 7/12, monsoon 5/12). Applied to each facility's central-scenario electricity by the state it draws load from.",15a_mef_kilthub.R -> 15b_marginal_mef.R,""
"Marginal emission factor, SO2","grid, marginal (pollutants and marginal CO2)",Uttarakhand,central,0.95801,kg per MWh of electricity,yes: 1 operating facilities draw load in this state,"Sengupta, Adams, Deetjen, Kamboj, Tongia, Azevedo (2022) marginal emission factors for Indian power generation, 2017-18 simulation; KiltHub doi:10.1184/R1/19359989 (CC BY 4.0)","Annual flat-load factor: five daily periods weighted by duration (morning peak, midday, afternoon, evening peak 4 h each; overnight 8 h) and seasons by duration (dry 7/12, monsoon 5/12). Applied to each facility's central-scenario electricity by the state it draws load from.",15a_mef_kilthub.R -> 15b_marginal_mef.R,""
"Marginal emission factor, NOX","grid, marginal (pollutants and marginal CO2)",Uttarakhand,central,1.0153,kg per MWh of electricity,yes: 1 operating facilities draw load in this state,"Sengupta, Adams, Deetjen, Kamboj, Tongia, Azevedo (2022) marginal emission factors for Indian power generation, 2017-18 simulation; KiltHub doi:10.1184/R1/19359989 (CC BY 4.0)","Annual flat-load factor: five daily periods weighted by duration (morning peak, midday, afternoon, evening peak 4 h each; overnight 8 h) and seasons by duration (dry 7/12, monsoon 5/12). Applied to each facility's central-scenario electricity by the state it draws load from.",15a_mef_kilthub.R -> 15b_marginal_mef.R,""
"Marginal emission factor, PM2.5","grid, marginal (pollutants and marginal CO2)",Uttarakhand,central,0.10044,kg per MWh of electricity,yes: 1 operating facilities draw load in this state,"Sengupta, Adams, Deetjen, Kamboj, Tongia, Azevedo (2022) marginal emission factors for Indian power generation, 2017-18 simulation; KiltHub doi:10.1184/R1/19359989 (CC BY 4.0)","Annual flat-load factor: five daily periods weighted by duration (morning peak, midday, afternoon, evening peak 4 h each; overnight 8 h) and seasons by duration (dry 7/12, monsoon 5/12). Applied to each facility's central-scenario electricity by the state it draws load from.",15a_mef_kilthub.R -> 15b_marginal_mef.R,""
"Marginal emission factor, CO2","grid, marginal (pollutants and marginal CO2)",West Bengal,central,870.09,kg per MWh of electricity,yes: 10 operating facilities draw load in this state,"Sengupta, Adams, Deetjen, Kamboj, Tongia, Azevedo (2022) marginal emission factors for Indian power generation, 2017-18 simulation; KiltHub doi:10.1184/R1/19359989 (CC BY 4.0)","Annual flat-load factor: five daily periods weighted by duration (morning peak, midday, afternoon, evening peak 4 h each; overnight 8 h) and seasons by duration (dry 7/12, monsoon 5/12). Applied to each facility's central-scenario electricity by the state it draws load from.",15a_mef_kilthub.R -> 15b_marginal_mef.R,""
"Marginal emission factor, SO2","grid, marginal (pollutants and marginal CO2)",West Bengal,central,5.7288,kg per MWh of electricity,yes: 10 operating facilities draw load in this state,"Sengupta, Adams, Deetjen, Kamboj, Tongia, Azevedo (2022) marginal emission factors for Indian power generation, 2017-18 simulation; KiltHub doi:10.1184/R1/19359989 (CC BY 4.0)","Annual flat-load factor: five daily periods weighted by duration (morning peak, midday, afternoon, evening peak 4 h each; overnight 8 h) and seasons by duration (dry 7/12, monsoon 5/12). Applied to each facility's central-scenario electricity by the state it draws load from.",15a_mef_kilthub.R -> 15b_marginal_mef.R,""
"Marginal emission factor, NOX","grid, marginal (pollutants and marginal CO2)",West Bengal,central,3.2718,kg per MWh of electricity,yes: 10 operating facilities draw load in this state,"Sengupta, Adams, Deetjen, Kamboj, Tongia, Azevedo (2022) marginal emission factors for Indian power generation, 2017-18 simulation; KiltHub doi:10.1184/R1/19359989 (CC BY 4.0)","Annual flat-load factor: five daily periods weighted by duration (morning peak, midday, afternoon, evening peak 4 h each; overnight 8 h) and seasons by duration (dry 7/12, monsoon 5/12). Applied to each facility's central-scenario electricity by the state it draws load from.",15a_mef_kilthub.R -> 15b_marginal_mef.R,""
"Marginal emission factor, PM2.5","grid, marginal (pollutants and marginal CO2)",West Bengal,central,0.59849,kg per MWh of electricity,yes: 10 operating facilities draw load in this state,"Sengupta, Adams, Deetjen, Kamboj, Tongia, Azevedo (2022) marginal emission factors for Indian power generation, 2017-18 simulation; KiltHub doi:10.1184/R1/19359989 (CC BY 4.0)","Annual flat-load factor: five daily periods weighted by duration (morning peak, midday, afternoon, evening peak 4 h each; overnight 8 h) and seasons by duration (dry 7/12, monsoon 5/12). Applied to each facility's central-scenario electricity by the state it draws load from.",15a_mef_kilthub.R -> 15b_marginal_mef.R,""
Average grid CO2 factor,"grid, average",all facilities (India),low,0.71,t CO2 per MWh,yes,Central Electricity Authority CO2 Baseline Database (CEA 2024) average grid factor,Electricity x factor = average-grid CO2 footprint (the marginal CO2 uses the state factors above).,15_attribution.R,verified: exact in the frozen facility layer
Average grid CO2 factor,"grid, average",all facilities (India),central,0.71,t CO2 per MWh,yes,Central Electricity Authority CO2 Baseline Database (CEA 2024) average grid factor,Electricity x factor = average-grid CO2 footprint (the marginal CO2 uses the state factors above).,15_attribution.R,verified: exact in the frozen facility layer
Average grid CO2 factor,"grid, average",all facilities (India),high,0.71,t CO2 per MWh,yes,Central Electricity Authority CO2 Baseline Database (CEA 2024) average grid factor,Electricity x factor = average-grid CO2 footprint (the marginal CO2 uses the state factors above).,15_attribution.R,verified: exact in the frozen facility layer
Power usage effectiveness (PUE),energy and water intensity,all facilities (India),low,1.4,ratio,yes,Industry range for Indian colocation (see SI S4),Electricity = IT MW x PUE x utilisation x 8.76 GWh/yr.,15_attribution.R,verified: reproduces 10.1 / 19.7 / 33.3 TWh and facility-level e_fac exactly
Power usage effectiveness (PUE),energy and water intensity,all facilities (India),central,1.6,ratio,yes,Industry range for Indian colocation (see SI S4),Electricity = IT MW x PUE x utilisation x 8.76 GWh/yr.,15_attribution.R,verified: reproduces 10.1 / 19.7 / 33.3 TWh and facility-level e_fac exactly
Power usage effectiveness (PUE),energy and water intensity,all facilities (India),high,1.9,ratio,yes,Industry range for Indian colocation (see SI S4),Electricity = IT MW x PUE x utilisation x 8.76 GWh/yr.,15_attribution.R,verified: reproduces 10.1 / 19.7 / 33.3 TWh and facility-level e_fac exactly
IT utilisation,energy and water intensity,all facilities (India),low,0.5,fraction of IT capacity,yes,SI S4,Electricity = IT MW x PUE x utilisation x 8.76 GWh/yr.,15_attribution.R,INFERRED from published outputs (lost india_grid_params.csv): reproduces facility e_fac = MW x 9.8112 GWh exactly at central
IT utilisation,energy and water intensity,all facilities (India),central,0.7,fraction of IT capacity,yes,SI S4,Electricity = IT MW x PUE x utilisation x 8.76 GWh/yr.,15_attribution.R,INFERRED from published outputs (lost india_grid_params.csv): reproduces facility e_fac = MW x 9.8112 GWh exactly at central
IT utilisation,energy and water intensity,all facilities (India),high,0.85,fraction of IT capacity,yes,SI S4,Electricity = IT MW x PUE x utilisation x 8.76 GWh/yr.,15_attribution.R,INFERRED from published outputs (lost india_grid_params.csv): reproduces facility e_fac = MW x 9.8112 GWh exactly at central
On-site water use effectiveness (scope 1),energy and water intensity,all facilities (India),low,0.5,L per kWh IT electricity,yes,SI S4 (Siddik et al. 2021 range),Scope-1 water = IT electricity x WUE.,15_attribution.R,verified: reproduces 3.6 / 22.1 / 52.6 GL and facility scope1_ml exactly
On-site water use effectiveness (scope 1),energy and water intensity,all facilities (India),central,1.8,L per kWh IT electricity,yes,SI S4 (Siddik et al. 2021 range),Scope-1 water = IT electricity x WUE.,15_attribution.R,verified: reproduces 3.6 / 22.1 / 52.6 GL and facility scope1_ml exactly
On-site water use effectiveness (scope 1),energy and water intensity,all facilities (India),high,3,L per kWh IT electricity,yes,SI S4 (Siddik et al. 2021 range),Scope-1 water = IT electricity x WUE.,15_attribution.R,verified: reproduces 3.6 / 22.1 / 52.6 GL and facility scope1_ml exactly
"Grid water consumption (scope 2, with hydropower evaporation)",energy and water intensity,all facilities (India),low,3.6614,L per kWh generated,yes,Generation-share-weighted consumption factors (CEA shares; Macknick et al. 2012 / MoEFCC G.S.R. 593(E) 2018 thermal norms) - SI Table S13,Scope-2 water = facility electricity x factor.,15_attribution.R,INFERRED to 4 d.p. from facility scope2_ml / e_fac (exact in the frozen layer)
"Grid water consumption (scope 2, with hydropower evaporation)",energy and water intensity,all facilities (India),central,3.6614,L per kWh generated,yes,Generation-share-weighted consumption factors (CEA shares; Macknick et al. 2012 / MoEFCC G.S.R. 593(E) 2018 thermal norms) - SI Table S13,Scope-2 water = facility electricity x factor.,15_attribution.R,INFERRED to 4 d.p. from facility scope2_ml / e_fac (exact in the frozen layer)
"Grid water consumption (scope 2, with hydropower evaporation)",energy and water intensity,all facilities (India),high,3.6614,L per kWh generated,yes,Generation-share-weighted consumption factors (CEA shares; Macknick et al. 2012 / MoEFCC G.S.R. 593(E) 2018 thermal norms) - SI Table S13,Scope-2 water = facility electricity x factor.,15_attribution.R,INFERRED to 4 d.p. from facility scope2_ml / e_fac (exact in the frozen layer)
"Grid water consumption (scope 2, hydropower evaporation excluded)",energy and water intensity,all facilities (India),low,2.3012,L per kWh generated,yes,Same with hydropower reservoir evaporation set to zero,Scope-2 water = facility electricity x factor.,15_attribution.R,INFERRED from published 45.26 GL / 19.668 TWh
"Grid water consumption (scope 2, hydropower evaporation excluded)",energy and water intensity,all facilities (India),central,2.3012,L per kWh generated,yes,Same with hydropower reservoir evaporation set to zero,Scope-2 water = facility electricity x factor.,15_attribution.R,INFERRED from published 45.26 GL / 19.668 TWh
"Grid water consumption (scope 2, hydropower evaporation excluded)",energy and water intensity,all facilities (India),high,2.3012,L per kWh generated,yes,Same with hydropower reservoir evaporation set to zero,Scope-2 water = facility electricity x factor.,15_attribution.R,INFERRED from published 45.26 GL / 19.668 TWh
Coal share of national generation,"grid, average",all facilities (India),low,0.731,fraction,yes,CEA FY2024-25 coal share of generation (73%),Coal-attributable share of the sector's electricity.,15_attribution.R,INFERRED from published 14.4 TWh coal
Coal share of national generation,"grid, average",all facilities (India),central,0.731,fraction,yes,CEA FY2024-25 coal share of generation (73%),Coal-attributable share of the sector's electricity.,15_attribution.R,INFERRED from published 14.4 TWh coal
Coal share of national generation,"grid, average",all facilities (India),high,0.731,fraction,yes,CEA FY2024-25 coal share of generation (73%),Coal-attributable share of the sector's electricity.,15_attribution.R,INFERRED from published 14.4 TWh coal
Tier-median marginal CO2 factor (cross-check only),"grid, average",all facilities (India),low,0.859,t CO2 per MWh,cross-check only (not a reported result),Median Sengupta et al. (2022) marginal factor across hosting-tier states (co2_mt_tiermedian; NOT the authoritative marginal),See india_grid_params.csv,15_attribution.R,INFERRED from published 16.9 Mt
Tier-median marginal CO2 factor (cross-check only),"grid, average",all facilities (India),central,0.859,t CO2 per MWh,cross-check only (not a reported result),Median Sengupta et al. (2022) marginal factor across hosting-tier states (co2_mt_tiermedian; NOT the authoritative marginal),See india_grid_params.csv,15_attribution.R,INFERRED from published 16.9 Mt
Tier-median marginal CO2 factor (cross-check only),"grid, average",all facilities (India),high,0.859,t CO2 per MWh,cross-check only (not a reported result),Median Sengupta et al. (2022) marginal factor across hosting-tier states (co2_mt_tiermedian; NOT the authoritative marginal),See india_grid_params.csv,15_attribution.R,INFERRED from published 16.9 Mt
"Gas:coal emission ratio, SO2",placement of grid emissions at plants,"gas vs coal plants, national",central,0.0001739,ratio (gas / coal) per MWh,yes,fixed national ratios used in the dispersion set-up (SI S4.1),"Each load state's marginal tonnes are split between its coal and gas plants in this ratio (gas fraction = r/(1+r)), then allocated to plants by nameplate capacity; states with no plant of a fuel pass that share to all plants of that fuel nationally.",16b_build_emissions.R,"Gas carries 0.017 % of SO2, 1.7 % of NOx and 0.43 % of PM2.5."
"Gas:coal emission ratio, NOx",placement of grid emissions at plants,"gas vs coal plants, national",central,0.01739,ratio (gas / coal) per MWh,yes,fixed national ratios used in the dispersion set-up (SI S4.1),"Each load state's marginal tonnes are split between its coal and gas plants in this ratio (gas fraction = r/(1+r)), then allocated to plants by nameplate capacity; states with no plant of a fuel pass that share to all plants of that fuel nationally.",16b_build_emissions.R,"Gas carries 0.017 % of SO2, 1.7 % of NOx and 0.43 % of PM2.5."
"Gas:coal emission ratio, PM2.5",placement of grid emissions at plants,"gas vs coal plants, national",central,0.004348,ratio (gas / coal) per MWh,yes,fixed national ratios used in the dispersion set-up (SI S4.1),"Each load state's marginal tonnes are split between its coal and gas plants in this ratio (gas fraction = r/(1+r)), then allocated to plants by nameplate capacity; states with no plant of a fuel pass that share to all plants of that fuel nationally.",16b_build_emissions.R,"Gas carries 0.017 % of SO2, 1.7 % of NOx and 0.43 % of PM2.5."
"Stack height, coal plants",placement of grid emissions at plants,all plants of the fuel,central,200,m,yes,Peshin et al. (2024),"Release height in InMAP; no stack diameter, temperature or exit velocity, so plume rise is zero.",16b_build_emissions.R,""
"Stack height, gas plants",placement of grid emissions at plants,all plants of the fuel,central,100,m,yes,Peshin et al. (2024),"Release height in InMAP; no stack diameter, temperature or exit velocity, so plume rise is zero.",16b_build_emissions.R,""
Backup diesel NOx,backup diesel generators (scope 1),all facilities,low,4,g/kWh,yes (range reported),CPCB (2014) genset norms; U.S. EPA AP-42 uncontrolled diesel engines,Diesel electricity (facility average load x generator hours; hours = 0.4 x district interruption hours + 100 h testing) x factor.,29_backup_diesel.R,""
Backup diesel NOx,backup diesel generators (scope 1),all facilities,central,8,g/kWh,yes (range reported),CPCB (2014) genset norms; U.S. EPA AP-42 uncontrolled diesel engines,Diesel electricity (facility average load x generator hours; hours = 0.4 x district interruption hours + 100 h testing) x factor.,29_backup_diesel.R,""
Backup diesel NOx,backup diesel generators (scope 1),all facilities,high,14,g/kWh,yes (range reported),CPCB (2014) genset norms; U.S. EPA AP-42 uncontrolled diesel engines,Diesel electricity (facility average load x generator hours; hours = 0.4 x district interruption hours + 100 h testing) x factor.,29_backup_diesel.R,""
Backup diesel PM2.5,backup diesel generators (scope 1),all facilities,low,0.05,g/kWh,yes (range reported),AP-42 / CPCB range,Diesel electricity (facility average load x generator hours; hours = 0.4 x district interruption hours + 100 h testing) x factor.,29_backup_diesel.R,""
Backup diesel PM2.5,backup diesel generators (scope 1),all facilities,central,0.2,g/kWh,yes (range reported),AP-42 / CPCB range,Diesel electricity (facility average load x generator hours; hours = 0.4 x district interruption hours + 100 h testing) x factor.,29_backup_diesel.R,""
Backup diesel PM2.5,backup diesel generators (scope 1),all facilities,high,0.5,g/kWh,yes (range reported),AP-42 / CPCB range,Diesel electricity (facility average load x generator hours; hours = 0.4 x district interruption hours + 100 h testing) x factor.,29_backup_diesel.R,""
Backup diesel SO2,backup diesel generators (scope 1),all facilities,low,0.005,g/kWh,yes (central only),"BS-VI diesel, 10 ppm sulphur",Diesel electricity (facility average load x generator hours; hours = 0.4 x district interruption hours + 100 h testing) x factor.,29_backup_diesel.R,""
Backup diesel SO2,backup diesel generators (scope 1),all facilities,central,0.005,g/kWh,yes (central only),"BS-VI diesel, 10 ppm sulphur",Diesel electricity (facility average load x generator hours; hours = 0.4 x district interruption hours + 100 h testing) x factor.,29_backup_diesel.R,""
Backup diesel SO2,backup diesel generators (scope 1),all facilities,high,0.005,g/kWh,yes (central only),"BS-VI diesel, 10 ppm sulphur",Diesel electricity (facility average load x generator hours; hours = 0.4 x district interruption hours + 100 h testing) x factor.,29_backup_diesel.R,""
Backup diesel CO2,backup diesel generators (scope 1),all facilities,low,0.75,kg/kWh,yes (central only),"diesel combustion, ~0.75 kg CO2 per kWh generated",Diesel electricity (facility average load x generator hours; hours = 0.4 x district interruption hours + 100 h testing) x factor.,29_backup_diesel.R,""
Backup diesel CO2,backup diesel generators (scope 1),all facilities,central,0.75,kg/kWh,yes (central only),"diesel combustion, ~0.75 kg CO2 per kWh generated",Diesel electricity (facility average load x generator hours; hours = 0.4 x district interruption hours + 100 h testing) x factor.,29_backup_diesel.R,""
Backup diesel CO2,backup diesel generators (scope 1),all facilities,high,0.75,kg/kWh,yes (central only),"diesel combustion, ~0.75 kg CO2 per kWh generated",Diesel electricity (facility average load x generator hours; hours = 0.4 x district interruption hours + 100 h testing) x factor.,29_backup_diesel.R,""
