{
"type": "FeatureCollection",
"name": "facilities",
"crs": { "type": "name", "properties": { "name": "urn:ogc:def:crs:OGC:1.3:CRS84" } },
"features": [
{ "type": "Feature", "properties": { "name": "ABTInfo.net Data Center", "operator": "ABTInfo.net", "status": "operating", "src": "dcm", "opened_year": null, "mw_reported": null, "mw_reported_buildout": null, "dist_name": "Coimbatore", "state_name": "Tamil Nadu", "dc_type": "enterprise", "mw_it_all": 3.7536971830985899, "e_fac_gwh_all": 36.828273802816902, "co2_kt_all": 26.1480744, "scope1_ml_all": 41.431808028169002, "scope2_ml_all": 134.84304170163401, "mw_it": 3.82679577464789, "e_fac_gwh": 37.545458704225297, "co2_kt": 26.65727568, "scope1_ml": 42.238641042253498, "scope2_ml": 137.46894249965101, "is_operating": true }, "geometry": { "type": "Point", "coordinates": [ 77.01, 10.66 ] } },
{ "type": "Feature", "properties": { "name": "ARIDE OCEAN-DC", "operator": "ARIDE OCEAN INFOWAY PVT LTD", "status": "operating", "src": "dcm", "opened_year": null, "mw_reported": null, "mw_reported_buildout": null, "dist_name": "Alappuzha", "state_name": "Kerala", "dc_type": "colocation", "mw_it_all": 11.2610915492958, "e_fac_gwh_all": 110.484821408451, "co2_kt_all": 78.4442232, "scope1_ml_all": 124.295424084507, "scope2_ml_all": 404.52912510490199, "mw_it": 11.480387323943701, "e_fac_gwh": 112.636376112676, "co2_kt": 79.97182704, "scope1_ml": 126.715923126761, "scope2_ml": 412.406827498952, "is_operating": true }, "geometry": { "type": "Point", "coordinates": [ 76.2673, 9.9312 ] } },
{ "type": "Feature", "properties": { "name": "AdaniConneX Chennai 1", "operator": "AdaniConneX", "status": "operating", "src": "census", "opened_year": null, "mw_reported": 17.0, "mw_reported_buildout": 17.0, "dist_name": "Kancheepuram", "state_name": "Tamil Nadu", "dc_type": "colocation", "mw_it_all": 17.0, "e_fac_gwh_all": 166.7904, "co2_kt_all": 118.421184, "scope1_ml_all": 187.6392, "scope2_ml_all": 610.68637056, "mw_it": 17.0, "e_fac_gwh": 166.7904, "co2_kt": 118.421184, "scope1_ml": 187.6392, "scope2_ml": 610.68637056, "is_operating": true }, "geometry": { "type": "Point", "coordinates": [ 80.2, 12.9 ] } },
{ "type": "Feature", "properties": { "name": "AdaniConneX Hyderabad", "operator": "AdaniConneX", "status": "announced", "src": "census", "opened_year": null, "mw_reported": 100.0, "mw_reported_buildout": 100.0, "dist_name": "Rangareddy", "state_name": "Andhra Pradesh", "dc_type": "colocation", "mw_it_all": 100.0, "e_fac_gwh_all": 981.12, "co2_kt_all": 696.5952, "scope1_ml_all": 1103.76, "scope2_ml_all": 3592.272768, "mw_it": null, "e_fac_gwh": null, "co2_kt": null, "scope1_ml": null, "scope2_ml": null, "is_operating": false }, "geometry": { "type": "Point", "coordinates": [ 78.487, 17.385 ] } },
{ "type": "Feature", "properties": { "name": "AdaniConneX Mumbai", "operator": "AdaniConneX", "status": "construction", "src": "dcm", "opened_year": null, "mw_reported": null, "mw_reported_buildout": null, "dist_name": "Thane", "state_name": "Maharashtra", "dc_type": "colocation", "mw_it_all": 11.2610915492958, "e_fac_gwh_all": 110.484821408451, "co2_kt_all": 78.4442232, "scope1_ml_all": 124.295424084507, "scope2_ml_all": 404.52912510490199, "mw_it": null, "e_fac_gwh": null, "co2_kt": null, "scope1_ml": null, "scope2_ml": null, "is_operating": false }, "geometry": { "type": "Point", "coordinates": [ 73.03, 19.033 ] } },
{ "type": "Feature", "properties": { "name": "AdaniConneX Noida", "operator": "AdaniConneX", "status": "construction", "src": "census", "opened_year": null, "mw_reported": null, "mw_reported_buildout": null, "dist_name": "Gautam Buddha Nagar", "state_name": "Uttar Pradesh", "dc_type": "colocation", "mw_it_all": 11.2610915492958, "e_fac_gwh_all": 110.484821408451, "co2_kt_all": 78.4442232, "scope1_ml_all": 124.295424084507, "scope2_ml_all": 404.52912510490199, "mw_it": null, "e_fac_gwh": null, "co2_kt": null, "scope1_ml": null, "scope2_ml": null, "is_operating": false }, "geometry": { "type": "Point", "coordinates": [ 77.391, 28.535 ] } },
{ "type": "Feature", "properties": { "name": "AdaniConneX Pune", "operator": "AdaniConneX", "status": "construction", "src": "dcm", "opened_year": null, "mw_reported": null, "mw_reported_buildout": null, "dist_name": "Pune", "state_name": "Maharashtra", "dc_type": "colocation", "mw_it_all": 11.2610915492958, "e_fac_gwh_all": 110.484821408451, "co2_kt_all": 78.4442232, "scope1_ml_all": 124.295424084507, "scope2_ml_all": 404.52912510490199, "mw_it": null, "e_fac_gwh": null, "co2_kt": null, "scope1_ml": null, "scope2_ml": null, "is_operating": false }, "geometry": { "type": "Point", "coordinates": [ 73.857, 18.52 ] } },
{ "type": "Feature", "properties": { "name": "AdaniConneX Vizag", "operator": "AdaniConneX", "status": "construction", "src": "dcm", "opened_year": null, "mw_reported": 100.0, "mw_reported_buildout": 100.0, "dist_name": "Visakhapatnam", "state_name": "Andhra Pradesh", "dc_type": "colocation", "mw_it_all": 100.0, "e_fac_gwh_all": 981.12, "co2_kt_all": 696.5952, "scope1_ml_all": 1103.76, "scope2_ml_all": 3592.272768, "mw_it": null, "e_fac_gwh": null, "co2_kt": null, "scope1_ml": null, "scope2_ml": null, "is_operating": false }, "geometry": { "type": "Point", "coordinates": [ 83.2185, 17.6868 ] } },
{ "type": "Feature", "properties": { "name": "AirTrunk Chennai - MAA1", "operator": "AirTrunk", "status": "announced", "src": "dcm", "opened_year": null, "mw_reported": 128.0, "mw_reported_buildout": 128.0, "dist_name": "Kancheepuram", "state_name": "Tamil Nadu", "dc_type": "enterprise", "mw_it_all": 128.0, "e_fac_gwh_all": 1255.8336, "co2_kt_all": 891.641856, "scope1_ml_all": 1412.8128, "scope2_ml_all": 4598.1091430400002, "mw_it": null, "e_fac_gwh": null, "co2_kt": null, "scope1_ml": null, "scope2_ml": null, "is_operating": false }, "geometry": { "type": "Point", "coordinates": [ 80.2, 12.9 ] } },
{ "type": "Feature", "properties": { "name": "AirTrunk Hyderabad - HYD1", "operator": "AirTrunk", "status": "announced", "src": "dcm", "opened_year": null, "mw_reported": null, "mw_reported_buildout": null, "dist_name": "Rangareddy", "state_name": "Andhra Pradesh", "dc_type": "enterprise", "mw_it_all": 3.7536971830985899, "e_fac_gwh_all": 36.828273802816902, "co2_kt_all": 26.1480744, "scope1_ml_all": 41.431808028169002, "scope2_ml_all": 134.84304170163401, "mw_it": null, "e_fac_gwh": null, "co2_kt": null, "scope1_ml": null, "scope2_ml": null, "is_operating": false }, "geometry": { "type": "Point", "coordinates": [ 78.45, 17.2 ] } },
{ "type": "Feature", "properties": { "name": "AirTrunk Mumbai - BOM2", "operator": "AirTrunk", "status": "announced", "src": "dcm", "opened_year": null, "mw_reported": null, "mw_reported_buildout": null, "dist_name": "Thane", "state_name": "Maharashtra", "dc_type": "enterprise", "mw_it_all": 3.7536971830985899, "e_fac_gwh_all": 36.828273802816902, "co2_kt_all": 26.1480744, "scope1_ml_all": 41.431808028169002, "scope2_ml_all": 134.84304170163401, "mw_it": null, "e_fac_gwh": null, "co2_kt": null, "scope1_ml": null, "scope2_ml": null, "is_operating": false }, "geometry": { "type": "Point", "coordinates": [ 73.03, 19.033 ] } },
{ "type": "Feature", "properties": { "name": "AirTrunk Mumbai - BOM3", "operator": "AirTrunk", "status": "announced", "src": "dcm", "opened_year": null, "mw_reported": null, "mw_reported_buildout": null, "dist_name": "Mumbai Suburban", "state_name": "Maharashtra", "dc_type": "enterprise", "mw_it_all": 3.7536971830985899, "e_fac_gwh_all": 36.828273802816902, "co2_kt_all": 26.1480744, "scope1_ml_all": 41.431808028169002, "scope2_ml_all": 134.84304170163401, "mw_it": null, "e_fac_gwh": null, "co2_kt": null, "scope1_ml": null, "scope2_ml": null, "is_operating": false }, "geometry": { "type": "Point", "coordinates": [ 72.878, 19.076 ] } },
{ "type": "Feature", "properties": { "name": "AirTrunk Navi Mumbai (ex-Lumina)", "operator": "AirTrunk", "status": "construction", "src": "census", "opened_year": null, "mw_reported": 60.0, "mw_reported_buildout": 60.0, "dist_name": "Thane", "state_name": "Maharashtra", "dc_type": "enterprise", "mw_it_all": 60.0, "e_fac_gwh_all": 588.672, "co2_kt_all": 417.95712, "scope1_ml_all": 662.256, "scope2_ml_all": 2155.3636608000002, "mw_it": null, "e_fac_gwh": null, "co2_kt": null, "scope1_ml": null, "scope2_ml": null, "is_operating": false }, "geometry": { "type": "Point", "coordinates": [ 73.03, 19.033 ] } },
{ "type": "Feature", "properties": { "name": "Airgenie Data Center", "operator": "Airgenie Communications", "status": "operating", "src": "dcm", "opened_year": null, "mw_reported": null, "mw_reported_buildout": null, "dist_name": "Viluppuram", "state_name": "Tamil Nadu", "dc_type": "enterprise", "mw_it_all": 0.0, "e_fac_gwh_all": 0.0, "co2_kt_all": 0.0, "scope1_ml_all": 0.0, "scope2_ml_all": 0.0, "mw_it": 0.0, "e_fac_gwh": 0.0, "co2_kt": 0.0, "scope1_ml": 0.0, "scope2_ml": 0.0, "is_operating": true }, "geometry": { "type": "Point", "coordinates": [ 79.8083, 11.9416 ] } },
{ "type": "Feature", "properties": { "name": "AkashiQ", "operator": "AkashiQ Data Care India Pvt.Ltd.", "status": "operating", "src": "dcm", "opened_year": null, "mw_reported": null, "mw_reported_buildout": null, "dist_name": "Coimbatore", "state_name": "Tamil Nadu", "dc_type": "enterprise", "mw_it_all": 3.7536971830985899, "e_fac_gwh_all": 36.828273802816902, "co2_kt_all": 26.1480744, "scope1_ml_all": 41.431808028169002, "scope2_ml_all": 134.84304170163401, "mw_it": 3.82679577464789, "e_fac_gwh": 37.545458704225297, "co2_kt": 26.65727568, "scope1_ml": 42.238641042253498, "scope2_ml": 137.46894249965101, "is_operating": true }, "geometry": { "type": "Point", "coordinates": [ 76.9558, 11.0168 ] } },
{ "type": "Feature", "properties": { "name": "Amazon AWS BOM - Lodha Industrial Park", "operator": "Amazon AWS", "status": "announced", "src": "dcm", "opened_year": null, "mw_reported": null, "mw_reported_buildout": null, "dist_name": "Thane", "state_name": "Maharashtra", "dc_type": "hyperscale", "mw_it_all": 37.536971830985898, "e_fac_gwh_all": 368.28273802816898, "co2_kt_all": 261.480744, "scope1_ml_all": 414.31808028169002, "scope2_ml_all": 1348.43041701634, "mw_it": null, "e_fac_gwh": null, "co2_kt": null, "scope1_ml": null, "scope2_ml": null, "is_operating": false }, "geometry": { "type": "Point", "coordinates": [ 73.03, 19.033 ] } },
{ "type": "Feature", "properties": { "name": "Amazon AWS BOM - MIDC Industrial", "operator": "Amazon AWS", "status": "operating", "src": "dcm", "opened_year": null, "mw_reported": null, "mw_reported_buildout": null, "dist_name": "Thane", "state_name": "Maharashtra", "dc_type": "hyperscale", "mw_it_all": 37.536971830985898, "e_fac_gwh_all": 368.28273802816898, "co2_kt_all": 261.480744, "scope1_ml_all": 414.31808028169002, "scope2_ml_all": 1348.43041701634, "mw_it": 38.267957746478899, "e_fac_gwh": 375.45458704225302, "co2_kt": 266.5727568, "scope1_ml": 422.38641042253499, "scope2_ml": 1374.6894249965101, "is_operating": true }, "geometry": { "type": "Point", "coordinates": [ 73.03, 19.033 ] } },
{ "type": "Feature", "properties": { "name": "Amazon AWS BOM - Powai (L&T Campus)", "operator": "Amazon AWS", "status": "announced", "src": "dcm", "opened_year": null, "mw_reported": null, "mw_reported_buildout": null, "dist_name": "Mumbai Suburban", "state_name": "Maharashtra", "dc_type": "hyperscale", "mw_it_all": 37.536971830985898, "e_fac_gwh_all": 368.28273802816898, "co2_kt_all": 261.480744, "scope1_ml_all": 414.31808028169002, "scope2_ml_all": 1348.43041701634, "mw_it": null, "e_fac_gwh": null, "co2_kt": null, "scope1_ml": null, "scope2_ml": null, "is_operating": false }, "geometry": { "type": "Point", "coordinates": [ 72.878, 19.076 ] } },
{ "type": "Feature", "properties": { "name": "Amazon AWS BOM - TTC Industrial", "operator": "Amazon AWS", "status": "construction", "src": "dcm", "opened_year": null, "mw_reported": null, "mw_reported_buildout": null, "dist_name": "Thane", "state_name": "Maharashtra", "dc_type": "hyperscale", "mw_it_all": 37.536971830985898, "e_fac_gwh_all": 368.28273802816898, "co2_kt_all": 261.480744, "scope1_ml_all": 414.31808028169002, "scope2_ml_all": 1348.43041701634, "mw_it": null, "e_fac_gwh": null, "co2_kt": null, "scope1_ml": null, "scope2_ml": null, "is_operating": false }, "geometry": { "type": "Point", "coordinates": [ 73.03, 19.033 ] } },
{ "type": "Feature", "properties": { "name": "Amazon AWS BOM - Thane DC1", "operator": "Amazon AWS", "status": "announced", "src": "dcm", "opened_year": null, "mw_reported": null, "mw_reported_buildout": null, "dist_name": "Thane", "state_name": "Maharashtra", "dc_type": "hyperscale", "mw_it_all": 37.536971830985898, "e_fac_gwh_all": 368.28273802816898, "co2_kt_all": 261.480744, "scope1_ml_all": 414.31808028169002, "scope2_ml_all": 1348.43041701634, "mw_it": null, "e_fac_gwh": null, "co2_kt": null, "scope1_ml": null, "scope2_ml": null, "is_operating": false }, "geometry": { "type": "Point", "coordinates": [ 73.03, 19.033 ] } },
{ "type": "Feature", "properties": { "name": "Amazon AWS BOM - Thane DC2", "operator": "Amazon AWS", "status": "announced", "src": "dcm", "opened_year": null, "mw_reported": null, "mw_reported_buildout": null, "dist_name": "Thane", "state_name": "Maharashtra", "dc_type": "hyperscale", "mw_it_all": 37.536971830985898, "e_fac_gwh_all": 368.28273802816898, "co2_kt_all": 261.480744, "scope1_ml_all": 414.31808028169002, "scope2_ml_all": 1348.43041701634, "mw_it": null, "e_fac_gwh": null, "co2_kt": null, "scope1_ml": null, "scope2_ml": null, "is_operating": false }, "geometry": { "type": "Point", "coordinates": [ 73.03, 19.033 ] } },
{ "type": "Feature", "properties": { "name": "Amazon AWS BOM - Thane DC3", "operator": "Amazon AWS", "status": "announced", "src": "dcm", "opened_year": null, "mw_reported": null, "mw_reported_buildout": null, "dist_name": "Thane", "state_name": "Maharashtra", "dc_type": "hyperscale", "mw_it_all": 37.536971830985898, "e_fac_gwh_all": 368.28273802816898, "co2_kt_all": 261.480744, "scope1_ml_all": 414.31808028169002, "scope2_ml_all": 1348.43041701634, "mw_it": null, "e_fac_gwh": null, "co2_kt": null, "scope1_ml": null, "scope2_ml": null, "is_operating": false }, "geometry": { "type": "Point", "coordinates": [ 73.03, 19.033 ] } },
{ "type": "Feature", "properties": { "name": "Amazon AWS BOM - Thane DC4", "operator": "Amazon AWS", "status": "announced", "src": "dcm", "opened_year": null, "mw_reported": null, "mw_reported_buildout": null, "dist_name": "Thane", "state_name": "Maharashtra", "dc_type": "hyperscale", "mw_it_all": 37.536971830985898, "e_fac_gwh_all": 368.28273802816898, "co2_kt_all": 261.480744, "scope1_ml_all": 414.31808028169002, "scope2_ml_all": 1348.43041701634, "mw_it": null, "e_fac_gwh": null, "co2_kt": null, "scope1_ml": null, "scope2_ml": null, "is_operating": false }, "geometry": { "type": "Point", "coordinates": [ 73.03, 19.033 ] } },
{ "type": "Feature", "properties": { "name": "Amazon AWS BOM - Thane DC5", "operator": "Amazon AWS", "status": "announced", "src": "dcm", "opened_year": null, "mw_reported": null, "mw_reported_buildout": null, "dist_name": "Thane", "state_name": "Maharashtra", "dc_type": "hyperscale", "mw_it_all": 37.536971830985898, "e_fac_gwh_all": 368.28273802816898, "co2_kt_all": 261.480744, "scope1_ml_all": 414.31808028169002, "scope2_ml_all": 1348.43041701634, "mw_it": null, "e_fac_gwh": null, "co2_kt": null, "scope1_ml": null, "scope2_ml": null, "is_operating": false }, "geometry": { "type": "Point", "coordinates": [ 73.03, 19.033 ] } },
{ "type": "Feature", "properties": { "name": "Amazon AWS BOM - Thane DC6", "operator": "Amazon AWS", "status": "announced", "src": "dcm", "opened_year": null, "mw_reported": null, "mw_reported_buildout": null, "dist_name": "Thane", "state_name": "Maharashtra", "dc_type": "hyperscale", "mw_it_all": 37.536971830985898, "e_fac_gwh_all": 368.28273802816898, "co2_kt_all": 261.480744, "scope1_ml_all": 414.31808028169002, "scope2_ml_all": 1348.43041701634, "mw_it": null, "e_fac_gwh": null, "co2_kt": null, "scope1_ml": null, "scope2_ml": null, "is_operating": false }, "geometry": { "type": "Point", "coordinates": [ 73.03, 19.033 ] } },
{ "type": "Feature", "properties": { "name": "Amazon AWS HYD - FAB A", "operator": "Amazon AWS", "status": "operating", "src": "dcm", "opened_year": null, "mw_reported": null, "mw_reported_buildout": null, "dist_name": "Rangareddy", "state_name": "Andhra Pradesh", "dc_type": "hyperscale", "mw_it_all": 37.536971830985898, "e_fac_gwh_all": 368.28273802816898, "co2_kt_all": 261.480744, "scope1_ml_all": 414.31808028169002, "scope2_ml_all": 1348.43041701634, "mw_it": 38.267957746478899, "e_fac_gwh": 375.45458704225302, "co2_kt": 266.5727568, "scope1_ml": 422.38641042253499, "scope2_ml": 1374.6894249965101, "is_operating": true }, "geometry": { "type": "Point", "coordinates": [ 78.45, 17.2 ] } },
{ "type": "Feature", "properties": { "name": "Amazon AWS HYD - FAB B", "operator": "Amazon AWS", "status": "operating", "src": "dcm", "opened_year": null, "mw_reported": null, "mw_reported_buildout": null, "dist_name": "Rangareddy", "state_name": "Andhra Pradesh", "dc_type": "hyperscale", "mw_it_all": 37.536971830985898, "e_fac_gwh_all": 368.28273802816898, "co2_kt_all": 261.480744, "scope1_ml_all": 414.31808028169002, "scope2_ml_all": 1348.43041701634, "mw_it": 38.267957746478899, "e_fac_gwh": 375.45458704225302, "co2_kt": 266.5727568, "scope1_ml": 422.38641042253499, "scope2_ml": 1374.6894249965101, "is_operating": true }, "geometry": { "type": "Point", "coordinates": [ 78.45, 17.2 ] } },
{ "type": "Feature", "properties": { "name": "Amazon AWS HYD - Kandukur A", "operator": "Amazon AWS", "status": "operating", "src": "dcm", "opened_year": null, "mw_reported": null, "mw_reported_buildout": null, "dist_name": "Rangareddy", "state_name": "Andhra Pradesh", "dc_type": "hyperscale", "mw_it_all": 37.536971830985898, "e_fac_gwh_all": 368.28273802816898, "co2_kt_all": 261.480744, "scope1_ml_all": 414.31808028169002, "scope2_ml_all": 1348.43041701634, "mw_it": 38.267957746478899, "e_fac_gwh": 375.45458704225302, "co2_kt": 266.5727568, "scope1_ml": 422.38641042253499, "scope2_ml": 1374.6894249965101, "is_operating": true }, "geometry": { "type": "Point", "coordinates": [ 78.45, 17.2 ] } },
{ "type": "Feature", "properties": { "name": "Amazon AWS HYD - Kandukur B", "operator": "Amazon AWS", "status": "construction", "src": "dcm", "opened_year": null, "mw_reported": null, "mw_reported_buildout": null, "dist_name": "Rangareddy", "state_name": "Andhra Pradesh", "dc_type": "hyperscale", "mw_it_all": 37.536971830985898, "e_fac_gwh_all": 368.28273802816898, "co2_kt_all": 261.480744, "scope1_ml_all": 414.31808028169002, "scope2_ml_all": 1348.43041701634, "mw_it": null, "e_fac_gwh": null, "co2_kt": null, "scope1_ml": null, "scope2_ml": null, "is_operating": false }, "geometry": { "type": "Point", "coordinates": [ 78.45, 17.2 ] } },
{ "type": "Feature", "properties": { "name": "Amazon AWS HYD - Meerkhanpet DC1", "operator": "Amazon AWS", "status": "announced", "src": "dcm", "opened_year": null, "mw_reported": null, "mw_reported_buildout": null, "dist_name": "Rangareddy", "state_name": "Andhra Pradesh", "dc_type": "hyperscale", "mw_it_all": 37.536971830985898, "e_fac_gwh_all": 368.28273802816898, "co2_kt_all": 261.480744, "scope1_ml_all": 414.31808028169002, "scope2_ml_all": 1348.43041701634, "mw_it": null, "e_fac_gwh": null, "co2_kt": null, "scope1_ml": null, "scope2_ml": null, "is_operating": false }, "geometry": { "type": "Point", "coordinates": [ 78.45, 17.2 ] } },
{ "type": "Feature", "properties": { "name": "Amazon AWS HYD - Meerkhanpet DC2", "operator": "Amazon AWS", "status": "announced", "src": "dcm", "opened_year": null, "mw_reported": null, "mw_reported_buildout": null, "dist_name": "Rangareddy", "state_name": "Andhra Pradesh", "dc_type": "hyperscale", "mw_it_all": 37.536971830985898, "e_fac_gwh_all": 368.28273802816898, "co2_kt_all": 261.480744, "scope1_ml_all": 414.31808028169002, "scope2_ml_all": 1348.43041701634, "mw_it": null, "e_fac_gwh": null, "co2_kt": null, "scope1_ml": null, "scope2_ml": null, "is_operating": false }, "geometry": { "type": "Point", "coordinates": [ 78.45, 17.2 ] } },
{ "type": "Feature", "properties": { "name": "Amazon AWS HYD - Meerkhanpet DC3", "operator": "Amazon AWS", "status": "announced", "src": "dcm", "opened_year": null, "mw_reported": null, "mw_reported_buildout": null, "dist_name": "Rangareddy", "state_name": "Andhra Pradesh", "dc_type": "hyperscale", "mw_it_all": 37.536971830985898, "e_fac_gwh_all": 368.28273802816898, "co2_kt_all": 261.480744, "scope1_ml_all": 414.31808028169002, "scope2_ml_all": 1348.43041701634, "mw_it": null, "e_fac_gwh": null, "co2_kt": null, "scope1_ml": null, "scope2_ml": null, "is_operating": false }, "geometry": { "type": "Point", "coordinates": [ 78.45, 17.2 ] } },
{ "type": "Feature", "properties": { "name": "Amazon AWS HYD - Meerkhanpet DC4", "operator": "Amazon AWS", "status": "announced", "src": "dcm", "opened_year": null, "mw_reported": null, "mw_reported_buildout": null, "dist_name": "Rangareddy", "state_name": "Andhra Pradesh", "dc_type": "hyperscale", "mw_it_all": 37.536971830985898, "e_fac_gwh_all": 368.28273802816898, "co2_kt_all": 261.480744, "scope1_ml_all": 414.31808028169002, "scope2_ml_all": 1348.43041701634, "mw_it": null, "e_fac_gwh": null, "co2_kt": null, "scope1_ml": null, "scope2_ml": null, "is_operating": false }, "geometry": { "type": "Point", "coordinates": [ 78.45, 17.2 ] } },
{ "type": "Feature", "properties": { "name": "Amazon AWS HYD - Meerkhanpet DC5", "operator": "Amazon AWS", "status": "announced", "src": "dcm", "opened_year": null, "mw_reported": null, "mw_reported_buildout": null, "dist_name": "Rangareddy", "state_name": "Andhra Pradesh", "dc_type": "hyperscale", "mw_it_all": 37.536971830985898, "e_fac_gwh_all": 368.28273802816898, "co2_kt_all": 261.480744, "scope1_ml_all": 414.31808028169002, "scope2_ml_all": 1348.43041701634, "mw_it": null, "e_fac_gwh": null, "co2_kt": null, "scope1_ml": null, "scope2_ml": null, "is_operating": false }, "geometry": { "type": "Point", "coordinates": [ 78.45, 17.2 ] } },
{ "type": "Feature", "properties": { "name": "Amazon AWS HYD - Shahabad A", "operator": "Amazon AWS", "status": "operating", "src": "dcm", "opened_year": null, "mw_reported": null, "mw_reported_buildout": null, "dist_name": "Rangareddy", "state_name": "Andhra Pradesh", "dc_type": "hyperscale", "mw_it_all": 37.536971830985898, "e_fac_gwh_all": 368.28273802816898, "co2_kt_all": 261.480744, "scope1_ml_all": 414.31808028169002, "scope2_ml_all": 1348.43041701634, "mw_it": 38.267957746478899, "e_fac_gwh": 375.45458704225302, "co2_kt": 266.5727568, "scope1_ml": 422.38641042253499, "scope2_ml": 1374.6894249965101, "is_operating": true }, "geometry": { "type": "Point", "coordinates": [ 78.05, 16.95 ] } },
{ "type": "Feature", "properties": { "name": "Amazon AWS HYD - Shahabad B", "operator": "Amazon AWS", "status": "construction", "src": "dcm", "opened_year": null, "mw_reported": null, "mw_reported_buildout": null, "dist_name": "Rangareddy", "state_name": "Andhra Pradesh", "dc_type": "hyperscale", "mw_it_all": 37.536971830985898, "e_fac_gwh_all": 368.28273802816898, "co2_kt_all": 261.480744, "scope1_ml_all": 414.31808028169002, "scope2_ml_all": 1348.43041701634, "mw_it": null, "e_fac_gwh": null, "co2_kt": null, "scope1_ml": null, "scope2_ml": null, "is_operating": false }, "geometry": { "type": "Point", "coordinates": [ 78.05, 16.95 ] } },
{ "type": "Feature", "properties": { "name": "Anant Raj Rai", "operator": "Anant Raj Cloud", "status": "announced", "src": "dcm", "opened_year": null, "mw_reported": null, "mw_reported_buildout": null, "dist_name": "Sonipat", "state_name": "Haryana", "dc_type": "enterprise", "mw_it_all": 3.7536971830985899, "e_fac_gwh_all": 36.828273802816902, "co2_kt_all": 26.1480744, "scope1_ml_all": 41.431808028169002, "scope2_ml_all": 134.84304170163401, "mw_it": null, "e_fac_gwh": null, "co2_kt": null, "scope1_ml": null, "scope2_ml": null, "is_operating": false }, "geometry": { "type": "Point", "coordinates": [ 77.02, 28.99 ] } },
{ "type": "Feature", "properties": { "name": "Ashok Cloud Manesar", "operator": "Ashok Cloud", "status": "operating", "src": "dcm", "opened_year": null, "mw_reported": 21.0, "mw_reported_buildout": 50.0, "dist_name": "South West", "state_name": "Nct Of Delhi", "dc_type": "enterprise", "mw_it_all": 50.0, "e_fac_gwh_all": 490.56, "co2_kt_all": 348.2976, "scope1_ml_all": 551.88, "scope2_ml_all": 1796.136384, "mw_it": 21.0, "e_fac_gwh": 206.0352, "co2_kt": 146.284992, "scope1_ml": 231.7896, "scope2_ml": 754.37728128000003, "is_operating": true }, "geometry": { "type": "Point", "coordinates": [ 77.0266, 28.4595 ] } },
{ "type": "Feature", "properties": { "name": "Ashok Cloud Panchkula", "operator": "Ashok Cloud", "status": "construction", "src": "dcm", "opened_year": null, "mw_reported": 50.0, "mw_reported_buildout": 50.0, "dist_name": "Panchkula", "state_name": "Haryana", "dc_type": "enterprise", "mw_it_all": 50.0, "e_fac_gwh_all": 490.56, "co2_kt_all": 348.2976, "scope1_ml_all": 551.88, "scope2_ml_all": 1796.136384, "mw_it": null, "e_fac_gwh": null, "co2_kt": null, "scope1_ml": null, "scope2_ml": null, "is_operating": false }, "geometry": { "type": "Point", "coordinates": [ 76.8606, 30.6942 ] } },
{ "type": "Feature", "properties": { "name": "BDC BBY01", "operator": "Bridge Data Centres", "status": "operating", "src": "dcm", "opened_year": null, "mw_reported": 20.0, "mw_reported_buildout": 20.0, "dist_name": "Thane", "state_name": "Maharashtra", "dc_type": "colocation", "mw_it_all": 20.0, "e_fac_gwh_all": 196.224, "co2_kt_all": 139.31904, "scope1_ml_all": 220.752, "scope2_ml_all": 718.4545536000001, "mw_it": 20.0, "e_fac_gwh": 196.224, "co2_kt": 139.31904, "scope1_ml": 220.752, "scope2_ml": 718.4545536000001, "is_operating": true }, "geometry": { "type": "Point", "coordinates": [ 73.03, 19.033 ] } },
{ "type": "Feature", "properties": { "name": "BSNL Ahmedabad IDC", "operator": "BSNL IDC", "status": "operating", "src": "dcm", "opened_year": null, "mw_reported": null, "mw_reported_buildout": null, "dist_name": "Gandhinagar", "state_name": "Gujarat", "dc_type": "telecom", "mw_it_all": 1.8768485915493001, "e_fac_gwh_all": 18.414136901408501, "co2_kt_all": 13.0740372, "scope1_ml_all": 20.715904014084501, "scope2_ml_all": 67.421520850816904, "mw_it": 1.9133978873239399, "e_fac_gwh": 18.772729352112702, "co2_kt": 13.32863784, "scope1_ml": 21.119320521126799, "scope2_ml": 68.734471249825404, "is_operating": true }, "geometry": { "type": "Point", "coordinates": [ 72.571, 23.022 ] } },
{ "type": "Feature", "properties": { "name": "BSNL Cochin IDC", "operator": "BSNL IDC", "status": "operating", "src": "dcm", "opened_year": null, "mw_reported": null, "mw_reported_buildout": null, "dist_name": "Alappuzha", "state_name": "Kerala", "dc_type": "telecom", "mw_it_all": 1.8768485915493001, "e_fac_gwh_all": 18.414136901408501, "co2_kt_all": 13.0740372, "scope1_ml_all": 20.715904014084501, "scope2_ml_all": 67.421520850816904, "mw_it": 1.9133978873239399, "e_fac_gwh": 18.772729352112702, "co2_kt": 13.32863784, "scope1_ml": 21.119320521126799, "scope2_ml": 68.734471249825404, "is_operating": true }, "geometry": { "type": "Point", "coordinates": [ 76.34, 9.68 ] } },
{ "type": "Feature", "properties": { "name": "BSNL Delhi IDC", "operator": "BSNL IDC", "status": "operating", "src": "dcm", "opened_year": null, "mw_reported": null, "mw_reported_buildout": null, "dist_name": "North West", "state_name": "Nct Of Delhi", "dc_type": "telecom", "mw_it_all": 1.8768485915493001, "e_fac_gwh_all": 18.414136901408501, "co2_kt_all": 13.0740372, "scope1_ml_all": 20.715904014084501, "scope2_ml_all": 67.421520850816904, "mw_it": 1.9133978873239399, "e_fac_gwh": 18.772729352112702, "co2_kt": 13.32863784, "scope1_ml": 21.119320521126799, "scope2_ml": 68.734471249825404, "is_operating": true }, "geometry": { "type": "Point", "coordinates": [ 77.2, 28.65 ] } },
{ "type": "Feature", "properties": { "name": "BSNL Faridabad IDC", "operator": "BSNL IDC", "status": "operating", "src": "dcm", "opened_year": null, "mw_reported": null, "mw_reported_buildout": null, "dist_name": "South", "state_name": "Nct Of Delhi", "dc_type": "telecom", "mw_it_all": 1.8768485915493001, "e_fac_gwh_all": 18.414136901408501, "co2_kt_all": 13.0740372, "scope1_ml_all": 20.715904014084501, "scope2_ml_all": 67.421520850816904, "mw_it": 1.9133978873239399, "e_fac_gwh": 18.772729352112702, "co2_kt": 13.32863784, "scope1_ml": 21.119320521126799, "scope2_ml": 68.734471249825404, "is_operating": true }, "geometry": { "type": "Point", "coordinates": [ 77.3178, 28.4089 ] } },
{ "type": "Feature", "properties": { "name": "BSNL Hyderabad IDC", "operator": "BSNL IDC", "status": "operating", "src": "dcm", "opened_year": null, "mw_reported": null, "mw_reported_buildout": null, "dist_name": "Rangareddy", "state_name": "Andhra Pradesh", "dc_type": "telecom", "mw_it_all": 1.8768485915493001, "e_fac_gwh_all": 18.414136901408501, "co2_kt_all": 13.0740372, "scope1_ml_all": 20.715904014084501, "scope2_ml_all": 67.421520850816904, "mw_it": 1.9133978873239399, "e_fac_gwh": 18.772729352112702, "co2_kt": 13.32863784, "scope1_ml": 21.119320521126799, "scope2_ml": 68.734471249825404, "is_operating": true }, "geometry": { "type": "Point", "coordinates": [ 78.487, 17.385 ] } },
{ "type": "Feature", "properties": { "name": "BSNL Jaipur IDC", "operator": "BSNL IDC", "status": "operating", "src": "dcm", "opened_year": null, "mw_reported": null, "mw_reported_buildout": null, "dist_name": "Jaipur", "state_name": "Rajasthan", "dc_type": "telecom", "mw_it_all": 1.8768485915493001, "e_fac_gwh_all": 18.414136901408501, "co2_kt_all": 13.0740372, "scope1_ml_all": 20.715904014084501, "scope2_ml_all": 67.421520850816904, "mw_it": 1.9133978873239399, "e_fac_gwh": 18.772729352112702, "co2_kt": 13.32863784, "scope1_ml": 21.119320521126799, "scope2_ml": 68.734471249825404, "is_operating": true }, "geometry": { "type": "Point", "coordinates": [ 75.787, 26.912 ] } },
{ "type": "Feature", "properties": { "name": "BSNL KR Puram IDC", "operator": "BSNL IDC", "status": "operating", "src": "dcm", "opened_year": null, "mw_reported": null, "mw_reported_buildout": null, "dist_name": "Bangalore", "state_name": "Karnataka", "dc_type": "telecom", "mw_it_all": 1.8768485915493001, "e_fac_gwh_all": 18.414136901408501, "co2_kt_all": 13.0740372, "scope1_ml_all": 20.715904014084501, "scope2_ml_all": 67.421520850816904, "mw_it": 1.9133978873239399, "e_fac_gwh": 18.772729352112702, "co2_kt": 13.32863784, "scope1_ml": 21.119320521126799, "scope2_ml": 68.734471249825404, "is_operating": true }, "geometry": { "type": "Point", "coordinates": [ 77.595, 12.972 ] } },
{ "type": "Feature", "properties": { "name": "BSNL Ludhiana IDC", "operator": "BSNL IDC", "status": "operating", "src": "dcm", "opened_year": null, "mw_reported": null, "mw_reported_buildout": null, "dist_name": "Jalandhar", "state_name": "Punjab", "dc_type": "telecom", "mw_it_all": 1.8768485915493001, "e_fac_gwh_all": 18.414136901408501, "co2_kt_all": 13.0740372, "scope1_ml_all": 20.715904014084501, "scope2_ml_all": 67.421520850816904, "mw_it": 1.9133978873239399, "e_fac_gwh": 18.772729352112702, "co2_kt": 13.32863784, "scope1_ml": 21.119320521126799, "scope2_ml": 68.734471249825404, "is_operating": true }, "geometry": { "type": "Point", "coordinates": [ 75.8573, 30.901 ] } },
{ "type": "Feature", "properties": { "name": "BSNL Mumbai IDC", "operator": "BSNL IDC", "status": "operating", "src": "dcm", "opened_year": null, "mw_reported": null, "mw_reported_buildout": null, "dist_name": "Mumbai Suburban", "state_name": "Maharashtra", "dc_type": "telecom", "mw_it_all": 1.8768485915493001, "e_fac_gwh_all": 18.414136901408501, "co2_kt_all": 13.0740372, "scope1_ml_all": 20.715904014084501, "scope2_ml_all": 67.421520850816904, "mw_it": 1.9133978873239399, "e_fac_gwh": 18.772729352112702, "co2_kt": 13.32863784, "scope1_ml": 21.119320521126799, "scope2_ml": 68.734471249825404, "is_operating": true }, "geometry": { "type": "Point", "coordinates": [ 72.878, 19.076 ] } },
{ "type": "Feature", "properties": { "name": "Benzy Infotech Data Center", "operator": "Benzy Infotech PVT LTD", "status": "operating", "src": "dcm", "opened_year": null, "mw_reported": null, "mw_reported_buildout": null, "dist_name": "Alappuzha", "state_name": "Kerala", "dc_type": "enterprise", "mw_it_all": 0.0, "e_fac_gwh_all": 0.0, "co2_kt_all": 0.0, "scope1_ml_all": 0.0, "scope2_ml_all": 0.0, "mw_it": 0.0, "e_fac_gwh": 0.0, "co2_kt": 0.0, "scope1_ml": 0.0, "scope2_ml": 0.0, "is_operating": true }, "geometry": { "type": "Point", "coordinates": [ 76.2673, 9.9312 ] } },
{ "type": "Feature", "properties": { "name": "CEL-ESDS Data Center", "operator": "ESDS Software Solution Pvt. Ltd.", "status": "construction", "src": "dcm", "opened_year": null, "mw_reported": null, "mw_reported_buildout": null, "dist_name": "Ghaziabad", "state_name": "Uttar Pradesh", "dc_type": "colocation", "mw_it_all": 11.2610915492958, "e_fac_gwh_all": 110.484821408451, "co2_kt_all": 78.4442232, "scope1_ml_all": 124.295424084507, "scope2_ml_all": 404.52912510490199, "mw_it": null, "e_fac_gwh": null, "co2_kt": null, "scope1_ml": null, "scope2_ml": null, "is_operating": false }, "geometry": { "type": "Point", "coordinates": [ 77.417, 28.667 ] } },
{ "type": "Feature", "properties": { "name": "CapitaLand Data Centre, Bangalore 01", "operator": "CapitaLand Data Centre", "status": "construction", "src": "dcm", "opened_year": null, "mw_reported": null, "mw_reported_buildout": null, "dist_name": "Bangalore", "state_name": "Karnataka", "dc_type": "colocation", "mw_it_all": 11.2610915492958, "e_fac_gwh_all": 110.484821408451, "co2_kt_all": 78.4442232, "scope1_ml_all": 124.295424084507, "scope2_ml_all": 404.52912510490199, "mw_it": null, "e_fac_gwh": null, "co2_kt": null, "scope1_ml": null, "scope2_ml": null, "is_operating": false }, "geometry": { "type": "Point", "coordinates": [ 77.595, 12.972 ] } },
{ "type": "Feature", "properties": { "name": "CapitaLand Data Centre, Chennai 01", "operator": "CapitaLand Data Centre", "status": "construction", "src": "dcm", "opened_year": null, "mw_reported": null, "mw_reported_buildout": null, "dist_name": "Kancheepuram", "state_name": "Tamil Nadu", "dc_type": "colocation", "mw_it_all": 11.2610915492958, "e_fac_gwh_all": 110.484821408451, "co2_kt_all": 78.4442232, "scope1_ml_all": 124.295424084507, "scope2_ml_all": 404.52912510490199, "mw_it": null, "e_fac_gwh": null, "co2_kt": null, "scope1_ml": null, "scope2_ml": null, "is_operating": false }, "geometry": { "type": "Point", "coordinates": [ 80.2, 12.9 ] } },
{ "type": "Feature", "properties": { "name": "CapitaLand Data Centre, Hyderabad 01", "operator": "CapitaLand Data Centre", "status": "construction", "src": "dcm", "opened_year": null, "mw_reported": null, "mw_reported_buildout": null, "dist_name": "Rangareddy", "state_name": "Andhra Pradesh", "dc_type": "colocation", "mw_it_all": 11.2610915492958, "e_fac_gwh_all": 110.484821408451, "co2_kt_all": 78.4442232, "scope1_ml_all": 124.295424084507, "scope2_ml_all": 404.52912510490199, "mw_it": null, "e_fac_gwh": null, "co2_kt": null, "scope1_ml": null, "scope2_ml": null, "is_operating": false }, "geometry": { "type": "Point", "coordinates": [ 78.487, 17.385 ] } },
{ "type": "Feature", "properties": { "name": "CapitaLand Data Centre, Mumbai 01", "operator": "CapitaLand Data Centre", "status": "operating", "src": "dcm", "opened_year": null, "mw_reported": null, "mw_reported_buildout": null, "dist_name": "Thane", "state_name": "Maharashtra", "dc_type": "colocation", "mw_it_all": 11.2610915492958, "e_fac_gwh_all": 110.484821408451, "co2_kt_all": 78.4442232, "scope1_ml_all": 124.295424084507, "scope2_ml_all": 404.52912510490199, "mw_it": 11.480387323943701, "e_fac_gwh": 112.636376112676, "co2_kt": 79.97182704, "scope1_ml": 126.715923126761, "scope2_ml": 412.406827498952, "is_operating": true }, "geometry": { "type": "Point", "coordinates": [ 73.03, 19.033 ] } },
{ "type": "Feature", "properties": { "name": "CapitaLand Data Centre, Mumbai 02", "operator": "CapitaLand Data Centre", "status": "construction", "src": "dcm", "opened_year": null, "mw_reported": 37.0, "mw_reported_buildout": 37.0, "dist_name": "Thane", "state_name": "Maharashtra", "dc_type": "colocation", "mw_it_all": 37.0, "e_fac_gwh_all": 363.0144, "co2_kt_all": 257.740224, "scope1_ml_all": 408.3912, "scope2_ml_all": 1329.1409241599999, "mw_it": null, "e_fac_gwh": null, "co2_kt": null, "scope1_ml": null, "scope2_ml": null, "is_operating": false }, "geometry": { "type": "Point", "coordinates": [ 73.03, 19.033 ] } },
{ "type": "Feature", "properties": { "name": "Catalyst Data Center", "operator": "Catalyst Business Solutions", "status": "operating", "src": "dcm", "opened_year": null, "mw_reported": null, "mw_reported_buildout": null, "dist_name": "South West", "state_name": "Nct Of Delhi", "dc_type": "enterprise", "mw_it_all": 3.7536971830985899, "e_fac_gwh_all": 36.828273802816902, "co2_kt_all": 26.1480744, "scope1_ml_all": 41.431808028169002, "scope2_ml_all": 134.84304170163401, "mw_it": 3.82679577464789, "e_fac_gwh": 37.545458704225297, "co2_kt": 26.65727568, "scope1_ml": 42.238641042253498, "scope2_ml": 137.46894249965101, "is_operating": true }, "geometry": { "type": "Point", "coordinates": [ 77.0266, 28.4595 ] } },
{ "type": "Feature", "properties": { "name": "Cenmax Chennai", "operator": "Cenmax", "status": "operating", "src": "dcm", "opened_year": null, "mw_reported": null, "mw_reported_buildout": null, "dist_name": "Kancheepuram", "state_name": "Tamil Nadu", "dc_type": "enterprise", "mw_it_all": 3.7536971830985899, "e_fac_gwh_all": 36.828273802816902, "co2_kt_all": 26.1480744, "scope1_ml_all": 41.431808028169002, "scope2_ml_all": 134.84304170163401, "mw_it": 3.82679577464789, "e_fac_gwh": 37.545458704225297, "co2_kt": 26.65727568, "scope1_ml": 42.238641042253498, "scope2_ml": 137.46894249965101, "is_operating": true }, "geometry": { "type": "Point", "coordinates": [ 80.2, 12.9 ] } },
{ "type": "Feature", "properties": { "name": "CloudETC Data Center", "operator": "CloudETC", "status": "operating", "src": "dcm", "opened_year": null, "mw_reported": null, "mw_reported_buildout": null, "dist_name": "Gandhinagar", "state_name": "Gujarat", "dc_type": "enterprise", "mw_it_all": 0.0, "e_fac_gwh_all": 0.0, "co2_kt_all": 0.0, "scope1_ml_all": 0.0, "scope2_ml_all": 0.0, "mw_it": 0.0, "e_fac_gwh": 0.0, "co2_kt": 0.0, "scope1_ml": 0.0, "scope2_ml": 0.0, "is_operating": true }, "geometry": { "type": "Point", "coordinates": [ 72.571, 23.022 ] } },
{ "type": "Feature", "properties": { "name": "CloudOYE Data Center Noida", "operator": "CloudOYE", "status": "operating", "src": "dcm", "opened_year": null, "mw_reported": null, "mw_reported_buildout": null, "dist_name": "Gautam Buddha Nagar", "state_name": "Uttar Pradesh", "dc_type": "enterprise", "mw_it_all": 3.7536971830985899, "e_fac_gwh_all": 36.828273802816902, "co2_kt_all": 26.1480744, "scope1_ml_all": 41.431808028169002, "scope2_ml_all": 134.84304170163401, "mw_it": 3.82679577464789, "e_fac_gwh": 37.545458704225297, "co2_kt": 26.65727568, "scope1_ml": 42.238641042253498, "scope2_ml": 137.46894249965101, "is_operating": true }, "geometry": { "type": "Point", "coordinates": [ 77.391, 28.535 ] } },
{ "type": "Feature", "properties": { "name": "Colt Chennai", "operator": "Colt Data Centre Services", "status": "construction", "src": "dcm", "opened_year": null, "mw_reported": 72.0, "mw_reported_buildout": 72.0, "dist_name": "Kancheepuram", "state_name": "Tamil Nadu", "dc_type": "colocation", "mw_it_all": 72.0, "e_fac_gwh_all": 706.4064, "co2_kt_all": 501.548544, "scope1_ml_all": 794.7072, "scope2_ml_all": 2586.4363929599999, "mw_it": null, "e_fac_gwh": null, "co2_kt": null, "scope1_ml": null, "scope2_ml": null, "is_operating": false }, "geometry": { "type": "Point", "coordinates": [ 80.2, 12.9 ] } },
{ "type": "Feature", "properties": { "name": "Colt Mumbai", "operator": "Colt Data Centre Services", "status": "operating", "src": "dcm", "opened_year": null, "mw_reported": null, "mw_reported_buildout": null, "dist_name": "Thane", "state_name": "Maharashtra", "dc_type": "colocation", "mw_it_all": 11.2610915492958, "e_fac_gwh_all": 110.484821408451, "co2_kt_all": 78.4442232, "scope1_ml_all": 124.295424084507, "scope2_ml_all": 404.52912510490199, "mw_it": 11.480387323943701, "e_fac_gwh": 112.636376112676, "co2_kt": 79.97182704, "scope1_ml": 126.715923126761, "scope2_ml": 412.406827498952, "is_operating": true }, "geometry": { "type": "Point", "coordinates": [ 73.03, 19.033 ] } },
{ "type": "Feature", "properties": { "name": "Colt Vizag Campus", "operator": "Colt Data Centre Services", "status": "announced", "src": "dcm", "opened_year": null, "mw_reported": null, "mw_reported_buildout": null, "dist_name": "Visakhapatnam", "state_name": "Andhra Pradesh", "dc_type": "colocation", "mw_it_all": 11.2610915492958, "e_fac_gwh_all": 110.484821408451, "co2_kt_all": 78.4442232, "scope1_ml_all": 124.295424084507, "scope2_ml_all": 404.52912510490199, "mw_it": null, "e_fac_gwh": null, "co2_kt": null, "scope1_ml": null, "scope2_ml": null, "is_operating": false }, "geometry": { "type": "Point", "coordinates": [ 83.2185, 17.6868 ] } },
{ "type": "Feature", "properties": { "name": "CtrlS Bangalore DC1", "operator": "CtrlS Datacenters Pvt Ltd", "status": "operating", "src": "dcm", "opened_year": null, "mw_reported": null, "mw_reported_buildout": null, "dist_name": "Bangalore", "state_name": "Karnataka", "dc_type": "colocation", "mw_it_all": 11.2610915492958, "e_fac_gwh_all": 110.484821408451, "co2_kt_all": 78.4442232, "scope1_ml_all": 124.295424084507, "scope2_ml_all": 404.52912510490199, "mw_it": 11.480387323943701, "e_fac_gwh": 112.636376112676, "co2_kt": 79.97182704, "scope1_ml": 126.715923126761, "scope2_ml": 412.406827498952, "is_operating": true }, "geometry": { "type": "Point", "coordinates": [ 77.595, 12.972 ] } },
{ "type": "Feature", "properties": { "name": "CtrlS Bhopal DC1", "operator": "CtrlS Datacenters Pvt Ltd", "status": "construction", "src": "dcm", "opened_year": null, "mw_reported": null, "mw_reported_buildout": null, "dist_name": "Bhopal", "state_name": "Madhya Pradesh", "dc_type": "colocation", "mw_it_all": 11.2610915492958, "e_fac_gwh_all": 110.484821408451, "co2_kt_all": 78.4442232, "scope1_ml_all": 124.295424084507, "scope2_ml_all": 404.52912510490199, "mw_it": null, "e_fac_gwh": null, "co2_kt": null, "scope1_ml": null, "scope2_ml": null, "is_operating": false }, "geometry": { "type": "Point", "coordinates": [ 77.4126, 23.2599 ] } },
{ "type": "Feature", "properties": { "name": "CtrlS Bhubaneswar DC1", "operator": "CtrlS Datacenters Pvt Ltd", "status": "operating", "src": "dcm", "opened_year": null, "mw_reported": null, "mw_reported_buildout": null, "dist_name": "Khordha", "state_name": "Odisha", "dc_type": "colocation", "mw_it_all": 11.2610915492958, "e_fac_gwh_all": 110.484821408451, "co2_kt_all": 78.4442232, "scope1_ml_all": 124.295424084507, "scope2_ml_all": 404.52912510490199, "mw_it": 11.480387323943701, "e_fac_gwh": 112.636376112676, "co2_kt": 79.97182704, "scope1_ml": 126.715923126761, "scope2_ml": 412.406827498952, "is_operating": true }, "geometry": { "type": "Point", "coordinates": [ 85.8245, 20.2961 ] } },
{ "type": "Feature", "properties": { "name": "CtrlS Chennai Datacenter Park (DC2)", "operator": "CtrlS", "status": "operating", "src": "census", "opened_year": null, "mw_reported": 72.0, "mw_reported_buildout": 72.0, "dist_name": "Kancheepuram", "state_name": "Tamil Nadu", "dc_type": "colocation", "mw_it_all": 72.0, "e_fac_gwh_all": 706.4064, "co2_kt_all": 501.548544, "scope1_ml_all": 794.7072, "scope2_ml_all": 2586.4363929599999, "mw_it": 72.0, "e_fac_gwh": 706.4064, "co2_kt": 501.548544, "scope1_ml": 794.7072, "scope2_ml": 2586.4363929599999, "is_operating": true }, "geometry": { "type": "Point", "coordinates": [ 80.2, 12.9 ] } },
{ "type": "Feature", "properties": { "name": "CtrlS Hyderabad DC1", "operator": "CtrlS", "status": "operating", "src": "census", "opened_year": null, "mw_reported": 4.0, "mw_reported_buildout": 4.0, "dist_name": "Rangareddy", "state_name": "Andhra Pradesh", "dc_type": "colocation", "mw_it_all": 4.0, "e_fac_gwh_all": 39.2448, "co2_kt_all": 27.863808, "scope1_ml_all": 44.1504, "scope2_ml_all": 143.69091072000001, "mw_it": 4.0, "e_fac_gwh": 39.2448, "co2_kt": 27.863808, "scope1_ml": 44.1504, "scope2_ml": 143.69091072000001, "is_operating": true }, "geometry": { "type": "Point", "coordinates": [ 78.487, 17.385 ] } },
{ "type": "Feature", "properties": { "name": "CtrlS Hyderabad DC2", "operator": "CtrlS", "status": "operating", "src": "census", "opened_year": null, "mw_reported": 7.4, "mw_reported_buildout": 7.4, "dist_name": "Rangareddy", "state_name": "Andhra Pradesh", "dc_type": "colocation", "mw_it_all": 7.4, "e_fac_gwh_all": 72.60288, "co2_kt_all": 51.5480448, "scope1_ml_all": 81.67824, "scope2_ml_all": 265.82818483199998, "mw_it": 7.4, "e_fac_gwh": 72.60288, "co2_kt": 51.5480448, "scope1_ml": 81.67824, "scope2_ml": 265.82818483199998, "is_operating": true }, "geometry": { "type": "Point", "coordinates": [ 78.487, 17.385 ] } },
{ "type": "Feature", "properties": { "name": "CtrlS Hyderabad DC3", "operator": "CtrlS", "status": "operating", "src": "census", "opened_year": null, "mw_reported": 13.0, "mw_reported_buildout": 13.0, "dist_name": "Rangareddy", "state_name": "Andhra Pradesh", "dc_type": "colocation", "mw_it_all": 13.0, "e_fac_gwh_all": 127.5456, "co2_kt_all": 90.557376, "scope1_ml_all": 143.4888, "scope2_ml_all": 466.99545984000002, "mw_it": 13.0, "e_fac_gwh": 127.5456, "co2_kt": 90.557376, "scope1_ml": 143.4888, "scope2_ml": 466.99545984000002, "is_operating": true }, "geometry": { "type": "Point", "coordinates": [ 78.487, 17.385 ] } },
{ "type": "Feature", "properties": { "name": "CtrlS Hyderabad DC4", "operator": "CtrlS Datacenters Pvt Ltd", "status": "announced", "src": "dcm", "opened_year": null, "mw_reported": 600.0, "mw_reported_buildout": 600.0, "dist_name": "Rangareddy", "state_name": "Andhra Pradesh", "dc_type": "colocation", "mw_it_all": 600.0, "e_fac_gwh_all": 5886.72, "co2_kt_all": 4179.5712, "scope1_ml_all": 6622.56, "scope2_ml_all": 21553.636608000001, "mw_it": null, "e_fac_gwh": null, "co2_kt": null, "scope1_ml": null, "scope2_ml": null, "is_operating": false }, "geometry": { "type": "Point", "coordinates": [ 78.45, 17.2 ] } },
{ "type": "Feature", "properties": { "name": "CtrlS Kolkata DC1", "operator": "CtrlS Datacenters Pvt Ltd", "status": "operating", "src": "dcm", "opened_year": null, "mw_reported": 16.0, "mw_reported_buildout": 16.0, "dist_name": "South Twenty Four Parganas", "state_name": "West Bengal", "dc_type": "colocation", "mw_it_all": 16.0, "e_fac_gwh_all": 156.9792, "co2_kt_all": 111.455232, "scope1_ml_all": 176.6016, "scope2_ml_all": 574.76364288000002, "mw_it": 16.0, "e_fac_gwh": 156.9792, "co2_kt": 111.455232, "scope1_ml": 176.6016, "scope2_ml": 574.76364288000002, "is_operating": true }, "geometry": { "type": "Point", "coordinates": [ 88.364, 22.573 ] } },
{ "type": "Feature", "properties": { "name": "CtrlS Lucknow Edge DC1", "operator": "CtrlS Datacenters Pvt Ltd", "status": "operating", "src": "dcm", "opened_year": null, "mw_reported": 0.18, "mw_reported_buildout": 0.18, "dist_name": "Lucknow", "state_name": "Uttar Pradesh", "dc_type": "colocation", "mw_it_all": 0.18, "e_fac_gwh_all": 1.766016, "co2_kt_all": 1.25387136, "scope1_ml_all": 1.986768, "scope2_ml_all": 6.4660909824, "mw_it": 0.18, "e_fac_gwh": 1.766016, "co2_kt": 1.25387136, "scope1_ml": 1.986768, "scope2_ml": 6.4660909824, "is_operating": true }, "geometry": { "type": "Point", "coordinates": [ 80.9462, 26.8467 ] } },
{ "type": "Feature", "properties": { "name": "CtrlS Mumbai DC1", "operator": "CtrlS", "status": "operating", "src": "census", "opened_year": null, "mw_reported": 20.0, "mw_reported_buildout": 20.0, "dist_name": "Thane", "state_name": "Maharashtra", "dc_type": "colocation", "mw_it_all": 20.0, "e_fac_gwh_all": 196.224, "co2_kt_all": 139.31904, "scope1_ml_all": 220.752, "scope2_ml_all": 718.4545536000001, "mw_it": 20.0, "e_fac_gwh": 196.224, "co2_kt": 139.31904, "scope1_ml": 220.752, "scope2_ml": 718.4545536000001, "is_operating": true }, "geometry": { "type": "Point", "coordinates": [ 73.03, 19.033 ] } },
{ "type": "Feature", "properties": { "name": "CtrlS Mumbai DC2", "operator": "CtrlS", "status": "operating", "src": "census", "opened_year": null, "mw_reported": 16.0, "mw_reported_buildout": 16.0, "dist_name": "Thane", "state_name": "Maharashtra", "dc_type": "colocation", "mw_it_all": 16.0, "e_fac_gwh_all": 156.9792, "co2_kt_all": 111.455232, "scope1_ml_all": 176.6016, "scope2_ml_all": 574.76364288000002, "mw_it": 16.0, "e_fac_gwh": 156.9792, "co2_kt": 111.455232, "scope1_ml": 176.6016, "scope2_ml": 574.76364288000002, "is_operating": true }, "geometry": { "type": "Point", "coordinates": [ 73.03, 19.033 ] } },
{ "type": "Feature", "properties": { "name": "CtrlS Noida", "operator": "CtrlS", "status": "operating", "src": "census", "opened_year": null, "mw_reported": 8.0, "mw_reported_buildout": 8.0, "dist_name": "Gautam Buddha Nagar", "state_name": "Uttar Pradesh", "dc_type": "colocation", "mw_it_all": 8.0, "e_fac_gwh_all": 78.4896, "co2_kt_all": 55.727616, "scope1_ml_all": 88.3008, "scope2_ml_all": 287.38182144000001, "mw_it": 8.0, "e_fac_gwh": 78.4896, "co2_kt": 55.727616, "scope1_ml": 88.3008, "scope2_ml": 287.38182144000001, "is_operating": true }, "geometry": { "type": "Point", "coordinates": [ 77.391, 28.535 ] } },
{ "type": "Feature", "properties": { "name": "CtrlS Patna Edge DC1", "operator": "CtrlS Datacenters Pvt Ltd", "status": "operating", "src": "dcm", "opened_year": null, "mw_reported": null, "mw_reported_buildout": null, "dist_name": "Patna", "state_name": "Bihar", "dc_type": "colocation", "mw_it_all": 11.2610915492958, "e_fac_gwh_all": 110.484821408451, "co2_kt_all": 78.4442232, "scope1_ml_all": 124.295424084507, "scope2_ml_all": 404.52912510490199, "mw_it": 11.480387323943701, "e_fac_gwh": 112.636376112676, "co2_kt": 79.97182704, "scope1_ml": 126.715923126761, "scope2_ml": 412.406827498952, "is_operating": true }, "geometry": { "type": "Point", "coordinates": [ 85.1376, 25.5941 ] } },
{ "type": "Feature", "properties": { "name": "Cyfuture Bangalore Data Center", "operator": "Cyfuture Data Center", "status": "operating", "src": "dcm", "opened_year": null, "mw_reported": null, "mw_reported_buildout": null, "dist_name": "Bangalore", "state_name": "Karnataka", "dc_type": "colocation", "mw_it_all": 11.2610915492958, "e_fac_gwh_all": 110.484821408451, "co2_kt_all": 78.4442232, "scope1_ml_all": 124.295424084507, "scope2_ml_all": 404.52912510490199, "mw_it": 11.480387323943701, "e_fac_gwh": 112.636376112676, "co2_kt": 79.97182704, "scope1_ml": 126.715923126761, "scope2_ml": 412.406827498952, "is_operating": true }, "geometry": { "type": "Point", "coordinates": [ 77.595, 12.972 ] } },
{ "type": "Feature", "properties": { "name": "Cyfuture Mumbai Data Center", "operator": "Cyfuture Data Center", "status": "operating", "src": "dcm", "opened_year": null, "mw_reported": null, "mw_reported_buildout": null, "dist_name": "Thane", "state_name": "Maharashtra", "dc_type": "colocation", "mw_it_all": 11.2610915492958, "e_fac_gwh_all": 110.484821408451, "co2_kt_all": 78.4442232, "scope1_ml_all": 124.295424084507, "scope2_ml_all": 404.52912510490199, "mw_it": 11.480387323943701, "e_fac_gwh": 112.636376112676, "co2_kt": 79.97182704, "scope1_ml": 126.715923126761, "scope2_ml": 412.406827498952, "is_operating": true }, "geometry": { "type": "Point", "coordinates": [ 73.03, 19.033 ] } },
{ "type": "Feature", "properties": { "name": "Cyfuture Noida Data Center", "operator": "Cyfuture Data Center", "status": "operating", "src": "dcm", "opened_year": null, "mw_reported": null, "mw_reported_buildout": null, "dist_name": "Gautam Buddha Nagar", "state_name": "Uttar Pradesh", "dc_type": "colocation", "mw_it_all": 11.2610915492958, "e_fac_gwh_all": 110.484821408451, "co2_kt_all": 78.4442232, "scope1_ml_all": 124.295424084507, "scope2_ml_all": 404.52912510490199, "mw_it": 11.480387323943701, "e_fac_gwh": 112.636376112676, "co2_kt": 79.97182704, "scope1_ml": 126.715923126761, "scope2_ml": 412.406827498952, "is_operating": true }, "geometry": { "type": "Point", "coordinates": [ 77.391, 28.535 ] } },
{ "type": "Feature", "properties": { "name": "DC10G", "operator": "DC10G", "status": "operating", "src": "dcm", "opened_year": null, "mw_reported": null, "mw_reported_buildout": null, "dist_name": "Gautam Buddha Nagar", "state_name": "Uttar Pradesh", "dc_type": "enterprise", "mw_it_all": 0.0, "e_fac_gwh_all": 0.0, "co2_kt_all": 0.0, "scope1_ml_all": 0.0, "scope2_ml_all": 0.0, "mw_it": 0.0, "e_fac_gwh": 0.0, "co2_kt": 0.0, "scope1_ml": 0.0, "scope2_ml": 0.0, "is_operating": true }, "geometry": { "type": "Point", "coordinates": [ 77.391, 28.535 ] } },
{ "type": "Feature", "properties": { "name": "DEVPETER DATACENTER", "operator": "DEVPETER DATACENTER PVT. LTD.", "status": "operating", "src": "dcm", "opened_year": null, "mw_reported": null, "mw_reported_buildout": null, "dist_name": "Gandhinagar", "state_name": "Gujarat", "dc_type": "enterprise", "mw_it_all": 3.7536971830985899, "e_fac_gwh_all": 36.828273802816902, "co2_kt_all": 26.1480744, "scope1_ml_all": 41.431808028169002, "scope2_ml_all": 134.84304170163401, "mw_it": 3.82679577464789, "e_fac_gwh": 37.545458704225297, "co2_kt": 26.65727568, "scope1_ml": 42.238641042253498, "scope2_ml": 137.46894249965101, "is_operating": true }, "geometry": { "type": "Point", "coordinates": [ 72.571, 23.022 ] } },
{ "type": "Feature", "properties": { "name": "DTS-NET India", "operator": "DTS-NET", "status": "operating", "src": "dcm", "opened_year": null, "mw_reported": null, "mw_reported_buildout": null, "dist_name": "Alappuzha", "state_name": "Kerala", "dc_type": "enterprise", "mw_it_all": 3.7536971830985899, "e_fac_gwh_all": 36.828273802816902, "co2_kt_all": 26.1480744, "scope1_ml_all": 41.431808028169002, "scope2_ml_all": 134.84304170163401, "mw_it": 3.82679577464789, "e_fac_gwh": 37.545458704225297, "co2_kt": 26.65727568, "scope1_ml": 42.238641042253498, "scope2_ml": 137.46894249965101, "is_operating": true }, "geometry": { "type": "Point", "coordinates": [ 76.2673, 9.9312 ] } },
{ "type": "Feature", "properties": { "name": "DataFirst Ahmedabad", "operator": "Data First", "status": "operating", "src": "dcm", "opened_year": null, "mw_reported": null, "mw_reported_buildout": null, "dist_name": "Gandhinagar", "state_name": "Gujarat", "dc_type": "enterprise", "mw_it_all": 3.7536971830985899, "e_fac_gwh_all": 36.828273802816902, "co2_kt_all": 26.1480744, "scope1_ml_all": 41.431808028169002, "scope2_ml_all": 134.84304170163401, "mw_it": 3.82679577464789, "e_fac_gwh": 37.545458704225297, "co2_kt": 26.65727568, "scope1_ml": 42.238641042253498, "scope2_ml": 137.46894249965101, "is_operating": true }, "geometry": { "type": "Point", "coordinates": [ 72.571, 23.022 ] } },
{ "type": "Feature", "properties": { "name": "DataFirst Jaipur", "operator": "Data First", "status": "operating", "src": "dcm", "opened_year": null, "mw_reported": null, "mw_reported_buildout": null, "dist_name": "Jaipur", "state_name": "Rajasthan", "dc_type": "enterprise", "mw_it_all": 3.7536971830985899, "e_fac_gwh_all": 36.828273802816902, "co2_kt_all": 26.1480744, "scope1_ml_all": 41.431808028169002, "scope2_ml_all": 134.84304170163401, "mw_it": 3.82679577464789, "e_fac_gwh": 37.545458704225297, "co2_kt": 26.65727568, "scope1_ml": 42.238641042253498, "scope2_ml": 137.46894249965101, "is_operating": true }, "geometry": { "type": "Point", "coordinates": [ 75.787, 26.912 ] } },
{ "type": "Feature", "properties": { "name": "DataGalaxy Data Center", "operator": "DataGalaxy", "status": "operating", "src": "dcm", "opened_year": null, "mw_reported": null, "mw_reported_buildout": null, "dist_name": "Pune", "state_name": "Maharashtra", "dc_type": "enterprise", "mw_it_all": 0.0, "e_fac_gwh_all": 0.0, "co2_kt_all": 0.0, "scope1_ml_all": 0.0, "scope2_ml_all": 0.0, "mw_it": 0.0, "e_fac_gwh": 0.0, "co2_kt": 0.0, "scope1_ml": 0.0, "scope2_ml": 0.0, "is_operating": true }, "geometry": { "type": "Point", "coordinates": [ 73.857, 18.52 ] } },
{ "type": "Feature", "properties": { "name": "DataSamudra", "operator": "TeleIndia Networks Private Limited", "status": "operating", "src": "dcm", "opened_year": null, "mw_reported": null, "mw_reported_buildout": null, "dist_name": "Bangalore", "state_name": "Karnataka", "dc_type": "enterprise", "mw_it_all": 3.7536971830985899, "e_fac_gwh_all": 36.828273802816902, "co2_kt_all": 26.1480744, "scope1_ml_all": 41.431808028169002, "scope2_ml_all": 134.84304170163401, "mw_it": 3.82679577464789, "e_fac_gwh": 37.545458704225297, "co2_kt": 26.65727568, "scope1_ml": 42.238641042253498, "scope2_ml": 137.46894249965101, "is_operating": true }, "geometry": { "type": "Point", "coordinates": [ 77.595, 12.972 ] } },
{ "type": "Feature", "properties": { "name": "Dbyte 135 EDC", "operator": "Dbyte Facility Network Private Limited", "status": "operating", "src": "dcm", "opened_year": null, "mw_reported": null, "mw_reported_buildout": null, "dist_name": "Gautam Buddha Nagar", "state_name": "Uttar Pradesh", "dc_type": "enterprise", "mw_it_all": 3.7536971830985899, "e_fac_gwh_all": 36.828273802816902, "co2_kt_all": 26.1480744, "scope1_ml_all": 41.431808028169002, "scope2_ml_all": 134.84304170163401, "mw_it": 3.82679577464789, "e_fac_gwh": 37.545458704225297, "co2_kt": 26.65727568, "scope1_ml": 42.238641042253498, "scope2_ml": 137.46894249965101, "is_operating": true }, "geometry": { "type": "Point", "coordinates": [ 77.391, 28.535 ] } },
{ "type": "Feature", "properties": { "name": "Digital Connexion - Data Center in Chennai", "operator": "Digital Connexion", "status": "operating", "src": "dcm", "opened_year": null, "mw_reported": null, "mw_reported_buildout": null, "dist_name": "Kancheepuram", "state_name": "Tamil Nadu", "dc_type": "hyperscale", "mw_it_all": 37.536971830985898, "e_fac_gwh_all": 368.28273802816898, "co2_kt_all": 261.480744, "scope1_ml_all": 414.31808028169002, "scope2_ml_all": 1348.43041701634, "mw_it": 38.267957746478899, "e_fac_gwh": 375.45458704225302, "co2_kt": 266.5727568, "scope1_ml": 422.38641042253499, "scope2_ml": 1374.6894249965101, "is_operating": true }, "geometry": { "type": "Point", "coordinates": [ 80.2, 12.9 ] } },
{ "type": "Feature", "properties": { "name": "Digital Connexion - Data Center in Mumbai", "operator": "Digital Connexion", "status": "construction", "src": "dcm", "opened_year": null, "mw_reported": null, "mw_reported_buildout": null, "dist_name": "Mumbai Suburban", "state_name": "Maharashtra", "dc_type": "hyperscale", "mw_it_all": 37.536971830985898, "e_fac_gwh_all": 368.28273802816898, "co2_kt_all": 261.480744, "scope1_ml_all": 414.31808028169002, "scope2_ml_all": 1348.43041701634, "mw_it": null, "e_fac_gwh": null, "co2_kt": null, "scope1_ml": null, "scope2_ml": null, "is_operating": false }, "geometry": { "type": "Point", "coordinates": [ 72.878, 19.076 ] } },
{ "type": "Feature", "properties": { "name": "Digital Edge - Palava", "operator": "Digital Edge DC", "status": "announced", "src": "dcm", "opened_year": null, "mw_reported": null, "mw_reported_buildout": null, "dist_name": "Thane", "state_name": "Maharashtra", "dc_type": "colocation", "mw_it_all": 11.2610915492958, "e_fac_gwh_all": 110.484821408451, "co2_kt_all": 78.4442232, "scope1_ml_all": 124.295424084507, "scope2_ml_all": 404.52912510490199, "mw_it": null, "e_fac_gwh": null, "co2_kt": null, "scope1_ml": null, "scope2_ml": null, "is_operating": false }, "geometry": { "type": "Point", "coordinates": [ 73.03, 19.033 ] } },
{ "type": "Feature", "properties": { "name": "Digital Edge BOM1", "operator": "Digital Edge", "status": "construction", "src": "census", "opened_year": null, "mw_reported": null, "mw_reported_buildout": null, "dist_name": "Thane", "state_name": "Maharashtra", "dc_type": "colocation", "mw_it_all": 11.2610915492958, "e_fac_gwh_all": 110.484821408451, "co2_kt_all": 78.4442232, "scope1_ml_all": 124.295424084507, "scope2_ml_all": 404.52912510490199, "mw_it": null, "e_fac_gwh": null, "co2_kt": null, "scope1_ml": null, "scope2_ml": null, "is_operating": false }, "geometry": { "type": "Point", "coordinates": [ 73.03, 19.033 ] } },
{ "type": "Feature", "properties": { "name": "Dinclix GroundWorks", "operator": "Dinclix GroundWorks", "status": "operating", "src": "dcm", "opened_year": null, "mw_reported": null, "mw_reported_buildout": null, "dist_name": "Indore", "state_name": "Madhya Pradesh", "dc_type": "enterprise", "mw_it_all": 0.0, "e_fac_gwh_all": 0.0, "co2_kt_all": 0.0, "scope1_ml_all": 0.0, "scope2_ml_all": 0.0, "mw_it": 0.0, "e_fac_gwh": 0.0, "co2_kt": 0.0, "scope1_ml": 0.0, "scope2_ml": 0.0, "is_operating": true }, "geometry": { "type": "Point", "coordinates": [ 75.8577, 22.7196 ] } },
{ "type": "Feature", "properties": { "name": "ECS Biztech Data Center", "operator": "ECS Corporation", "status": "operating", "src": "dcm", "opened_year": null, "mw_reported": null, "mw_reported_buildout": null, "dist_name": "Gandhinagar", "state_name": "Gujarat", "dc_type": "enterprise", "mw_it_all": 0.0, "e_fac_gwh_all": 0.0, "co2_kt_all": 0.0, "scope1_ml_all": 0.0, "scope2_ml_all": 0.0, "mw_it": 0.0, "e_fac_gwh": 0.0, "co2_kt": 0.0, "scope1_ml": 0.0, "scope2_ml": 0.0, "is_operating": true }, "geometry": { "type": "Point", "coordinates": [ 72.571, 23.022 ] } },
{ "type": "Feature", "properties": { "name": "ESDS Airoli DC", "operator": "ESDS Software Solution Pvt. Ltd.", "status": "operating", "src": "dcm", "opened_year": null, "mw_reported": null, "mw_reported_buildout": null, "dist_name": "Thane", "state_name": "Maharashtra", "dc_type": "colocation", "mw_it_all": 11.2610915492958, "e_fac_gwh_all": 110.484821408451, "co2_kt_all": 78.4442232, "scope1_ml_all": 124.295424084507, "scope2_ml_all": 404.52912510490199, "mw_it": 11.480387323943701, "e_fac_gwh": 112.636376112676, "co2_kt": 79.97182704, "scope1_ml": 126.715923126761, "scope2_ml": 412.406827498952, "is_operating": true }, "geometry": { "type": "Point", "coordinates": [ 73.03, 19.033 ] } },
{ "type": "Feature", "properties": { "name": "ESDS Bengaluru DC", "operator": "ESDS Software Solution Pvt. Ltd.", "status": "operating", "src": "dcm", "opened_year": null, "mw_reported": null, "mw_reported_buildout": null, "dist_name": "Bangalore", "state_name": "Karnataka", "dc_type": "colocation", "mw_it_all": 11.2610915492958, "e_fac_gwh_all": 110.484821408451, "co2_kt_all": 78.4442232, "scope1_ml_all": 124.295424084507, "scope2_ml_all": 404.52912510490199, "mw_it": 11.480387323943701, "e_fac_gwh": 112.636376112676, "co2_kt": 79.97182704, "scope1_ml": 126.715923126761, "scope2_ml": 412.406827498952, "is_operating": true }, "geometry": { "type": "Point", "coordinates": [ 77.595, 12.972 ] } },
{ "type": "Feature", "properties": { "name": "ESDS Mohali DC", "operator": "ESDS Software Solution Pvt. Ltd.", "status": "operating", "src": "dcm", "opened_year": null, "mw_reported": null, "mw_reported_buildout": null, "dist_name": "Jalandhar", "state_name": "Punjab", "dc_type": "colocation", "mw_it_all": 11.2610915492958, "e_fac_gwh_all": 110.484821408451, "co2_kt_all": 78.4442232, "scope1_ml_all": 124.295424084507, "scope2_ml_all": 404.52912510490199, "mw_it": 11.480387323943701, "e_fac_gwh": 112.636376112676, "co2_kt": 79.97182704, "scope1_ml": 126.715923126761, "scope2_ml": 412.406827498952, "is_operating": true }, "geometry": { "type": "Point", "coordinates": [ 75.8573, 30.901 ] } },
{ "type": "Feature", "properties": { "name": "ESDS Mumbai DC", "operator": "ESDS Software Solution Pvt. Ltd.", "status": "operating", "src": "dcm", "opened_year": null, "mw_reported": null, "mw_reported_buildout": null, "dist_name": "Mumbai Suburban", "state_name": "Maharashtra", "dc_type": "colocation", "mw_it_all": 11.2610915492958, "e_fac_gwh_all": 110.484821408451, "co2_kt_all": 78.4442232, "scope1_ml_all": 124.295424084507, "scope2_ml_all": 404.52912510490199, "mw_it": 11.480387323943701, "e_fac_gwh": 112.636376112676, "co2_kt": 79.97182704, "scope1_ml": 126.715923126761, "scope2_ml": 412.406827498952, "is_operating": true }, "geometry": { "type": "Point", "coordinates": [ 72.878, 19.076 ] } },
{ "type": "Feature", "properties": { "name": "ESDS Nashik", "operator": "ESDS", "status": "operating", "src": "census", "opened_year": null, "mw_reported": null, "mw_reported_buildout": null, "dist_name": "Nashik", "state_name": "Maharashtra", "dc_type": "colocation", "mw_it_all": 11.2610915492958, "e_fac_gwh_all": 110.484821408451, "co2_kt_all": 78.4442232, "scope1_ml_all": 124.295424084507, "scope2_ml_all": 404.52912510490199, "mw_it": 11.480387323943701, "e_fac_gwh": 112.636376112676, "co2_kt": 79.97182704, "scope1_ml": 126.715923126761, "scope2_ml": 412.406827498952, "is_operating": true }, "geometry": { "type": "Point", "coordinates": [ 73.79, 19.998 ] } },
{ "type": "Feature", "properties": { "name": "ESR Rabale MU1", "operator": "ESR Group", "status": "construction", "src": "dcm", "opened_year": null, "mw_reported": null, "mw_reported_buildout": null, "dist_name": "Thane", "state_name": "Maharashtra", "dc_type": "enterprise", "mw_it_all": 3.7536971830985899, "e_fac_gwh_all": 36.828273802816902, "co2_kt_all": 26.1480744, "scope1_ml_all": 41.431808028169002, "scope2_ml_all": 134.84304170163401, "mw_it": null, "e_fac_gwh": null, "co2_kt": null, "scope1_ml": null, "scope2_ml": null, "is_operating": false }, "geometry": { "type": "Point", "coordinates": [ 73.03, 19.033 ] } },
{ "type": "Feature", "properties": { "name": "Equinix CN1", "operator": "Equinix", "status": "operating", "src": "dcm", "opened_year": null, "mw_reported": 3.24, "mw_reported_buildout": 24.0, "dist_name": "Kancheepuram", "state_name": "Tamil Nadu", "dc_type": "colocation", "mw_it_all": 24.0, "e_fac_gwh_all": 235.4688, "co2_kt_all": 167.182848, "scope1_ml_all": 264.9024, "scope2_ml_all": 862.14546431999997, "mw_it": 3.24, "e_fac_gwh": 31.788288, "co2_kt": 22.56968448, "scope1_ml": 35.761824, "scope2_ml": 116.38963768319999, "is_operating": true }, "geometry": { "type": "Point", "coordinates": [ 80.2, 12.9 ] } },
{ "type": "Feature", "properties": { "name": "Equinix MB1 (ex-GPX 1)", "operator": "Equinix", "status": "operating", "src": "census", "opened_year": null, "mw_reported": 2.6, "mw_reported_buildout": 2.6, "dist_name": "Mumbai Suburban", "state_name": "Maharashtra", "dc_type": "colocation", "mw_it_all": 2.6, "e_fac_gwh_all": 25.50912, "co2_kt_all": 18.1114752, "scope1_ml_all": 28.69776, "scope2_ml_all": 93.399091967999993, "mw_it": 2.6, "e_fac_gwh": 25.50912, "co2_kt": 18.1114752, "scope1_ml": 28.69776, "scope2_ml": 93.399091967999993, "is_operating": true }, "geometry": { "type": "Point", "coordinates": [ 72.878, 19.076 ] } },
{ "type": "Feature", "properties": { "name": "Equinix MB2 (ex-GPX 2)", "operator": "Equinix", "status": "operating", "src": "census", "opened_year": null, "mw_reported": 6.0, "mw_reported_buildout": 6.0, "dist_name": "Mumbai Suburban", "state_name": "Maharashtra", "dc_type": "colocation", "mw_it_all": 6.0, "e_fac_gwh_all": 58.8672, "co2_kt_all": 41.795712, "scope1_ml_all": 66.2256, "scope2_ml_all": 215.53636608, "mw_it": 6.0, "e_fac_gwh": 58.8672, "co2_kt": 41.795712, "scope1_ml": 66.2256, "scope2_ml": 215.53636608, "is_operating": true }, "geometry": { "type": "Point", "coordinates": [ 72.878, 19.076 ] } },
{ "type": "Feature", "properties": { "name": "Equinix MB3", "operator": "Equinix", "status": "operating", "src": "census", "opened_year": null, "mw_reported": null, "mw_reported_buildout": null, "dist_name": "Mumbai Suburban", "state_name": "Maharashtra", "dc_type": "colocation", "mw_it_all": 11.2610915492958, "e_fac_gwh_all": 110.484821408451, "co2_kt_all": 78.4442232, "scope1_ml_all": 124.295424084507, "scope2_ml_all": 404.52912510490199, "mw_it": 11.480387323943701, "e_fac_gwh": 112.636376112676, "co2_kt": 79.97182704, "scope1_ml": 126.715923126761, "scope2_ml": 412.406827498952, "is_operating": true }, "geometry": { "type": "Point", "coordinates": [ 72.878, 19.076 ] } },
{ "type": "Feature", "properties": { "name": "EverData Delhi NCR", "operator": "Everdata Technologies Pvt. Ltd.", "status": "operating", "src": "dcm", "opened_year": null, "mw_reported": null, "mw_reported_buildout": null, "dist_name": "South West", "state_name": "Nct Of Delhi", "dc_type": "enterprise", "mw_it_all": 3.7536971830985899, "e_fac_gwh_all": 36.828273802816902, "co2_kt_all": 26.1480744, "scope1_ml_all": 41.431808028169002, "scope2_ml_all": 134.84304170163401, "mw_it": 3.82679577464789, "e_fac_gwh": 37.545458704225297, "co2_kt": 26.65727568, "scope1_ml": 42.238641042253498, "scope2_ml": 137.46894249965101, "is_operating": true }, "geometry": { "type": "Point", "coordinates": [ 77.0266, 28.4595 ] } },
{ "type": "Feature", "properties": { "name": "EverData Jaipur", "operator": "Everdata Technologies Pvt. Ltd.", "status": "operating", "src": "dcm", "opened_year": null, "mw_reported": null, "mw_reported_buildout": null, "dist_name": "Jaipur", "state_name": "Rajasthan", "dc_type": "enterprise", "mw_it_all": 3.7536971830985899, "e_fac_gwh_all": 36.828273802816902, "co2_kt_all": 26.1480744, "scope1_ml_all": 41.431808028169002, "scope2_ml_all": 134.84304170163401, "mw_it": 3.82679577464789, "e_fac_gwh": 37.545458704225297, "co2_kt": 26.65727568, "scope1_ml": 42.238641042253498, "scope2_ml": 137.46894249965101, "is_operating": true }, "geometry": { "type": "Point", "coordinates": [ 75.787, 26.912 ] } },
{ "type": "Feature", "properties": { "name": "EverData Mumbai", "operator": "Everdata Technologies Pvt. Ltd.", "status": "operating", "src": "dcm", "opened_year": null, "mw_reported": null, "mw_reported_buildout": null, "dist_name": "Mumbai Suburban", "state_name": "Maharashtra", "dc_type": "enterprise", "mw_it_all": 3.7536971830985899, "e_fac_gwh_all": 36.828273802816902, "co2_kt_all": 26.1480744, "scope1_ml_all": 41.431808028169002, "scope2_ml_all": 134.84304170163401, "mw_it": 3.82679577464789, "e_fac_gwh": 37.545458704225297, "co2_kt": 26.65727568, "scope1_ml": 42.238641042253498, "scope2_ml": 137.46894249965101, "is_operating": true }, "geometry": { "type": "Point", "coordinates": [ 72.878, 19.076 ] } },
{ "type": "Feature", "properties": { "name": "EverYondr Mumbai 1", "operator": "EverYondr", "status": "construction", "src": "dcm", "opened_year": null, "mw_reported": null, "mw_reported_buildout": null, "dist_name": "Thane", "state_name": "Maharashtra", "dc_type": "enterprise", "mw_it_all": 3.7536971830985899, "e_fac_gwh_all": 36.828273802816902, "co2_kt_all": 26.1480744, "scope1_ml_all": 41.431808028169002, "scope2_ml_all": 134.84304170163401, "mw_it": null, "e_fac_gwh": null, "co2_kt": null, "scope1_ml": null, "scope2_ml": null, "is_operating": false }, "geometry": { "type": "Point", "coordinates": [ 73.03, 19.033 ] } },
{ "type": "Feature", "properties": { "name": "GDC - Bengaluru 4 Data Center", "operator": "NTT DATA, Inc.", "status": "construction", "src": "dcm", "opened_year": null, "mw_reported": 67.2, "mw_reported_buildout": 67.2, "dist_name": "Bangalore", "state_name": "Karnataka", "dc_type": "colocation", "mw_it_all": 67.2, "e_fac_gwh_all": 659.31264, "co2_kt_all": 468.1119744, "scope1_ml_all": 741.72672, "scope2_ml_all": 2414.0073000960001, "mw_it": null, "e_fac_gwh": null, "co2_kt": null, "scope1_ml": null, "scope2_ml": null, "is_operating": false }, "geometry": { "type": "Point", "coordinates": [ 77.595, 12.972 ] } },
{ "type": "Feature", "properties": { "name": "GDC - Chennai 2B", "operator": "NTT DATA, Inc.", "status": "construction", "src": "dcm", "opened_year": null, "mw_reported": 17.4, "mw_reported_buildout": 17.4, "dist_name": "Kancheepuram", "state_name": "Tamil Nadu", "dc_type": "colocation", "mw_it_all": 17.4, "e_fac_gwh_all": 170.71488, "co2_kt_all": 121.2075648, "scope1_ml_all": 192.05424, "scope2_ml_all": 625.05546163199995, "mw_it": null, "e_fac_gwh": null, "co2_kt": null, "scope1_ml": null, "scope2_ml": null, "is_operating": false }, "geometry": { "type": "Point", "coordinates": [ 80.2, 12.9 ] } },
{ "type": "Feature", "properties": { "name": "GDC - Navi Mumbai 2 Data Center", "operator": "NTT DATA, Inc.", "status": "announced", "src": "dcm", "opened_year": null, "mw_reported": 336.0, "mw_reported_buildout": 336.0, "dist_name": "Thane", "state_name": "Maharashtra", "dc_type": "colocation", "mw_it_all": 336.0, "e_fac_gwh_all": 3296.5632, "co2_kt_all": 2340.559872, "scope1_ml_all": 3708.6336, "scope2_ml_all": 12070.036500480001, "mw_it": null, "e_fac_gwh": null, "co2_kt": null, "scope1_ml": null, "scope2_ml": null, "is_operating": false }, "geometry": { "type": "Point", "coordinates": [ 73.03, 19.033 ] } },
{ "type": "Feature", "properties": { "name": "Go4Hosting Jaipur", "operator": "Go4Hosting", "status": "operating", "src": "dcm", "opened_year": null, "mw_reported": null, "mw_reported_buildout": null, "dist_name": "Jaipur", "state_name": "Rajasthan", "dc_type": "enterprise", "mw_it_all": 0.0, "e_fac_gwh_all": 0.0, "co2_kt_all": 0.0, "scope1_ml_all": 0.0, "scope2_ml_all": 0.0, "mw_it": 0.0, "e_fac_gwh": 0.0, "co2_kt": 0.0, "scope1_ml": 0.0, "scope2_ml": 0.0, "is_operating": true }, "geometry": { "type": "Point", "coordinates": [ 75.787, 26.912 ] } },
{ "type": "Feature", "properties": { "name": "Google Adavivaram (Andhra Pradesh)", "operator": "Google", "status": "announced", "src": "dcm", "opened_year": null, "mw_reported": null, "mw_reported_buildout": null, "dist_name": "Visakhapatnam", "state_name": "Andhra Pradesh", "dc_type": "hyperscale", "mw_it_all": 37.536971830985898, "e_fac_gwh_all": 368.28273802816898, "co2_kt_all": 261.480744, "scope1_ml_all": 414.31808028169002, "scope2_ml_all": 1348.43041701634, "mw_it": null, "e_fac_gwh": null, "co2_kt": null, "scope1_ml": null, "scope2_ml": null, "is_operating": false }, "geometry": { "type": "Point", "coordinates": [ 83.2185, 17.6868 ] } },
{ "type": "Feature", "properties": { "name": "Google Rambilli (Andhra Pradesh)", "operator": "Google", "status": "announced", "src": "dcm", "opened_year": null, "mw_reported": null, "mw_reported_buildout": null, "dist_name": "Visakhapatnam", "state_name": "Andhra Pradesh", "dc_type": "hyperscale", "mw_it_all": 37.536971830985898, "e_fac_gwh_all": 368.28273802816898, "co2_kt_all": 261.480744, "scope1_ml_all": 414.31808028169002, "scope2_ml_all": 1348.43041701634, "mw_it": null, "e_fac_gwh": null, "co2_kt": null, "scope1_ml": null, "scope2_ml": null, "is_operating": false }, "geometry": { "type": "Point", "coordinates": [ 83.2185, 17.6868 ] } },
{ "type": "Feature", "properties": { "name": "Google Tarluvada (Andhra Pradesh)", "operator": "Google", "status": "construction", "src": "dcm", "opened_year": null, "mw_reported": null, "mw_reported_buildout": null, "dist_name": "Visakhapatnam", "state_name": "Andhra Pradesh", "dc_type": "hyperscale", "mw_it_all": 37.536971830985898, "e_fac_gwh_all": 368.28273802816898, "co2_kt_all": 261.480744, "scope1_ml_all": 414.31808028169002, "scope2_ml_all": 1348.43041701634, "mw_it": null, "e_fac_gwh": null, "co2_kt": null, "scope1_ml": null, "scope2_ml": null, "is_operating": false }, "geometry": { "type": "Point", "coordinates": [ 83.2185, 17.6868 ] } },
{ "type": "Feature", "properties": { "name": "Hindustan Global Cloud Data Center", "operator": "Hindustan Industrial Research Private Limited", "status": "operating", "src": "dcm", "opened_year": null, "mw_reported": null, "mw_reported_buildout": null, "dist_name": "Kancheepuram", "state_name": "Tamil Nadu", "dc_type": "enterprise", "mw_it_all": 0.0, "e_fac_gwh_all": 0.0, "co2_kt_all": 0.0, "scope1_ml_all": 0.0, "scope2_ml_all": 0.0, "mw_it": 0.0, "e_fac_gwh": 0.0, "co2_kt": 0.0, "scope1_ml": 0.0, "scope2_ml": 0.0, "is_operating": true }, "geometry": { "type": "Point", "coordinates": [ 80.2, 12.9 ] } },
{ "type": "Feature", "properties": { "name": "ITI Limited Data Center", "operator": "ITI Limited", "status": "operating", "src": "dcm", "opened_year": null, "mw_reported": null, "mw_reported_buildout": null, "dist_name": "Bangalore", "state_name": "Karnataka", "dc_type": "enterprise", "mw_it_all": 3.7536971830985899, "e_fac_gwh_all": 36.828273802816902, "co2_kt_all": 26.1480744, "scope1_ml_all": 41.431808028169002, "scope2_ml_all": 134.84304170163401, "mw_it": 3.82679577464789, "e_fac_gwh": 37.545458704225297, "co2_kt": 26.65727568, "scope1_ml": 42.238641042253498, "scope2_ml": 137.46894249965101, "is_operating": true }, "geometry": { "type": "Point", "coordinates": [ 77.595, 12.972 ] } },
{ "type": "Feature", "properties": { "name": "Iron Mountain Data Centers BLR-1", "operator": "Iron Mountain Data Centers", "status": "operating", "src": "dcm", "opened_year": null, "mw_reported": null, "mw_reported_buildout": null, "dist_name": "Bangalore", "state_name": "Karnataka", "dc_type": "colocation", "mw_it_all": 11.2610915492958, "e_fac_gwh_all": 110.484821408451, "co2_kt_all": 78.4442232, "scope1_ml_all": 124.295424084507, "scope2_ml_all": 404.52912510490199, "mw_it": 11.480387323943701, "e_fac_gwh": 112.636376112676, "co2_kt": 79.97182704, "scope1_ml": 126.715923126761, "scope2_ml": 412.406827498952, "is_operating": true }, "geometry": { "type": "Point", "coordinates": [ 77.595, 12.972 ] } },
{ "type": "Feature", "properties": { "name": "Iron Mountain Data Centers CHN-1", "operator": "Iron Mountain Data Centers", "status": "construction", "src": "dcm", "opened_year": null, "mw_reported": null, "mw_reported_buildout": null, "dist_name": "Kancheepuram", "state_name": "Tamil Nadu", "dc_type": "colocation", "mw_it_all": 11.2610915492958, "e_fac_gwh_all": 110.484821408451, "co2_kt_all": 78.4442232, "scope1_ml_all": 124.295424084507, "scope2_ml_all": 404.52912510490199, "mw_it": null, "e_fac_gwh": null, "co2_kt": null, "scope1_ml": null, "scope2_ml": null, "is_operating": false }, "geometry": { "type": "Point", "coordinates": [ 80.2, 12.9 ] } },
{ "type": "Feature", "properties": { "name": "Iron Mountain Data Centers CHN-2", "operator": "Iron Mountain Data Centers", "status": "construction", "src": "dcm", "opened_year": null, "mw_reported": null, "mw_reported_buildout": null, "dist_name": "Kancheepuram", "state_name": "Tamil Nadu", "dc_type": "colocation", "mw_it_all": 11.2610915492958, "e_fac_gwh_all": 110.484821408451, "co2_kt_all": 78.4442232, "scope1_ml_all": 124.295424084507, "scope2_ml_all": 404.52912510490199, "mw_it": null, "e_fac_gwh": null, "co2_kt": null, "scope1_ml": null, "scope2_ml": null, "is_operating": false }, "geometry": { "type": "Point", "coordinates": [ 80.2, 12.9 ] } },
{ "type": "Feature", "properties": { "name": "Iron Mountain Data Centers HYD-1", "operator": "Iron Mountain Data Centers", "status": "operating", "src": "dcm", "opened_year": null, "mw_reported": 5.5, "mw_reported_buildout": 5.5, "dist_name": "Rangareddy", "state_name": "Andhra Pradesh", "dc_type": "colocation", "mw_it_all": 5.5, "e_fac_gwh_all": 53.9616, "co2_kt_all": 38.312736, "scope1_ml_all": 60.7068, "scope2_ml_all": 197.57500224, "mw_it": 5.5, "e_fac_gwh": 53.9616, "co2_kt": 38.312736, "scope1_ml": 60.7068, "scope2_ml": 197.57500224, "is_operating": true }, "geometry": { "type": "Point", "coordinates": [ 78.487, 17.385 ] } },
{ "type": "Feature", "properties": { "name": "Iron Mountain Data Centers MUM-3", "operator": "Iron Mountain Data Centers", "status": "construction", "src": "dcm", "opened_year": null, "mw_reported": null, "mw_reported_buildout": null, "dist_name": "Thane", "state_name": "Maharashtra", "dc_type": "colocation", "mw_it_all": 11.2610915492958, "e_fac_gwh_all": 110.484821408451, "co2_kt_all": 78.4442232, "scope1_ml_all": 124.295424084507, "scope2_ml_all": 404.52912510490199, "mw_it": null, "e_fac_gwh": null, "co2_kt": null, "scope1_ml": null, "scope2_ml": null, "is_operating": false }, "geometry": { "type": "Point", "coordinates": [ 73.03, 19.033 ] } },
{ "type": "Feature", "properties": { "name": "Iron Mountain Data Centers NCR-1", "operator": "Iron Mountain Data Centers", "status": "operating", "src": "dcm", "opened_year": null, "mw_reported": null, "mw_reported_buildout": null, "dist_name": "Gautam Buddha Nagar", "state_name": "Uttar Pradesh", "dc_type": "colocation", "mw_it_all": 11.2610915492958, "e_fac_gwh_all": 110.484821408451, "co2_kt_all": 78.4442232, "scope1_ml_all": 124.295424084507, "scope2_ml_all": 404.52912510490199, "mw_it": 11.480387323943701, "e_fac_gwh": 112.636376112676, "co2_kt": 79.97182704, "scope1_ml": 126.715923126761, "scope2_ml": 412.406827498952, "is_operating": true }, "geometry": { "type": "Point", "coordinates": [ 77.391, 28.535 ] } },
{ "type": "Feature", "properties": { "name": "Iron Mountain Data Centers PUN-1", "operator": "Iron Mountain Data Centers", "status": "operating", "src": "dcm", "opened_year": null, "mw_reported": null, "mw_reported_buildout": null, "dist_name": "Pune", "state_name": "Maharashtra", "dc_type": "colocation", "mw_it_all": 11.2610915492958, "e_fac_gwh_all": 110.484821408451, "co2_kt_all": 78.4442232, "scope1_ml_all": 124.295424084507, "scope2_ml_all": 404.52912510490199, "mw_it": 11.480387323943701, "e_fac_gwh": 112.636376112676, "co2_kt": 79.97182704, "scope1_ml": 126.715923126761, "scope2_ml": 412.406827498952, "is_operating": true }, "geometry": { "type": "Point", "coordinates": [ 73.857, 18.52 ] } },
{ "type": "Feature", "properties": { "name": "Ishan Technologies Chennai", "operator": "Ishan Infotech Limited", "status": "operating", "src": "dcm", "opened_year": null, "mw_reported": null, "mw_reported_buildout": null, "dist_name": "Kancheepuram", "state_name": "Tamil Nadu", "dc_type": "enterprise", "mw_it_all": 3.7536971830985899, "e_fac_gwh_all": 36.828273802816902, "co2_kt_all": 26.1480744, "scope1_ml_all": 41.431808028169002, "scope2_ml_all": 134.84304170163401, "mw_it": 3.82679577464789, "e_fac_gwh": 37.545458704225297, "co2_kt": 26.65727568, "scope1_ml": 42.238641042253498, "scope2_ml": 137.46894249965101, "is_operating": true }, "geometry": { "type": "Point", "coordinates": [ 80.2, 12.9 ] } },
{ "type": "Feature", "properties": { "name": "Ishan Technologies Gandhinagar", "operator": "Ishan Infotech Limited", "status": "operating", "src": "dcm", "opened_year": null, "mw_reported": null, "mw_reported_buildout": null, "dist_name": "Gandhinagar", "state_name": "Gujarat", "dc_type": "enterprise", "mw_it_all": 0.0, "e_fac_gwh_all": 0.0, "co2_kt_all": 0.0, "scope1_ml_all": 0.0, "scope2_ml_all": 0.0, "mw_it": 0.0, "e_fac_gwh": 0.0, "co2_kt": 0.0, "scope1_ml": 0.0, "scope2_ml": 0.0, "is_operating": true }, "geometry": { "type": "Point", "coordinates": [ 72.571, 23.022 ] } },
{ "type": "Feature", "properties": { "name": "Ishan Technologies Mumbai", "operator": "Ishan Infotech Limited", "status": "operating", "src": "dcm", "opened_year": null, "mw_reported": null, "mw_reported_buildout": null, "dist_name": "Mumbai Suburban", "state_name": "Maharashtra", "dc_type": "enterprise", "mw_it_all": 0.0, "e_fac_gwh_all": 0.0, "co2_kt_all": 0.0, "scope1_ml_all": 0.0, "scope2_ml_all": 0.0, "mw_it": 0.0, "e_fac_gwh": 0.0, "co2_kt": 0.0, "scope1_ml": 0.0, "scope2_ml": 0.0, "is_operating": true }, "geometry": { "type": "Point", "coordinates": [ 72.878, 19.076 ] } },
{ "type": "Feature", "properties": { "name": "IxoraDC Cochin", "operator": "Aabasoft Technologies India Pvt Ltd", "status": "operating", "src": "dcm", "opened_year": null, "mw_reported": null, "mw_reported_buildout": null, "dist_name": "Alappuzha", "state_name": "Kerala", "dc_type": "enterprise", "mw_it_all": 0.0, "e_fac_gwh_all": 0.0, "co2_kt_all": 0.0, "scope1_ml_all": 0.0, "scope2_ml_all": 0.0, "mw_it": 0.0, "e_fac_gwh": 0.0, "co2_kt": 0.0, "scope1_ml": 0.0, "scope2_ml": 0.0, "is_operating": true }, "geometry": { "type": "Point", "coordinates": [ 76.2673, 9.9312 ] } },
{ "type": "Feature", "properties": { "name": "Kedia Data Center", "operator": "Kedia Infotech Ltd.", "status": "operating", "src": "dcm", "opened_year": null, "mw_reported": null, "mw_reported_buildout": null, "dist_name": "Rangareddy", "state_name": "Andhra Pradesh", "dc_type": "enterprise", "mw_it_all": 0.0, "e_fac_gwh_all": 0.0, "co2_kt_all": 0.0, "scope1_ml_all": 0.0, "scope2_ml_all": 0.0, "mw_it": 0.0, "e_fac_gwh": 0.0, "co2_kt": 0.0, "scope1_ml": 0.0, "scope2_ml": 0.0, "is_operating": true }, "geometry": { "type": "Point", "coordinates": [ 78.487, 17.385 ] } },
{ "type": "Feature", "properties": { "name": "Kennies IT Delhi-NCR", "operator": "Kennies IT", "status": "operating", "src": "dcm", "opened_year": null, "mw_reported": null, "mw_reported_buildout": null, "dist_name": "Ghaziabad", "state_name": "Uttar Pradesh", "dc_type": "enterprise", "mw_it_all": 0.0, "e_fac_gwh_all": 0.0, "co2_kt_all": 0.0, "scope1_ml_all": 0.0, "scope2_ml_all": 0.0, "mw_it": 0.0, "e_fac_gwh": 0.0, "co2_kt": 0.0, "scope1_ml": 0.0, "scope2_ml": 0.0, "is_operating": true }, "geometry": { "type": "Point", "coordinates": [ 77.417, 28.667 ] } },
{ "type": "Feature", "properties": { "name": "Kennies IT Mohali", "operator": "Kennies IT", "status": "operating", "src": "dcm", "opened_year": null, "mw_reported": null, "mw_reported_buildout": null, "dist_name": "Patiala", "state_name": "Punjab", "dc_type": "enterprise", "mw_it_all": 3.7536971830985899, "e_fac_gwh_all": 36.828273802816902, "co2_kt_all": 26.1480744, "scope1_ml_all": 41.431808028169002, "scope2_ml_all": 134.84304170163401, "mw_it": 3.82679577464789, "e_fac_gwh": 37.545458704225297, "co2_kt": 26.65727568, "scope1_ml": 42.238641042253498, "scope2_ml": 137.46894249965101, "is_operating": true }, "geometry": { "type": "Point", "coordinates": [ 76.59, 30.48 ] } },
{ "type": "Feature", "properties": { "name": "LNT Bengaluru BLR 1", "operator": "L&T Vyoma", "status": "announced", "src": "dcm", "opened_year": null, "mw_reported": null, "mw_reported_buildout": null, "dist_name": "Bangalore", "state_name": "Karnataka", "dc_type": "enterprise", "mw_it_all": 3.7536971830985899, "e_fac_gwh_all": 36.828273802816902, "co2_kt_all": 26.1480744, "scope1_ml_all": 41.431808028169002, "scope2_ml_all": 134.84304170163401, "mw_it": null, "e_fac_gwh": null, "co2_kt": null, "scope1_ml": null, "scope2_ml": null, "is_operating": false }, "geometry": { "type": "Point", "coordinates": [ 77.595, 12.972 ] } },
{ "type": "Feature", "properties": { "name": "LNT Chennai CHN 1", "operator": "L&T Vyoma", "status": "operating", "src": "dcm", "opened_year": null, "mw_reported": null, "mw_reported_buildout": null, "dist_name": "Kancheepuram", "state_name": "Tamil Nadu", "dc_type": "enterprise", "mw_it_all": 3.7536971830985899, "e_fac_gwh_all": 36.828273802816902, "co2_kt_all": 26.1480744, "scope1_ml_all": 41.431808028169002, "scope2_ml_all": 134.84304170163401, "mw_it": 3.82679577464789, "e_fac_gwh": 37.545458704225297, "co2_kt": 26.65727568, "scope1_ml": 42.238641042253498, "scope2_ml": 137.46894249965101, "is_operating": true }, "geometry": { "type": "Point", "coordinates": [ 80.2, 12.9 ] } },
{ "type": "Feature", "properties": { "name": "LNT Dholera", "operator": "L&T Vyoma", "status": "announced", "src": "dcm", "opened_year": null, "mw_reported": null, "mw_reported_buildout": null, "dist_name": "Ahmadabad", "state_name": "Gujarat", "dc_type": "enterprise", "mw_it_all": 3.7536971830985899, "e_fac_gwh_all": 36.828273802816902, "co2_kt_all": 26.1480744, "scope1_ml_all": 41.431808028169002, "scope2_ml_all": 134.84304170163401, "mw_it": null, "e_fac_gwh": null, "co2_kt": null, "scope1_ml": null, "scope2_ml": null, "is_operating": false }, "geometry": { "type": "Point", "coordinates": [ 72.19, 22.25 ] } },
{ "type": "Feature", "properties": { "name": "LNT Navi Mumbai NMP 1", "operator": "L&T Vyoma", "status": "operating", "src": "dcm", "opened_year": null, "mw_reported": null, "mw_reported_buildout": null, "dist_name": "Thane", "state_name": "Maharashtra", "dc_type": "enterprise", "mw_it_all": 3.7536971830985899, "e_fac_gwh_all": 36.828273802816902, "co2_kt_all": 26.1480744, "scope1_ml_all": 41.431808028169002, "scope2_ml_all": 134.84304170163401, "mw_it": 3.82679577464789, "e_fac_gwh": 37.545458704225297, "co2_kt": 26.65727568, "scope1_ml": 42.238641042253498, "scope2_ml": 137.46894249965101, "is_operating": true }, "geometry": { "type": "Point", "coordinates": [ 73.03, 19.033 ] } },
{ "type": "Feature", "properties": { "name": "LNT Navi Mumbai NMP 2", "operator": "L&T Vyoma", "status": "construction", "src": "dcm", "opened_year": null, "mw_reported": null, "mw_reported_buildout": null, "dist_name": "Thane", "state_name": "Maharashtra", "dc_type": "enterprise", "mw_it_all": 3.7536971830985899, "e_fac_gwh_all": 36.828273802816902, "co2_kt_all": 26.1480744, "scope1_ml_all": 41.431808028169002, "scope2_ml_all": 134.84304170163401, "mw_it": null, "e_fac_gwh": null, "co2_kt": null, "scope1_ml": null, "scope2_ml": null, "is_operating": false }, "geometry": { "type": "Point", "coordinates": [ 73.03, 19.033 ] } },
{ "type": "Feature", "properties": { "name": "LeapSwitch Networks Mumbai", "operator": "LeapSwitch Networks Private Limited", "status": "operating", "src": "dcm", "opened_year": null, "mw_reported": null, "mw_reported_buildout": null, "dist_name": "Thane", "state_name": "Maharashtra", "dc_type": "enterprise", "mw_it_all": 0.0, "e_fac_gwh_all": 0.0, "co2_kt_all": 0.0, "scope1_ml_all": 0.0, "scope2_ml_all": 0.0, "mw_it": 0.0, "e_fac_gwh": 0.0, "co2_kt": 0.0, "scope1_ml": 0.0, "scope2_ml": 0.0, "is_operating": true }, "geometry": { "type": "Point", "coordinates": [ 73.03, 19.033 ] } },
{ "type": "Feature", "properties": { "name": "LeapSwitch Networks Pune DC", "operator": "LeapSwitch Networks Private Limited", "status": "operating", "src": "dcm", "opened_year": null, "mw_reported": null, "mw_reported_buildout": null, "dist_name": "Pune", "state_name": "Maharashtra", "dc_type": "enterprise", "mw_it_all": 3.7536971830985899, "e_fac_gwh_all": 36.828273802816902, "co2_kt_all": 26.1480744, "scope1_ml_all": 41.431808028169002, "scope2_ml_all": 134.84304170163401, "mw_it": 3.82679577464789, "e_fac_gwh": 37.545458704225297, "co2_kt": 26.65727568, "scope1_ml": 42.238641042253498, "scope2_ml": 137.46894249965101, "is_operating": true }, "geometry": { "type": "Point", "coordinates": [ 73.857, 18.52 ] } },
{ "type": "Feature", "properties": { "name": "Madras Thiruvallur High Rd (MAA10)", "operator": "Digital Realty", "status": "operating", "src": "dcm", "opened_year": null, "mw_reported": null, "mw_reported_buildout": null, "dist_name": "Kancheepuram", "state_name": "Tamil Nadu", "dc_type": "colocation", "mw_it_all": 11.2610915492958, "e_fac_gwh_all": 110.484821408451, "co2_kt_all": 78.4442232, "scope1_ml_all": 124.295424084507, "scope2_ml_all": 404.52912510490199, "mw_it": 11.480387323943701, "e_fac_gwh": 112.636376112676, "co2_kt": 79.97182704, "scope1_ml": 126.715923126761, "scope2_ml": 412.406827498952, "is_operating": true }, "geometry": { "type": "Point", "coordinates": [ 80.2, 12.9 ] } },
{ "type": "Feature", "properties": { "name": "Medha Hosting Data Center", "operator": "Medha Cloud", "status": "operating", "src": "dcm", "opened_year": null, "mw_reported": null, "mw_reported_buildout": null, "dist_name": "Bangalore", "state_name": "Karnataka", "dc_type": "enterprise", "mw_it_all": 0.0, "e_fac_gwh_all": 0.0, "co2_kt_all": 0.0, "scope1_ml_all": 0.0, "scope2_ml_all": 0.0, "mw_it": 0.0, "e_fac_gwh": 0.0, "co2_kt": 0.0, "scope1_ml": 0.0, "scope2_ml": 0.0, "is_operating": true }, "geometry": { "type": "Point", "coordinates": [ 77.595, 12.972 ] } },
{ "type": "Feature", "properties": { "name": "MegaHostZone Data Center", "operator": "MegaHostZone", "status": "operating", "src": "dcm", "opened_year": null, "mw_reported": null, "mw_reported_buildout": null, "dist_name": "Murshidabad", "state_name": "West Bengal", "dc_type": "colocation", "mw_it_all": 11.2610915492958, "e_fac_gwh_all": 110.484821408451, "co2_kt_all": 78.4442232, "scope1_ml_all": 124.295424084507, "scope2_ml_all": 404.52912510490199, "mw_it": 11.480387323943701, "e_fac_gwh": 112.636376112676, "co2_kt": 79.97182704, "scope1_ml": 126.715923126761, "scope2_ml": 412.406827498952, "is_operating": true }, "geometry": { "type": "Point", "coordinates": [ 88.25, 24.1 ] } },
{ "type": "Feature", "properties": { "name": "Meta Jamnagar", "operator": "Meta", "status": "announced", "src": "dcm", "opened_year": null, "mw_reported": null, "mw_reported_buildout": null, "dist_name": "Jamnagar", "state_name": "Gujarat", "dc_type": "hyperscale", "mw_it_all": 37.536971830985898, "e_fac_gwh_all": 368.28273802816898, "co2_kt_all": 261.480744, "scope1_ml_all": 414.31808028169002, "scope2_ml_all": 1348.43041701634, "mw_it": null, "e_fac_gwh": null, "co2_kt": null, "scope1_ml": null, "scope2_ml": null, "is_operating": false }, "geometry": { "type": "Point", "coordinates": [ 70.057, 22.47 ] } },
{ "type": "Feature", "properties": { "name": "Micronova Data Center", "operator": "Micronova Infotex Pvt Ltd", "status": "operating", "src": "dcm", "opened_year": null, "mw_reported": null, "mw_reported_buildout": null, "dist_name": "Bangalore", "state_name": "Karnataka", "dc_type": "enterprise", "mw_it_all": 3.7536971830985899, "e_fac_gwh_all": 36.828273802816902, "co2_kt_all": 26.1480744, "scope1_ml_all": 41.431808028169002, "scope2_ml_all": 134.84304170163401, "mw_it": 3.82679577464789, "e_fac_gwh": 37.545458704225297, "co2_kt": 26.65727568, "scope1_ml": 42.238641042253498, "scope2_ml": 137.46894249965101, "is_operating": true }, "geometry": { "type": "Point", "coordinates": [ 77.595, 12.972 ] } },
{ "type": "Feature", "properties": { "name": "Microsoft HYD01", "operator": "Microsoft", "status": "construction", "src": "dcm", "opened_year": null, "mw_reported": null, "mw_reported_buildout": null, "dist_name": "Rangareddy", "state_name": "Andhra Pradesh", "dc_type": "hyperscale", "mw_it_all": 37.536971830985898, "e_fac_gwh_all": 368.28273802816898, "co2_kt_all": 261.480744, "scope1_ml_all": 414.31808028169002, "scope2_ml_all": 1348.43041701634, "mw_it": null, "e_fac_gwh": null, "co2_kt": null, "scope1_ml": null, "scope2_ml": null, "is_operating": false }, "geometry": { "type": "Point", "coordinates": [ 78.45, 17.2 ] } },
{ "type": "Feature", "properties": { "name": "Microsoft HYD04", "operator": "Microsoft", "status": "operating", "src": "dcm", "opened_year": null, "mw_reported": null, "mw_reported_buildout": null, "dist_name": "Rangareddy", "state_name": "Andhra Pradesh", "dc_type": "hyperscale", "mw_it_all": 37.536971830985898, "e_fac_gwh_all": 368.28273802816898, "co2_kt_all": 261.480744, "scope1_ml_all": 414.31808028169002, "scope2_ml_all": 1348.43041701634, "mw_it": 38.267957746478899, "e_fac_gwh": 375.45458704225302, "co2_kt": 266.5727568, "scope1_ml": 422.38641042253499, "scope2_ml": 1374.6894249965101, "is_operating": true }, "geometry": { "type": "Point", "coordinates": [ 78.05, 16.95 ] } },
{ "type": "Feature", "properties": { "name": "Microsoft HYD11 - Building 1", "operator": "Microsoft", "status": "operating", "src": "dcm", "opened_year": null, "mw_reported": null, "mw_reported_buildout": null, "dist_name": "Rangareddy", "state_name": "Andhra Pradesh", "dc_type": "hyperscale", "mw_it_all": 37.536971830985898, "e_fac_gwh_all": 368.28273802816898, "co2_kt_all": 261.480744, "scope1_ml_all": 414.31808028169002, "scope2_ml_all": 1348.43041701634, "mw_it": 38.267957746478899, "e_fac_gwh": 375.45458704225302, "co2_kt": 266.5727568, "scope1_ml": 422.38641042253499, "scope2_ml": 1374.6894249965101, "is_operating": true }, "geometry": { "type": "Point", "coordinates": [ 78.45, 17.2 ] } },
{ "type": "Feature", "properties": { "name": "Microsoft HYD11 - Building 2", "operator": "Microsoft", "status": "construction", "src": "dcm", "opened_year": null, "mw_reported": null, "mw_reported_buildout": null, "dist_name": "Rangareddy", "state_name": "Andhra Pradesh", "dc_type": "hyperscale", "mw_it_all": 37.536971830985898, "e_fac_gwh_all": 368.28273802816898, "co2_kt_all": 261.480744, "scope1_ml_all": 414.31808028169002, "scope2_ml_all": 1348.43041701634, "mw_it": null, "e_fac_gwh": null, "co2_kt": null, "scope1_ml": null, "scope2_ml": null, "is_operating": false }, "geometry": { "type": "Point", "coordinates": [ 78.45, 17.2 ] } },
{ "type": "Feature", "properties": { "name": "Microsoft Pune - Bhosari", "operator": "Microsoft", "status": "construction", "src": "dcm", "opened_year": null, "mw_reported": null, "mw_reported_buildout": null, "dist_name": "Pune", "state_name": "Maharashtra", "dc_type": "hyperscale", "mw_it_all": 37.536971830985898, "e_fac_gwh_all": 368.28273802816898, "co2_kt_all": 261.480744, "scope1_ml_all": 414.31808028169002, "scope2_ml_all": 1348.43041701634, "mw_it": null, "e_fac_gwh": null, "co2_kt": null, "scope1_ml": null, "scope2_ml": null, "is_operating": false }, "geometry": { "type": "Point", "coordinates": [ 73.857, 18.52 ] } },
{ "type": "Feature", "properties": { "name": "Microsoft Pune - Pimpri", "operator": "Microsoft", "status": "construction", "src": "dcm", "opened_year": null, "mw_reported": null, "mw_reported_buildout": null, "dist_name": "Pune", "state_name": "Maharashtra", "dc_type": "hyperscale", "mw_it_all": 37.536971830985898, "e_fac_gwh_all": 368.28273802816898, "co2_kt_all": 261.480744, "scope1_ml_all": 414.31808028169002, "scope2_ml_all": 1348.43041701634, "mw_it": null, "e_fac_gwh": null, "co2_kt": null, "scope1_ml": null, "scope2_ml": null, "is_operating": false }, "geometry": { "type": "Point", "coordinates": [ 73.857, 18.52 ] } },
{ "type": "Feature", "properties": { "name": "Multify Solutions Pvt Ltd", "operator": "Multify Solutions Pvt Ltd", "status": "operating", "src": "dcm", "opened_year": null, "mw_reported": null, "mw_reported_buildout": null, "dist_name": "Durg", "state_name": "Chattisgarh", "dc_type": "enterprise", "mw_it_all": 3.7536971830985899, "e_fac_gwh_all": 36.828273802816902, "co2_kt_all": 26.1480744, "scope1_ml_all": 41.431808028169002, "scope2_ml_all": 134.84304170163401, "mw_it": 3.82679577464789, "e_fac_gwh": 37.545458704225297, "co2_kt": 26.65727568, "scope1_ml": 42.238641042253498, "scope2_ml": 137.46894249965101, "is_operating": true }, "geometry": { "type": "Point", "coordinates": [ 81.6296, 21.2514 ] } },
{ "type": "Feature", "properties": { "name": "NES Data Hinjewadi", "operator": "NES Data", "status": "announced", "src": "dcm", "opened_year": null, "mw_reported": 60.0, "mw_reported_buildout": 60.0, "dist_name": "Pune", "state_name": "Maharashtra", "dc_type": "colocation", "mw_it_all": 60.0, "e_fac_gwh_all": 588.672, "co2_kt_all": 417.95712, "scope1_ml_all": 662.256, "scope2_ml_all": 2155.3636608000002, "mw_it": null, "e_fac_gwh": null, "co2_kt": null, "scope1_ml": null, "scope2_ml": null, "is_operating": false }, "geometry": { "type": "Point", "coordinates": [ 73.857, 18.52 ] } },
{ "type": "Feature", "properties": { "name": "NTT Balaji IT Park", "operator": "NTT DATA, Inc.", "status": "announced", "src": "dcm", "opened_year": null, "mw_reported": null, "mw_reported_buildout": null, "dist_name": "Mumbai Suburban", "state_name": "Maharashtra", "dc_type": "colocation", "mw_it_all": 11.2610915492958, "e_fac_gwh_all": 110.484821408451, "co2_kt_all": 78.4442232, "scope1_ml_all": 124.295424084507, "scope2_ml_all": 404.52912510490199, "mw_it": null, "e_fac_gwh": null, "co2_kt": null, "scope1_ml": null, "scope2_ml": null, "is_operating": false }, "geometry": { "type": "Point", "coordinates": [ 72.878, 19.076 ] } },
{ "type": "Feature", "properties": { "name": "NTT Bengaluru 2", "operator": "NTT GDC", "status": "operating", "src": "census", "opened_year": null, "mw_reported": null, "mw_reported_buildout": null, "dist_name": "Bangalore", "state_name": "Karnataka", "dc_type": "colocation", "mw_it_all": 11.2610915492958, "e_fac_gwh_all": 110.484821408451, "co2_kt_all": 78.4442232, "scope1_ml_all": 124.295424084507, "scope2_ml_all": 404.52912510490199, "mw_it": 11.480387323943701, "e_fac_gwh": 112.636376112676, "co2_kt": 79.97182704, "scope1_ml": 126.715923126761, "scope2_ml": 412.406827498952, "is_operating": true }, "geometry": { "type": "Point", "coordinates": [ 77.595, 12.972 ] } },
{ "type": "Feature", "properties": { "name": "NTT Bengaluru 3", "operator": "NTT GDC", "status": "operating", "src": "census", "opened_year": null, "mw_reported": null, "mw_reported_buildout": null, "dist_name": "Bangalore", "state_name": "Karnataka", "dc_type": "colocation", "mw_it_all": 11.2610915492958, "e_fac_gwh_all": 110.484821408451, "co2_kt_all": 78.4442232, "scope1_ml_all": 124.295424084507, "scope2_ml_all": 404.52912510490199, "mw_it": 11.480387323943701, "e_fac_gwh": 112.636376112676, "co2_kt": 79.97182704, "scope1_ml": 126.715923126761, "scope2_ml": 412.406827498952, "is_operating": true }, "geometry": { "type": "Point", "coordinates": [ 77.595, 12.972 ] } },
{ "type": "Feature", "properties": { "name": "NTT Bengaluru 4 Campus", "operator": "NTT GDC", "status": "operating", "src": "census", "opened_year": null, "mw_reported": null, "mw_reported_buildout": null, "dist_name": "Bangalore", "state_name": "Karnataka", "dc_type": "colocation", "mw_it_all": 11.2610915492958, "e_fac_gwh_all": 110.484821408451, "co2_kt_all": 78.4442232, "scope1_ml_all": 124.295424084507, "scope2_ml_all": 404.52912510490199, "mw_it": 11.480387323943701, "e_fac_gwh": 112.636376112676, "co2_kt": 79.97182704, "scope1_ml": 126.715923126761, "scope2_ml": 412.406827498952, "is_operating": true }, "geometry": { "type": "Point", "coordinates": [ 77.595, 12.972 ] } },
{ "type": "Feature", "properties": { "name": "NTT Chennai 1", "operator": "NTT GDC", "status": "operating", "src": "census", "opened_year": null, "mw_reported": null, "mw_reported_buildout": null, "dist_name": "Kancheepuram", "state_name": "Tamil Nadu", "dc_type": "colocation", "mw_it_all": 11.2610915492958, "e_fac_gwh_all": 110.484821408451, "co2_kt_all": 78.4442232, "scope1_ml_all": 124.295424084507, "scope2_ml_all": 404.52912510490199, "mw_it": 11.480387323943701, "e_fac_gwh": 112.636376112676, "co2_kt": 79.97182704, "scope1_ml": 126.715923126761, "scope2_ml": 412.406827498952, "is_operating": true }, "geometry": { "type": "Point", "coordinates": [ 80.2, 12.9 ] } },
{ "type": "Feature", "properties": { "name": "NTT Chennai 2", "operator": "NTT GDC", "status": "operating", "src": "census", "opened_year": null, "mw_reported": 34.8, "mw_reported_buildout": 34.8, "dist_name": "Kancheepuram", "state_name": "Tamil Nadu", "dc_type": "colocation", "mw_it_all": 34.8, "e_fac_gwh_all": 341.42976, "co2_kt_all": 242.4151296, "scope1_ml_all": 384.10848, "scope2_ml_all": 1250.1109232639999, "mw_it": 34.8, "e_fac_gwh": 341.42976, "co2_kt": 242.4151296, "scope1_ml": 384.10848, "scope2_ml": 1250.1109232639999, "is_operating": true }, "geometry": { "type": "Point", "coordinates": [ 80.2, 12.9 ] } },
{ "type": "Feature", "properties": { "name": "NTT Kolkata 1", "operator": "NTT GDC", "status": "operating", "src": "census", "opened_year": null, "mw_reported": null, "mw_reported_buildout": null, "dist_name": "South Twenty Four Parganas", "state_name": "West Bengal", "dc_type": "colocation", "mw_it_all": 11.2610915492958, "e_fac_gwh_all": 110.484821408451, "co2_kt_all": 78.4442232, "scope1_ml_all": 124.295424084507, "scope2_ml_all": 404.52912510490199, "mw_it": 11.480387323943701, "e_fac_gwh": 112.636376112676, "co2_kt": 79.97182704, "scope1_ml": 126.715923126761, "scope2_ml": 412.406827498952, "is_operating": true }, "geometry": { "type": "Point", "coordinates": [ 88.364, 22.573 ] } },
{ "type": "Feature", "properties": { "name": "NTT Mumbai 5", "operator": "NTT GDC", "status": "operating", "src": "census", "opened_year": null, "mw_reported": null, "mw_reported_buildout": null, "dist_name": "Mumbai Suburban", "state_name": "Maharashtra", "dc_type": "colocation", "mw_it_all": 11.2610915492958, "e_fac_gwh_all": 110.484821408451, "co2_kt_all": 78.4442232, "scope1_ml_all": 124.295424084507, "scope2_ml_all": 404.52912510490199, "mw_it": 11.480387323943701, "e_fac_gwh": 112.636376112676, "co2_kt": 79.97182704, "scope1_ml": 126.715923126761, "scope2_ml": 412.406827498952, "is_operating": true }, "geometry": { "type": "Point", "coordinates": [ 72.878, 19.076 ] } },
{ "type": "Feature", "properties": { "name": "NTT Mumbai 6", "operator": "NTT GDC", "status": "operating", "src": "census", "opened_year": null, "mw_reported": null, "mw_reported_buildout": null, "dist_name": "Mumbai Suburban", "state_name": "Maharashtra", "dc_type": "colocation", "mw_it_all": 11.2610915492958, "e_fac_gwh_all": 110.484821408451, "co2_kt_all": 78.4442232, "scope1_ml_all": 124.295424084507, "scope2_ml_all": 404.52912510490199, "mw_it": 11.480387323943701, "e_fac_gwh": 112.636376112676, "co2_kt": 79.97182704, "scope1_ml": 126.715923126761, "scope2_ml": 412.406827498952, "is_operating": true }, "geometry": { "type": "Point", "coordinates": [ 72.878, 19.076 ] } },
{ "type": "Feature", "properties": { "name": "NTT Mumbai 7", "operator": "NTT GDC", "status": "operating", "src": "census", "opened_year": null, "mw_reported": null, "mw_reported_buildout": null, "dist_name": "Mumbai Suburban", "state_name": "Maharashtra", "dc_type": "colocation", "mw_it_all": 11.2610915492958, "e_fac_gwh_all": 110.484821408451, "co2_kt_all": 78.4442232, "scope1_ml_all": 124.295424084507, "scope2_ml_all": 404.52912510490199, "mw_it": 11.480387323943701, "e_fac_gwh": 112.636376112676, "co2_kt": 79.97182704, "scope1_ml": 126.715923126761, "scope2_ml": 412.406827498952, "is_operating": true }, "geometry": { "type": "Point", "coordinates": [ 72.878, 19.076 ] } },
{ "type": "Feature", "properties": { "name": "NTT Mumbai BSE", "operator": "NTT GDC", "status": "operating", "src": "census", "opened_year": null, "mw_reported": null, "mw_reported_buildout": null, "dist_name": "Mumbai Suburban", "state_name": "Maharashtra", "dc_type": "colocation", "mw_it_all": 11.2610915492958, "e_fac_gwh_all": 110.484821408451, "co2_kt_all": 78.4442232, "scope1_ml_all": 124.295424084507, "scope2_ml_all": 404.52912510490199, "mw_it": 11.480387323943701, "e_fac_gwh": 112.636376112676, "co2_kt": 79.97182704, "scope1_ml": 126.715923126761, "scope2_ml": 412.406827498952, "is_operating": true }, "geometry": { "type": "Point", "coordinates": [ 72.878, 19.076 ] } },
{ "type": "Feature", "properties": { "name": "NTT Mumbai Vikhroli IV", "operator": "NTT GDC", "status": "operating", "src": "census", "opened_year": null, "mw_reported": null, "mw_reported_buildout": null, "dist_name": "Mumbai Suburban", "state_name": "Maharashtra", "dc_type": "colocation", "mw_it_all": 11.2610915492958, "e_fac_gwh_all": 110.484821408451, "co2_kt_all": 78.4442232, "scope1_ml_all": 124.295424084507, "scope2_ml_all": 404.52912510490199, "mw_it": 11.480387323943701, "e_fac_gwh": 112.636376112676, "co2_kt": 79.97182704, "scope1_ml": 126.715923126761, "scope2_ml": 412.406827498952, "is_operating": true }, "geometry": { "type": "Point", "coordinates": [ 72.878, 19.076 ] } },
{ "type": "Feature", "properties": { "name": "NTT Mumbai Vikhroli", "operator": "NTT GDC", "status": "operating", "src": "census", "opened_year": null, "mw_reported": null, "mw_reported_buildout": null, "dist_name": "Mumbai Suburban", "state_name": "Maharashtra", "dc_type": "colocation", "mw_it_all": 11.2610915492958, "e_fac_gwh_all": 110.484821408451, "co2_kt_all": 78.4442232, "scope1_ml_all": 124.295424084507, "scope2_ml_all": 404.52912510490199, "mw_it": 11.480387323943701, "e_fac_gwh": 112.636376112676, "co2_kt": 79.97182704, "scope1_ml": 126.715923126761, "scope2_ml": 412.406827498952, "is_operating": true }, "geometry": { "type": "Point", "coordinates": [ 72.878, 19.076 ] } },
{ "type": "Feature", "properties": { "name": "NTT Navi Mumbai (NAV1)", "operator": "NTT GDC", "status": "operating", "src": "census", "opened_year": null, "mw_reported": null, "mw_reported_buildout": null, "dist_name": "Thane", "state_name": "Maharashtra", "dc_type": "colocation", "mw_it_all": 11.2610915492958, "e_fac_gwh_all": 110.484821408451, "co2_kt_all": 78.4442232, "scope1_ml_all": 124.295424084507, "scope2_ml_all": 404.52912510490199, "mw_it": 11.480387323943701, "e_fac_gwh": 112.636376112676, "co2_kt": 79.97182704, "scope1_ml": 126.715923126761, "scope2_ml": 412.406827498952, "is_operating": true }, "geometry": { "type": "Point", "coordinates": [ 73.03, 19.033 ] } },
{ "type": "Feature", "properties": { "name": "NTT Noida 1", "operator": "NTT GDC", "status": "operating", "src": "census", "opened_year": null, "mw_reported": null, "mw_reported_buildout": null, "dist_name": "Gautam Buddha Nagar", "state_name": "Uttar Pradesh", "dc_type": "colocation", "mw_it_all": 11.2610915492958, "e_fac_gwh_all": 110.484821408451, "co2_kt_all": 78.4442232, "scope1_ml_all": 124.295424084507, "scope2_ml_all": 404.52912510490199, "mw_it": 11.480387323943701, "e_fac_gwh": 112.636376112676, "co2_kt": 79.97182704, "scope1_ml": 126.715923126761, "scope2_ml": 412.406827498952, "is_operating": true }, "geometry": { "type": "Point", "coordinates": [ 77.391, 28.535 ] } },
{ "type": "Feature", "properties": { "name": "NTT Noida 2", "operator": "NTT GDC", "status": "operating", "src": "census", "opened_year": null, "mw_reported": null, "mw_reported_buildout": null, "dist_name": "Gautam Buddha Nagar", "state_name": "Uttar Pradesh", "dc_type": "colocation", "mw_it_all": 11.2610915492958, "e_fac_gwh_all": 110.484821408451, "co2_kt_all": 78.4442232, "scope1_ml_all": 124.295424084507, "scope2_ml_all": 404.52912510490199, "mw_it": 11.480387323943701, "e_fac_gwh": 112.636376112676, "co2_kt": 79.97182704, "scope1_ml": 126.715923126761, "scope2_ml": 412.406827498952, "is_operating": true }, "geometry": { "type": "Point", "coordinates": [ 77.391, 28.535 ] } },
{ "type": "Feature", "properties": { "name": "NetDataVault", "operator": "NGBPS Limited", "status": "operating", "src": "dcm", "opened_year": null, "mw_reported": null, "mw_reported_buildout": null, "dist_name": "Gurgaon", "state_name": "Haryana", "dc_type": "enterprise", "mw_it_all": 3.7536971830985899, "e_fac_gwh_all": 36.828273802816902, "co2_kt_all": 26.1480744, "scope1_ml_all": 41.431808028169002, "scope2_ml_all": 134.84304170163401, "mw_it": 3.82679577464789, "e_fac_gwh": 37.545458704225297, "co2_kt": 26.65727568, "scope1_ml": 42.238641042253498, "scope2_ml": 137.46894249965101, "is_operating": true }, "geometry": { "type": "Point", "coordinates": [ 76.86, 28.21 ] } },
{ "type": "Feature", "properties": { "name": "NetForChoice Data Center", "operator": "NETFORCHOICE SOLUCTION PVT.LTD", "status": "operating", "src": "dcm", "opened_year": null, "mw_reported": null, "mw_reported_buildout": null, "dist_name": "Gautam Buddha Nagar", "state_name": "Uttar Pradesh", "dc_type": "enterprise", "mw_it_all": 0.0, "e_fac_gwh_all": 0.0, "co2_kt_all": 0.0, "scope1_ml_all": 0.0, "scope2_ml_all": 0.0, "mw_it": 0.0, "e_fac_gwh": 0.0, "co2_kt": 0.0, "scope1_ml": 0.0, "scope2_ml": 0.0, "is_operating": true }, "geometry": { "type": "Point", "coordinates": [ 77.391, 28.535 ] } },
{ "type": "Feature", "properties": { "name": "Nettlinx Data Center", "operator": "Nettlinx Limited", "status": "operating", "src": "dcm", "opened_year": null, "mw_reported": null, "mw_reported_buildout": null, "dist_name": "Rangareddy", "state_name": "Andhra Pradesh", "dc_type": "colocation", "mw_it_all": 11.2610915492958, "e_fac_gwh_all": 110.484821408451, "co2_kt_all": 78.4442232, "scope1_ml_all": 124.295424084507, "scope2_ml_all": 404.52912510490199, "mw_it": 11.480387323943701, "e_fac_gwh": 112.636376112676, "co2_kt": 79.97182704, "scope1_ml": 126.715923126761, "scope2_ml": 412.406827498952, "is_operating": true }, "geometry": { "type": "Point", "coordinates": [ 78.487, 17.385 ] } },
{ "type": "Feature", "properties": { "name": "Nextra Data Center", "operator": "Nextra Online Services", "status": "operating", "src": "dcm", "opened_year": null, "mw_reported": null, "mw_reported_buildout": null, "dist_name": "South West", "state_name": "Nct Of Delhi", "dc_type": "enterprise", "mw_it_all": 3.7536971830985899, "e_fac_gwh_all": 36.828273802816902, "co2_kt_all": 26.1480744, "scope1_ml_all": 41.431808028169002, "scope2_ml_all": 134.84304170163401, "mw_it": 3.82679577464789, "e_fac_gwh": 37.545458704225297, "co2_kt": 26.65727568, "scope1_ml": 42.238641042253498, "scope2_ml": 137.46894249965101, "is_operating": true }, "geometry": { "type": "Point", "coordinates": [ 77.0266, 28.4595 ] } },
{ "type": "Feature", "properties": { "name": "Nivid Data Center", "operator": "Nivid Technologies India Pvt Ltd", "status": "operating", "src": "dcm", "opened_year": null, "mw_reported": null, "mw_reported_buildout": null, "dist_name": "Bangalore", "state_name": "Karnataka", "dc_type": "enterprise", "mw_it_all": 0.0, "e_fac_gwh_all": 0.0, "co2_kt_all": 0.0, "scope1_ml_all": 0.0, "scope2_ml_all": 0.0, "mw_it": 0.0, "e_fac_gwh": 0.0, "co2_kt": 0.0, "scope1_ml": 0.0, "scope2_ml": 0.0, "is_operating": true }, "geometry": { "type": "Point", "coordinates": [ 77.595, 12.972 ] } },
{ "type": "Feature", "properties": { "name": "NxtGen HDDC", "operator": "NxtGen Datacenter and Cloud Technologies", "status": "operating", "src": "dcm", "opened_year": null, "mw_reported": null, "mw_reported_buildout": null, "dist_name": "Bangalore", "state_name": "Karnataka", "dc_type": "colocation", "mw_it_all": 11.2610915492958, "e_fac_gwh_all": 110.484821408451, "co2_kt_all": 78.4442232, "scope1_ml_all": 124.295424084507, "scope2_ml_all": 404.52912510490199, "mw_it": 11.480387323943701, "e_fac_gwh": 112.636376112676, "co2_kt": 79.97182704, "scope1_ml": 126.715923126761, "scope2_ml": 412.406827498952, "is_operating": true }, "geometry": { "type": "Point", "coordinates": [ 77.595, 12.972 ] } },
{ "type": "Feature", "properties": { "name": "Nxtra Agartala I", "operator": "Nxtra by Airtel", "status": "operating", "src": "dcm", "opened_year": null, "mw_reported": null, "mw_reported_buildout": null, "dist_name": "West Tripura", "state_name": "Tripura", "dc_type": "colocation", "mw_it_all": 11.2610915492958, "e_fac_gwh_all": 110.484821408451, "co2_kt_all": 78.4442232, "scope1_ml_all": 124.295424084507, "scope2_ml_all": 404.52912510490199, "mw_it": 11.480387323943701, "e_fac_gwh": 112.636376112676, "co2_kt": 79.97182704, "scope1_ml": 126.715923126761, "scope2_ml": 412.406827498952, "is_operating": true }, "geometry": { "type": "Point", "coordinates": [ 91.2868, 23.8315 ] } },
{ "type": "Feature", "properties": { "name": "Nxtra Bengaluru II", "operator": "Nxtra by Airtel", "status": "construction", "src": "dcm", "opened_year": null, "mw_reported": null, "mw_reported_buildout": null, "dist_name": "Bangalore", "state_name": "Karnataka", "dc_type": "colocation", "mw_it_all": 11.2610915492958, "e_fac_gwh_all": 110.484821408451, "co2_kt_all": 78.4442232, "scope1_ml_all": 124.295424084507, "scope2_ml_all": 404.52912510490199, "mw_it": null, "e_fac_gwh": null, "co2_kt": null, "scope1_ml": null, "scope2_ml": null, "is_operating": false }, "geometry": { "type": "Point", "coordinates": [ 77.595, 12.972 ] } },
{ "type": "Feature", "properties": { "name": "Nxtra Bengaluru I", "operator": "Nxtra by Airtel", "status": "operating", "src": "dcm", "opened_year": null, "mw_reported": null, "mw_reported_buildout": null, "dist_name": "Bangalore", "state_name": "Karnataka", "dc_type": "colocation", "mw_it_all": 11.2610915492958, "e_fac_gwh_all": 110.484821408451, "co2_kt_all": 78.4442232, "scope1_ml_all": 124.295424084507, "scope2_ml_all": 404.52912510490199, "mw_it": 11.480387323943701, "e_fac_gwh": 112.636376112676, "co2_kt": 79.97182704, "scope1_ml": 126.715923126761, "scope2_ml": 412.406827498952, "is_operating": true }, "geometry": { "type": "Point", "coordinates": [ 77.595, 12.972 ] } },
{ "type": "Feature", "properties": { "name": "Nxtra Bhubaneswar I", "operator": "Nxtra by Airtel", "status": "operating", "src": "dcm", "opened_year": null, "mw_reported": null, "mw_reported_buildout": null, "dist_name": "Khordha", "state_name": "Odisha", "dc_type": "colocation", "mw_it_all": 11.2610915492958, "e_fac_gwh_all": 110.484821408451, "co2_kt_all": 78.4442232, "scope1_ml_all": 124.295424084507, "scope2_ml_all": 404.52912510490199, "mw_it": 11.480387323943701, "e_fac_gwh": 112.636376112676, "co2_kt": 79.97182704, "scope1_ml": 126.715923126761, "scope2_ml": 412.406827498952, "is_operating": true }, "geometry": { "type": "Point", "coordinates": [ 85.8245, 20.2961 ] } },
{ "type": "Feature", "properties": { "name": "Nxtra Chennai", "operator": "Nxtra by Airtel", "status": "operating", "src": "census", "opened_year": null, "mw_reported": 38.0, "mw_reported_buildout": 38.0, "dist_name": "Kancheepuram", "state_name": "Tamil Nadu", "dc_type": "colocation", "mw_it_all": 38.0, "e_fac_gwh_all": 372.8256, "co2_kt_all": 264.706176, "scope1_ml_all": 419.4288, "scope2_ml_all": 1365.0636518399999, "mw_it": 38.0, "e_fac_gwh": 372.8256, "co2_kt": 264.706176, "scope1_ml": 419.4288, "scope2_ml": 1365.0636518399999, "is_operating": true }, "geometry": { "type": "Point", "coordinates": [ 80.2, 12.9 ] } },
{ "type": "Feature", "properties": { "name": "Nxtra Hyderabad I", "operator": "Nxtra by Airtel", "status": "construction", "src": "dcm", "opened_year": null, "mw_reported": null, "mw_reported_buildout": null, "dist_name": "Rangareddy", "state_name": "Andhra Pradesh", "dc_type": "colocation", "mw_it_all": 11.2610915492958, "e_fac_gwh_all": 110.484821408451, "co2_kt_all": 78.4442232, "scope1_ml_all": 124.295424084507, "scope2_ml_all": 404.52912510490199, "mw_it": null, "e_fac_gwh": null, "co2_kt": null, "scope1_ml": null, "scope2_ml": null, "is_operating": false }, "geometry": { "type": "Point", "coordinates": [ 78.487, 17.385 ] } },
{ "type": "Feature", "properties": { "name": "Nxtra Kolkata I", "operator": "Nxtra by Airtel", "status": "construction", "src": "dcm", "opened_year": null, "mw_reported": null, "mw_reported_buildout": null, "dist_name": "South Twenty Four Parganas", "state_name": "West Bengal", "dc_type": "colocation", "mw_it_all": 11.2610915492958, "e_fac_gwh_all": 110.484821408451, "co2_kt_all": 78.4442232, "scope1_ml_all": 124.295424084507, "scope2_ml_all": 404.52912510490199, "mw_it": null, "e_fac_gwh": null, "co2_kt": null, "scope1_ml": null, "scope2_ml": null, "is_operating": false }, "geometry": { "type": "Point", "coordinates": [ 88.364, 22.573 ] } },
{ "type": "Feature", "properties": { "name": "Nxtra Manesar I", "operator": "Nxtra by Airtel", "status": "operating", "src": "dcm", "opened_year": null, "mw_reported": null, "mw_reported_buildout": null, "dist_name": "South West", "state_name": "Nct Of Delhi", "dc_type": "colocation", "mw_it_all": 11.2610915492958, "e_fac_gwh_all": 110.484821408451, "co2_kt_all": 78.4442232, "scope1_ml_all": 124.295424084507, "scope2_ml_all": 404.52912510490199, "mw_it": 11.480387323943701, "e_fac_gwh": 112.636376112676, "co2_kt": 79.97182704, "scope1_ml": 126.715923126761, "scope2_ml": 412.406827498952, "is_operating": true }, "geometry": { "type": "Point", "coordinates": [ 77.0266, 28.4595 ] } },
{ "type": "Feature", "properties": { "name": "Nxtra Mumbai II", "operator": "Nxtra by Airtel", "status": "operating", "src": "census", "opened_year": null, "mw_reported": null, "mw_reported_buildout": null, "dist_name": "Mumbai Suburban", "state_name": "Maharashtra", "dc_type": "colocation", "mw_it_all": 11.2610915492958, "e_fac_gwh_all": 110.484821408451, "co2_kt_all": 78.4442232, "scope1_ml_all": 124.295424084507, "scope2_ml_all": 404.52912510490199, "mw_it": 11.480387323943701, "e_fac_gwh": 112.636376112676, "co2_kt": 79.97182704, "scope1_ml": 126.715923126761, "scope2_ml": 412.406827498952, "is_operating": true }, "geometry": { "type": "Point", "coordinates": [ 72.878, 19.076 ] } },
{ "type": "Feature", "properties": { "name": "Nxtra Mumbai I", "operator": "Nxtra by Airtel", "status": "operating", "src": "census", "opened_year": null, "mw_reported": null, "mw_reported_buildout": null, "dist_name": "Thane", "state_name": "Maharashtra", "dc_type": "colocation", "mw_it_all": 11.2610915492958, "e_fac_gwh_all": 110.484821408451, "co2_kt_all": 78.4442232, "scope1_ml_all": 124.295424084507, "scope2_ml_all": 404.52912510490199, "mw_it": 11.480387323943701, "e_fac_gwh": 112.636376112676, "co2_kt": 79.97182704, "scope1_ml": 126.715923126761, "scope2_ml": 412.406827498952, "is_operating": true }, "geometry": { "type": "Point", "coordinates": [ 73.03, 19.033 ] } },
{ "type": "Feature", "properties": { "name": "Nxtra Noida III", "operator": "Nxtra by Airtel", "status": "construction", "src": "dcm", "opened_year": null, "mw_reported": null, "mw_reported_buildout": null, "dist_name": "Gautam Buddha Nagar", "state_name": "Uttar Pradesh", "dc_type": "colocation", "mw_it_all": 11.2610915492958, "e_fac_gwh_all": 110.484821408451, "co2_kt_all": 78.4442232, "scope1_ml_all": 124.295424084507, "scope2_ml_all": 404.52912510490199, "mw_it": null, "e_fac_gwh": null, "co2_kt": null, "scope1_ml": null, "scope2_ml": null, "is_operating": false }, "geometry": { "type": "Point", "coordinates": [ 77.391, 28.535 ] } },
{ "type": "Feature", "properties": { "name": "Nxtra Noida II", "operator": "Nxtra by Airtel", "status": "operating", "src": "dcm", "opened_year": null, "mw_reported": null, "mw_reported_buildout": null, "dist_name": "Gautam Buddha Nagar", "state_name": "Uttar Pradesh", "dc_type": "colocation", "mw_it_all": 11.2610915492958, "e_fac_gwh_all": 110.484821408451, "co2_kt_all": 78.4442232, "scope1_ml_all": 124.295424084507, "scope2_ml_all": 404.52912510490199, "mw_it": 11.480387323943701, "e_fac_gwh": 112.636376112676, "co2_kt": 79.97182704, "scope1_ml": 126.715923126761, "scope2_ml": 412.406827498952, "is_operating": true }, "geometry": { "type": "Point", "coordinates": [ 77.391, 28.535 ] } },
{ "type": "Feature", "properties": { "name": "Nxtra Noida I", "operator": "Nxtra by Airtel", "status": "operating", "src": "dcm", "opened_year": null, "mw_reported": null, "mw_reported_buildout": null, "dist_name": "Gautam Buddha Nagar", "state_name": "Uttar Pradesh", "dc_type": "colocation", "mw_it_all": 11.2610915492958, "e_fac_gwh_all": 110.484821408451, "co2_kt_all": 78.4442232, "scope1_ml_all": 124.295424084507, "scope2_ml_all": 404.52912510490199, "mw_it": 11.480387323943701, "e_fac_gwh": 112.636376112676, "co2_kt": 79.97182704, "scope1_ml": 126.715923126761, "scope2_ml": 412.406827498952, "is_operating": true }, "geometry": { "type": "Point", "coordinates": [ 77.391, 28.535 ] } },
{ "type": "Feature", "properties": { "name": "Nxtra Pune 1 (Kharadi)", "operator": "Nxtra by Airtel", "status": "operating", "src": "census", "opened_year": null, "mw_reported": 4.5, "mw_reported_buildout": 4.5, "dist_name": "Pune", "state_name": "Maharashtra", "dc_type": "colocation", "mw_it_all": 4.5, "e_fac_gwh_all": 44.1504, "co2_kt_all": 31.346784, "scope1_ml_all": 49.6692, "scope2_ml_all": 161.65227456, "mw_it": 4.5, "e_fac_gwh": 44.1504, "co2_kt": 31.346784, "scope1_ml": 49.6692, "scope2_ml": 161.65227456, "is_operating": true }, "geometry": { "type": "Point", "coordinates": [ 73.857, 18.52 ] } },
{ "type": "Feature", "properties": { "name": "Nxtra Pune 2 (Hinjewadi 1)", "operator": "Nxtra by Airtel", "status": "operating", "src": "census", "opened_year": null, "mw_reported": 17.0, "mw_reported_buildout": 17.0, "dist_name": "Pune", "state_name": "Maharashtra", "dc_type": "colocation", "mw_it_all": 17.0, "e_fac_gwh_all": 166.7904, "co2_kt_all": 118.421184, "scope1_ml_all": 187.6392, "scope2_ml_all": 610.68637056, "mw_it": 17.0, "e_fac_gwh": 166.7904, "co2_kt": 118.421184, "scope1_ml": 187.6392, "scope2_ml": 610.68637056, "is_operating": true }, "geometry": { "type": "Point", "coordinates": [ 73.857, 18.52 ] } },
{ "type": "Feature", "properties": { "name": "Nxtra Pune 3 (Hinjewadi 2)", "operator": "Nxtra by Airtel", "status": "operating", "src": "census", "opened_year": null, "mw_reported": 4.0, "mw_reported_buildout": 4.0, "dist_name": "Pune", "state_name": "Maharashtra", "dc_type": "colocation", "mw_it_all": 4.0, "e_fac_gwh_all": 39.2448, "co2_kt_all": 27.863808, "scope1_ml_all": 44.1504, "scope2_ml_all": 143.69091072000001, "mw_it": 4.0, "e_fac_gwh": 39.2448, "co2_kt": 27.863808, "scope1_ml": 44.1504, "scope2_ml": 143.69091072000001, "is_operating": true }, "geometry": { "type": "Point", "coordinates": [ 73.857, 18.52 ] } },
{ "type": "Feature", "properties": { "name": "Nxtra Pune 4 (Hinjewadi 3)", "operator": "Nxtra by Airtel", "status": "operating", "src": "census", "opened_year": null, "mw_reported": 24.0, "mw_reported_buildout": 24.0, "dist_name": "Pune", "state_name": "Maharashtra", "dc_type": "colocation", "mw_it_all": 24.0, "e_fac_gwh_all": 235.4688, "co2_kt_all": 167.182848, "scope1_ml_all": 264.9024, "scope2_ml_all": 862.14546431999997, "mw_it": 24.0, "e_fac_gwh": 235.4688, "co2_kt": 167.182848, "scope1_ml": 264.9024, "scope2_ml": 862.14546431999997, "is_operating": true }, "geometry": { "type": "Point", "coordinates": [ 73.857, 18.52 ] } },
{ "type": "Feature", "properties": { "name": "Nxtra Pune III", "operator": "Nxtra by Airtel", "status": "construction", "src": "dcm", "opened_year": null, "mw_reported": null, "mw_reported_buildout": null, "dist_name": "Pune", "state_name": "Maharashtra", "dc_type": "colocation", "mw_it_all": 11.2610915492958, "e_fac_gwh_all": 110.484821408451, "co2_kt_all": 78.4442232, "scope1_ml_all": 124.295424084507, "scope2_ml_all": 404.52912510490199, "mw_it": null, "e_fac_gwh": null, "co2_kt": null, "scope1_ml": null, "scope2_ml": null, "is_operating": false }, "geometry": { "type": "Point", "coordinates": [ 73.857, 18.52 ] } },
{ "type": "Feature", "properties": { "name": "Pi Amaravati", "operator": "Pi Datacenters", "status": "operating", "src": "census", "opened_year": null, "mw_reported": null, "mw_reported_buildout": null, "dist_name": "Guntur", "state_name": "Andhra Pradesh", "dc_type": "colocation", "mw_it_all": 11.2610915492958, "e_fac_gwh_all": 110.484821408451, "co2_kt_all": 78.4442232, "scope1_ml_all": 124.295424084507, "scope2_ml_all": 404.52912510490199, "mw_it": 11.480387323943701, "e_fac_gwh": 112.636376112676, "co2_kt": 79.97182704, "scope1_ml": 126.715923126761, "scope2_ml": 412.406827498952, "is_operating": true }, "geometry": { "type": "Point", "coordinates": [ 80.56, 16.43 ] } },
{ "type": "Feature", "properties": { "name": "Pi Datacenters Hyderabad", "operator": "Pi Datacenters", "status": "construction", "src": "dcm", "opened_year": null, "mw_reported": null, "mw_reported_buildout": null, "dist_name": "Rangareddy", "state_name": "Andhra Pradesh", "dc_type": "colocation", "mw_it_all": 11.2610915492958, "e_fac_gwh_all": 110.484821408451, "co2_kt_all": 78.4442232, "scope1_ml_all": 124.295424084507, "scope2_ml_all": 404.52912510490199, "mw_it": null, "e_fac_gwh": null, "co2_kt": null, "scope1_ml": null, "scope2_ml": null, "is_operating": false }, "geometry": { "type": "Point", "coordinates": [ 78.487, 17.385 ] } },
{ "type": "Feature", "properties": { "name": "Pi Datacenters Kochi", "operator": "Pi Datacenters", "status": "operating", "src": "dcm", "opened_year": null, "mw_reported": null, "mw_reported_buildout": null, "dist_name": "Alappuzha", "state_name": "Kerala", "dc_type": "colocation", "mw_it_all": 11.2610915492958, "e_fac_gwh_all": 110.484821408451, "co2_kt_all": 78.4442232, "scope1_ml_all": 124.295424084507, "scope2_ml_all": 404.52912510490199, "mw_it": 11.480387323943701, "e_fac_gwh": 112.636376112676, "co2_kt": 79.97182704, "scope1_ml": 126.715923126761, "scope2_ml": 412.406827498952, "is_operating": true }, "geometry": { "type": "Point", "coordinates": [ 76.2673, 9.9312 ] } },
{ "type": "Feature", "properties": { "name": "Pi Datacenters Mumbai", "operator": "Pi Datacenters", "status": "construction", "src": "dcm", "opened_year": null, "mw_reported": null, "mw_reported_buildout": null, "dist_name": "Mumbai Suburban", "state_name": "Maharashtra", "dc_type": "colocation", "mw_it_all": 11.2610915492958, "e_fac_gwh_all": 110.484821408451, "co2_kt_all": 78.4442232, "scope1_ml_all": 124.295424084507, "scope2_ml_all": 404.52912510490199, "mw_it": null, "e_fac_gwh": null, "co2_kt": null, "scope1_ml": null, "scope2_ml": null, "is_operating": false }, "geometry": { "type": "Point", "coordinates": [ 72.878, 19.076 ] } },
{ "type": "Feature", "properties": { "name": "Princeton Digital CH1", "operator": "Princeton Digital Group", "status": "announced", "src": "dcm", "opened_year": null, "mw_reported": null, "mw_reported_buildout": null, "dist_name": "Kancheepuram", "state_name": "Tamil Nadu", "dc_type": "colocation", "mw_it_all": 11.2610915492958, "e_fac_gwh_all": 110.484821408451, "co2_kt_all": 78.4442232, "scope1_ml_all": 124.295424084507, "scope2_ml_all": 404.52912510490199, "mw_it": null, "e_fac_gwh": null, "co2_kt": null, "scope1_ml": null, "scope2_ml": null, "is_operating": false }, "geometry": { "type": "Point", "coordinates": [ 80.2, 12.9 ] } },
{ "type": "Feature", "properties": { "name": "Princeton Digital HY1", "operator": "Princeton Digital Group", "status": "announced", "src": "dcm", "opened_year": null, "mw_reported": null, "mw_reported_buildout": null, "dist_name": "Rangareddy", "state_name": "Andhra Pradesh", "dc_type": "colocation", "mw_it_all": 11.2610915492958, "e_fac_gwh_all": 110.484821408451, "co2_kt_all": 78.4442232, "scope1_ml_all": 124.295424084507, "scope2_ml_all": 404.52912510490199, "mw_it": null, "e_fac_gwh": null, "co2_kt": null, "scope1_ml": null, "scope2_ml": null, "is_operating": false }, "geometry": { "type": "Point", "coordinates": [ 78.487, 17.385 ] } },
{ "type": "Feature", "properties": { "name": "Princeton Digital MU1 DC3", "operator": "Princeton Digital Group", "status": "construction", "src": "dcm", "opened_year": null, "mw_reported": null, "mw_reported_buildout": null, "dist_name": "Thane", "state_name": "Maharashtra", "dc_type": "colocation", "mw_it_all": 11.2610915492958, "e_fac_gwh_all": 110.484821408451, "co2_kt_all": 78.4442232, "scope1_ml_all": 124.295424084507, "scope2_ml_all": 404.52912510490199, "mw_it": null, "e_fac_gwh": null, "co2_kt": null, "scope1_ml": null, "scope2_ml": null, "is_operating": false }, "geometry": { "type": "Point", "coordinates": [ 73.03, 19.033 ] } },
{ "type": "Feature", "properties": { "name": "Princeton Digital MU1 DC4", "operator": "Princeton Digital Group", "status": "announced", "src": "dcm", "opened_year": null, "mw_reported": null, "mw_reported_buildout": null, "dist_name": "Thane", "state_name": "Maharashtra", "dc_type": "colocation", "mw_it_all": 11.2610915492958, "e_fac_gwh_all": 110.484821408451, "co2_kt_all": 78.4442232, "scope1_ml_all": 124.295424084507, "scope2_ml_all": 404.52912510490199, "mw_it": null, "e_fac_gwh": null, "co2_kt": null, "scope1_ml": null, "scope2_ml": null, "is_operating": false }, "geometry": { "type": "Point", "coordinates": [ 73.03, 19.033 ] } },
{ "type": "Feature", "properties": { "name": "Princeton Digital MU1 DC5", "operator": "Princeton Digital Group", "status": "announced", "src": "dcm", "opened_year": null, "mw_reported": null, "mw_reported_buildout": null, "dist_name": "Thane", "state_name": "Maharashtra", "dc_type": "colocation", "mw_it_all": 11.2610915492958, "e_fac_gwh_all": 110.484821408451, "co2_kt_all": 78.4442232, "scope1_ml_all": 124.295424084507, "scope2_ml_all": 404.52912510490199, "mw_it": null, "e_fac_gwh": null, "co2_kt": null, "scope1_ml": null, "scope2_ml": null, "is_operating": false }, "geometry": { "type": "Point", "coordinates": [ 73.03, 19.033 ] } },
{ "type": "Feature", "properties": { "name": "Princeton Digital MU2", "operator": "Princeton Digital Group", "status": "construction", "src": "dcm", "opened_year": null, "mw_reported": 120.0, "mw_reported_buildout": 120.0, "dist_name": "Thane", "state_name": "Maharashtra", "dc_type": "colocation", "mw_it_all": 120.0, "e_fac_gwh_all": 1177.344, "co2_kt_all": 835.91424, "scope1_ml_all": 1324.512, "scope2_ml_all": 4310.7273216000003, "mw_it": null, "e_fac_gwh": null, "co2_kt": null, "scope1_ml": null, "scope2_ml": null, "is_operating": false }, "geometry": { "type": "Point", "coordinates": [ 73.03, 19.033 ] } },
{ "type": "Feature", "properties": { "name": "Princeton MU1", "operator": "Princeton Digital Group", "status": "operating", "src": "census", "opened_year": null, "mw_reported": 48.0, "mw_reported_buildout": 48.0, "dist_name": "Thane", "state_name": "Maharashtra", "dc_type": "colocation", "mw_it_all": 48.0, "e_fac_gwh_all": 470.9376, "co2_kt_all": 334.365696, "scope1_ml_all": 529.8048, "scope2_ml_all": 1724.2909286399999, "mw_it": 48.0, "e_fac_gwh": 470.9376, "co2_kt": 334.365696, "scope1_ml": 529.8048, "scope2_ml": 1724.2909286399999, "is_operating": true }, "geometry": { "type": "Point", "coordinates": [ 73.03, 19.033 ] } },
{ "type": "Feature", "properties": { "name": "Progression Infonet Data Center", "operator": "Progression Infonet", "status": "operating", "src": "dcm", "opened_year": null, "mw_reported": null, "mw_reported_buildout": null, "dist_name": "South West", "state_name": "Nct Of Delhi", "dc_type": "enterprise", "mw_it_all": 0.0, "e_fac_gwh_all": 0.0, "co2_kt_all": 0.0, "scope1_ml_all": 0.0, "scope2_ml_all": 0.0, "mw_it": 0.0, "e_fac_gwh": 0.0, "co2_kt": 0.0, "scope1_ml": 0.0, "scope2_ml": 0.0, "is_operating": true }, "geometry": { "type": "Point", "coordinates": [ 77.0266, 28.4595 ] } },
{ "type": "Feature", "properties": { "name": "R3esolution Private Limited", "operator": "R3esolution Infotech Pvt LTD", "status": "operating", "src": "dcm", "opened_year": null, "mw_reported": null, "mw_reported_buildout": null, "dist_name": "Mumbai Suburban", "state_name": "Maharashtra", "dc_type": "enterprise", "mw_it_all": 0.0, "e_fac_gwh_all": 0.0, "co2_kt_all": 0.0, "scope1_ml_all": 0.0, "scope2_ml_all": 0.0, "mw_it": 0.0, "e_fac_gwh": 0.0, "co2_kt": 0.0, "scope1_ml": 0.0, "scope2_ml": 0.0, "is_operating": true }, "geometry": { "type": "Point", "coordinates": [ 72.878, 19.076 ] } },
{ "type": "Feature", "properties": { "name": "RackBank DC Madya Pradesh", "operator": "Rackbank Datacenters Pvt. Ltd.", "status": "announced", "src": "dcm", "opened_year": null, "mw_reported": null, "mw_reported_buildout": null, "dist_name": "Indore", "state_name": "Madhya Pradesh", "dc_type": "colocation", "mw_it_all": 11.2610915492958, "e_fac_gwh_all": 110.484821408451, "co2_kt_all": 78.4442232, "scope1_ml_all": 124.295424084507, "scope2_ml_all": 404.52912510490199, "mw_it": null, "e_fac_gwh": null, "co2_kt": null, "scope1_ml": null, "scope2_ml": null, "is_operating": false }, "geometry": { "type": "Point", "coordinates": [ 75.8577, 22.7196 ] } },
{ "type": "Feature", "properties": { "name": "RackBank DC SEZ 1", "operator": "Rackbank Datacenters Pvt. Ltd.", "status": "operating", "src": "dcm", "opened_year": null, "mw_reported": null, "mw_reported_buildout": null, "dist_name": "Indore", "state_name": "Madhya Pradesh", "dc_type": "colocation", "mw_it_all": 11.2610915492958, "e_fac_gwh_all": 110.484821408451, "co2_kt_all": 78.4442232, "scope1_ml_all": 124.295424084507, "scope2_ml_all": 404.52912510490199, "mw_it": 11.480387323943701, "e_fac_gwh": 112.636376112676, "co2_kt": 79.97182704, "scope1_ml": 126.715923126761, "scope2_ml": 412.406827498952, "is_operating": true }, "geometry": { "type": "Point", "coordinates": [ 75.8577, 22.7196 ] } },
{ "type": "Feature", "properties": { "name": "RackBank GigaCampus ONE", "operator": "Rackbank Datacenters Pvt. Ltd.", "status": "operating", "src": "dcm", "opened_year": null, "mw_reported": null, "mw_reported_buildout": null, "dist_name": "Kancheepuram", "state_name": "Tamil Nadu", "dc_type": "colocation", "mw_it_all": 11.2610915492958, "e_fac_gwh_all": 110.484821408451, "co2_kt_all": 78.4442232, "scope1_ml_all": 124.295424084507, "scope2_ml_all": 404.52912510490199, "mw_it": 11.480387323943701, "e_fac_gwh": 112.636376112676, "co2_kt": 79.97182704, "scope1_ml": 126.715923126761, "scope2_ml": 412.406827498952, "is_operating": true }, "geometry": { "type": "Point", "coordinates": [ 80.2, 12.9 ] } },
{ "type": "Feature", "properties": { "name": "RackBank Nava Raipur", "operator": "Rackbank Datacenters Pvt. Ltd.", "status": "construction", "src": "dcm", "opened_year": null, "mw_reported": null, "mw_reported_buildout": null, "dist_name": "Durg", "state_name": "Chattisgarh", "dc_type": "colocation", "mw_it_all": 11.2610915492958, "e_fac_gwh_all": 110.484821408451, "co2_kt_all": 78.4442232, "scope1_ml_all": 124.295424084507, "scope2_ml_all": 404.52912510490199, "mw_it": null, "e_fac_gwh": null, "co2_kt": null, "scope1_ml": null, "scope2_ml": null, "is_operating": false }, "geometry": { "type": "Point", "coordinates": [ 81.6296, 21.2514 ] } },
{ "type": "Feature", "properties": { "name": "RailTel Secunderabad Data Center", "operator": "RailTel Corporation of India Ltd.", "status": "operating", "src": "dcm", "opened_year": null, "mw_reported": null, "mw_reported_buildout": null, "dist_name": "Rangareddy", "state_name": "Andhra Pradesh", "dc_type": "telecom", "mw_it_all": 1.8768485915493001, "e_fac_gwh_all": 18.414136901408501, "co2_kt_all": 13.0740372, "scope1_ml_all": 20.715904014084501, "scope2_ml_all": 67.421520850816904, "mw_it": 1.9133978873239399, "e_fac_gwh": 18.772729352112702, "co2_kt": 13.32863784, "scope1_ml": 21.119320521126799, "scope2_ml": 68.734471249825404, "is_operating": true }, "geometry": { "type": "Point", "coordinates": [ 78.487, 17.385 ] } },
{ "type": "Feature", "properties": { "name": "RailTel Silver Jubilee Data Center", "operator": "RailTel Corporation of India Ltd.", "status": "operating", "src": "dcm", "opened_year": null, "mw_reported": null, "mw_reported_buildout": null, "dist_name": "Gautam Buddha Nagar", "state_name": "Uttar Pradesh", "dc_type": "telecom", "mw_it_all": 1.8768485915493001, "e_fac_gwh_all": 18.414136901408501, "co2_kt_all": 13.0740372, "scope1_ml_all": 20.715904014084501, "scope2_ml_all": 67.421520850816904, "mw_it": 1.9133978873239399, "e_fac_gwh": 18.772729352112702, "co2_kt": 13.32863784, "scope1_ml": 21.119320521126799, "scope2_ml": 68.734471249825404, "is_operating": true }, "geometry": { "type": "Point", "coordinates": [ 77.391, 28.535 ] } },
{ "type": "Feature", "properties": { "name": "Reliance IDC Bengaluru #1", "operator": "Reliance Data Center", "status": "operating", "src": "dcm", "opened_year": null, "mw_reported": null, "mw_reported_buildout": null, "dist_name": "Bangalore", "state_name": "Karnataka", "dc_type": "telecom", "mw_it_all": 1.8768485915493001, "e_fac_gwh_all": 18.414136901408501, "co2_kt_all": 13.0740372, "scope1_ml_all": 20.715904014084501, "scope2_ml_all": 67.421520850816904, "mw_it": 1.9133978873239399, "e_fac_gwh": 18.772729352112702, "co2_kt": 13.32863784, "scope1_ml": 21.119320521126799, "scope2_ml": 68.734471249825404, "is_operating": true }, "geometry": { "type": "Point", "coordinates": [ 77.595, 12.972 ] } },
{ "type": "Feature", "properties": { "name": "Reliance IDC Bengaluru #2", "operator": "Reliance Data Center", "status": "operating", "src": "dcm", "opened_year": null, "mw_reported": null, "mw_reported_buildout": null, "dist_name": "Bangalore", "state_name": "Karnataka", "dc_type": "telecom", "mw_it_all": 1.8768485915493001, "e_fac_gwh_all": 18.414136901408501, "co2_kt_all": 13.0740372, "scope1_ml_all": 20.715904014084501, "scope2_ml_all": 67.421520850816904, "mw_it": 1.9133978873239399, "e_fac_gwh": 18.772729352112702, "co2_kt": 13.32863784, "scope1_ml": 21.119320521126799, "scope2_ml": 68.734471249825404, "is_operating": true }, "geometry": { "type": "Point", "coordinates": [ 77.595, 12.972 ] } },
{ "type": "Feature", "properties": { "name": "Reliance IDC Bengaluru #3", "operator": "Reliance Data Center", "status": "operating", "src": "dcm", "opened_year": null, "mw_reported": null, "mw_reported_buildout": null, "dist_name": "Bangalore", "state_name": "Karnataka", "dc_type": "telecom", "mw_it_all": 1.8768485915493001, "e_fac_gwh_all": 18.414136901408501, "co2_kt_all": 13.0740372, "scope1_ml_all": 20.715904014084501, "scope2_ml_all": 67.421520850816904, "mw_it": 1.9133978873239399, "e_fac_gwh": 18.772729352112702, "co2_kt": 13.32863784, "scope1_ml": 21.119320521126799, "scope2_ml": 68.734471249825404, "is_operating": true }, "geometry": { "type": "Point", "coordinates": [ 77.595, 12.972 ] } },
{ "type": "Feature", "properties": { "name": "Reliance IDC Chennai", "operator": "Reliance Data Center", "status": "operating", "src": "dcm", "opened_year": null, "mw_reported": null, "mw_reported_buildout": null, "dist_name": "Kancheepuram", "state_name": "Tamil Nadu", "dc_type": "telecom", "mw_it_all": 1.8768485915493001, "e_fac_gwh_all": 18.414136901408501, "co2_kt_all": 13.0740372, "scope1_ml_all": 20.715904014084501, "scope2_ml_all": 67.421520850816904, "mw_it": 1.9133978873239399, "e_fac_gwh": 18.772729352112702, "co2_kt": 13.32863784, "scope1_ml": 21.119320521126799, "scope2_ml": 68.734471249825404, "is_operating": true }, "geometry": { "type": "Point", "coordinates": [ 80.2, 12.9 ] } },
{ "type": "Feature", "properties": { "name": "Reliance IDC Hyderabad", "operator": "Reliance Data Center", "status": "operating", "src": "dcm", "opened_year": null, "mw_reported": null, "mw_reported_buildout": null, "dist_name": "Rangareddy", "state_name": "Andhra Pradesh", "dc_type": "telecom", "mw_it_all": 1.8768485915493001, "e_fac_gwh_all": 18.414136901408501, "co2_kt_all": 13.0740372, "scope1_ml_all": 20.715904014084501, "scope2_ml_all": 67.421520850816904, "mw_it": 1.9133978873239399, "e_fac_gwh": 18.772729352112702, "co2_kt": 13.32863784, "scope1_ml": 21.119320521126799, "scope2_ml": 68.734471249825404, "is_operating": true }, "geometry": { "type": "Point", "coordinates": [ 78.487, 17.385 ] } },
{ "type": "Feature", "properties": { "name": "Reliance IDC Mumbai #1", "operator": "Reliance Data Center", "status": "operating", "src": "dcm", "opened_year": null, "mw_reported": null, "mw_reported_buildout": null, "dist_name": "Thane", "state_name": "Maharashtra", "dc_type": "telecom", "mw_it_all": 1.8768485915493001, "e_fac_gwh_all": 18.414136901408501, "co2_kt_all": 13.0740372, "scope1_ml_all": 20.715904014084501, "scope2_ml_all": 67.421520850816904, "mw_it": 1.9133978873239399, "e_fac_gwh": 18.772729352112702, "co2_kt": 13.32863784, "scope1_ml": 21.119320521126799, "scope2_ml": 68.734471249825404, "is_operating": true }, "geometry": { "type": "Point", "coordinates": [ 73.03, 19.033 ] } },
{ "type": "Feature", "properties": { "name": "Reliance IDC Mumbai #2", "operator": "Reliance Data Center", "status": "operating", "src": "dcm", "opened_year": null, "mw_reported": null, "mw_reported_buildout": null, "dist_name": "Thane", "state_name": "Maharashtra", "dc_type": "telecom", "mw_it_all": 1.8768485915493001, "e_fac_gwh_all": 18.414136901408501, "co2_kt_all": 13.0740372, "scope1_ml_all": 20.715904014084501, "scope2_ml_all": 67.421520850816904, "mw_it": 1.9133978873239399, "e_fac_gwh": 18.772729352112702, "co2_kt": 13.32863784, "scope1_ml": 21.119320521126799, "scope2_ml": 68.734471249825404, "is_operating": true }, "geometry": { "type": "Point", "coordinates": [ 73.03, 19.033 ] } },
{ "type": "Feature", "properties": { "name": "Reliance IDC Mumbai #3", "operator": "Reliance Data Center", "status": "operating", "src": "dcm", "opened_year": null, "mw_reported": null, "mw_reported_buildout": null, "dist_name": "Thane", "state_name": "Maharashtra", "dc_type": "telecom", "mw_it_all": 1.8768485915493001, "e_fac_gwh_all": 18.414136901408501, "co2_kt_all": 13.0740372, "scope1_ml_all": 20.715904014084501, "scope2_ml_all": 67.421520850816904, "mw_it": 1.9133978873239399, "e_fac_gwh": 18.772729352112702, "co2_kt": 13.32863784, "scope1_ml": 21.119320521126799, "scope2_ml": 68.734471249825404, "is_operating": true }, "geometry": { "type": "Point", "coordinates": [ 73.03, 19.033 ] } },
{ "type": "Feature", "properties": { "name": "Reliance IDC Mumbai #4", "operator": "Reliance Data Center", "status": "operating", "src": "dcm", "opened_year": null, "mw_reported": null, "mw_reported_buildout": null, "dist_name": "Thane", "state_name": "Maharashtra", "dc_type": "telecom", "mw_it_all": 1.8768485915493001, "e_fac_gwh_all": 18.414136901408501, "co2_kt_all": 13.0740372, "scope1_ml_all": 20.715904014084501, "scope2_ml_all": 67.421520850816904, "mw_it": 1.9133978873239399, "e_fac_gwh": 18.772729352112702, "co2_kt": 13.32863784, "scope1_ml": 21.119320521126799, "scope2_ml": 68.734471249825404, "is_operating": true }, "geometry": { "type": "Point", "coordinates": [ 73.03, 19.033 ] } },
{ "type": "Feature", "properties": { "name": "Reliance Jamnagar AI DC", "operator": "Reliance", "status": "announced", "src": "census", "opened_year": null, "mw_reported": null, "mw_reported_buildout": null, "dist_name": "Jamnagar", "state_name": "Gujarat", "dc_type": "telecom", "mw_it_all": 1.8768485915493001, "e_fac_gwh_all": 18.414136901408501, "co2_kt_all": 13.0740372, "scope1_ml_all": 20.715904014084501, "scope2_ml_all": 67.421520850816904, "mw_it": null, "e_fac_gwh": null, "co2_kt": null, "scope1_ml": null, "scope2_ml": null, "is_operating": false }, "geometry": { "type": "Point", "coordinates": [ 70.057, 22.47 ] } },
{ "type": "Feature", "properties": { "name": "Renaissance Data Center", "operator": "Renaissance Technologies", "status": "operating", "src": "dcm", "opened_year": null, "mw_reported": null, "mw_reported_buildout": null, "dist_name": "Bangalore", "state_name": "Karnataka", "dc_type": "enterprise", "mw_it_all": 3.7536971830985899, "e_fac_gwh_all": 36.828273802816902, "co2_kt_all": 26.1480744, "scope1_ml_all": 41.431808028169002, "scope2_ml_all": 134.84304170163401, "mw_it": 3.82679577464789, "e_fac_gwh": 37.545458704225297, "co2_kt": 26.65727568, "scope1_ml": 42.238641042253498, "scope2_ml": 137.46894249965101, "is_operating": true }, "geometry": { "type": "Point", "coordinates": [ 77.595, 12.972 ] } },
{ "type": "Feature", "properties": { "name": "SOLOIDC Noida DC", "operator": "SOLOIDC Technologies Pvt Ltd", "status": "operating", "src": "dcm", "opened_year": null, "mw_reported": null, "mw_reported_buildout": null, "dist_name": "Gautam Buddha Nagar", "state_name": "Uttar Pradesh", "dc_type": "enterprise", "mw_it_all": 0.0, "e_fac_gwh_all": 0.0, "co2_kt_all": 0.0, "scope1_ml_all": 0.0, "scope2_ml_all": 0.0, "mw_it": 0.0, "e_fac_gwh": 0.0, "co2_kt": 0.0, "scope1_ml": 0.0, "scope2_ml": 0.0, "is_operating": true }, "geometry": { "type": "Point", "coordinates": [ 77.391, 28.535 ] } },
{ "type": "Feature", "properties": { "name": "STT Ahmedabad DC 1", "operator": "STT GDC India", "status": "operating", "src": "dcm", "opened_year": null, "mw_reported": null, "mw_reported_buildout": null, "dist_name": "Gandhinagar", "state_name": "Gujarat", "dc_type": "colocation", "mw_it_all": 11.2610915492958, "e_fac_gwh_all": 110.484821408451, "co2_kt_all": 78.4442232, "scope1_ml_all": 124.295424084507, "scope2_ml_all": 404.52912510490199, "mw_it": 11.480387323943701, "e_fac_gwh": 112.636376112676, "co2_kt": 79.97182704, "scope1_ml": 126.715923126761, "scope2_ml": 412.406827498952, "is_operating": true }, "geometry": { "type": "Point", "coordinates": [ 72.571, 23.022 ] } },
{ "type": "Feature", "properties": { "name": "STT Bengaluru DC 1", "operator": "STT GDC India", "status": "operating", "src": "dcm", "opened_year": null, "mw_reported": null, "mw_reported_buildout": null, "dist_name": "Bangalore", "state_name": "Karnataka", "dc_type": "colocation", "mw_it_all": 11.2610915492958, "e_fac_gwh_all": 110.484821408451, "co2_kt_all": 78.4442232, "scope1_ml_all": 124.295424084507, "scope2_ml_all": 404.52912510490199, "mw_it": 11.480387323943701, "e_fac_gwh": 112.636376112676, "co2_kt": 79.97182704, "scope1_ml": 126.715923126761, "scope2_ml": 412.406827498952, "is_operating": true }, "geometry": { "type": "Point", "coordinates": [ 77.595, 12.972 ] } },
{ "type": "Feature", "properties": { "name": "STT Bengaluru DC 2", "operator": "STT GDC India", "status": "operating", "src": "dcm", "opened_year": null, "mw_reported": null, "mw_reported_buildout": null, "dist_name": "Bangalore", "state_name": "Karnataka", "dc_type": "colocation", "mw_it_all": 11.2610915492958, "e_fac_gwh_all": 110.484821408451, "co2_kt_all": 78.4442232, "scope1_ml_all": 124.295424084507, "scope2_ml_all": 404.52912510490199, "mw_it": 11.480387323943701, "e_fac_gwh": 112.636376112676, "co2_kt": 79.97182704, "scope1_ml": 126.715923126761, "scope2_ml": 412.406827498952, "is_operating": true }, "geometry": { "type": "Point", "coordinates": [ 77.595, 12.972 ] } },
{ "type": "Feature", "properties": { "name": "STT Bengaluru DC 3", "operator": "STT GDC India", "status": "operating", "src": "dcm", "opened_year": null, "mw_reported": null, "mw_reported_buildout": null, "dist_name": "Bangalore", "state_name": "Karnataka", "dc_type": "colocation", "mw_it_all": 11.2610915492958, "e_fac_gwh_all": 110.484821408451, "co2_kt_all": 78.4442232, "scope1_ml_all": 124.295424084507, "scope2_ml_all": 404.52912510490199, "mw_it": 11.480387323943701, "e_fac_gwh": 112.636376112676, "co2_kt": 79.97182704, "scope1_ml": 126.715923126761, "scope2_ml": 412.406827498952, "is_operating": true }, "geometry": { "type": "Point", "coordinates": [ 77.595, 12.972 ] } },
{ "type": "Feature", "properties": { "name": "STT Chennai 2", "operator": "STT GDC India", "status": "operating", "src": "census", "opened_year": null, "mw_reported": 26.0, "mw_reported_buildout": 26.0, "dist_name": "Kancheepuram", "state_name": "Tamil Nadu", "dc_type": "colocation", "mw_it_all": 26.0, "e_fac_gwh_all": 255.0912, "co2_kt_all": 181.114752, "scope1_ml_all": 286.9776, "scope2_ml_all": 933.99091968000005, "mw_it": 26.0, "e_fac_gwh": 255.0912, "co2_kt": 181.114752, "scope1_ml": 286.9776, "scope2_ml": 933.99091968000005, "is_operating": true }, "geometry": { "type": "Point", "coordinates": [ 80.2, 12.9 ] } },
{ "type": "Feature", "properties": { "name": "STT Chennai DC 4", "operator": "STT GDC India", "status": "construction", "src": "dcm", "opened_year": null, "mw_reported": null, "mw_reported_buildout": null, "dist_name": "Kancheepuram", "state_name": "Tamil Nadu", "dc_type": "colocation", "mw_it_all": 11.2610915492958, "e_fac_gwh_all": 110.484821408451, "co2_kt_all": 78.4442232, "scope1_ml_all": 124.295424084507, "scope2_ml_all": 404.52912510490199, "mw_it": null, "e_fac_gwh": null, "co2_kt": null, "scope1_ml": null, "scope2_ml": null, "is_operating": false }, "geometry": { "type": "Point", "coordinates": [ 80.2, 12.9 ] } },
{ "type": "Feature", "properties": { "name": "STT Delhi 1", "operator": "STT GDC India", "status": "operating", "src": "census", "opened_year": null, "mw_reported": 0.9, "mw_reported_buildout": 0.9, "dist_name": "North West", "state_name": "Nct Of Delhi", "dc_type": "colocation", "mw_it_all": 0.9, "e_fac_gwh_all": 8.83008, "co2_kt_all": 6.2693568, "scope1_ml_all": 9.93384, "scope2_ml_all": 32.330454912, "mw_it": 0.9, "e_fac_gwh": 8.83008, "co2_kt": 6.2693568, "scope1_ml": 9.93384, "scope2_ml": 32.330454912, "is_operating": true }, "geometry": { "type": "Point", "coordinates": [ 77.2, 28.65 ] } },
{ "type": "Feature", "properties": { "name": "STT Delhi 2", "operator": "STT GDC India", "status": "operating", "src": "census", "opened_year": null, "mw_reported": 1.0, "mw_reported_buildout": 1.0, "dist_name": "North West", "state_name": "Nct Of Delhi", "dc_type": "colocation", "mw_it_all": 1.0, "e_fac_gwh_all": 9.8112, "co2_kt_all": 6.965952, "scope1_ml_all": 11.0376, "scope2_ml_all": 35.92272768, "mw_it": 1.0, "e_fac_gwh": 9.8112, "co2_kt": 6.965952, "scope1_ml": 11.0376, "scope2_ml": 35.92272768, "is_operating": true }, "geometry": { "type": "Point", "coordinates": [ 77.2, 28.65 ] } },
{ "type": "Feature", "properties": { "name": "STT Delhi 3", "operator": "STT GDC India", "status": "operating", "src": "census", "opened_year": null, "mw_reported": 10.1, "mw_reported_buildout": 10.1, "dist_name": "North West", "state_name": "Nct Of Delhi", "dc_type": "colocation", "mw_it_all": 10.1, "e_fac_gwh_all": 99.09312, "co2_kt_all": 70.3561152, "scope1_ml_all": 111.47976, "scope2_ml_all": 362.81954956800001, "mw_it": 10.1, "e_fac_gwh": 99.09312, "co2_kt": 70.3561152, "scope1_ml": 111.47976, "scope2_ml": 362.81954956800001, "is_operating": true }, "geometry": { "type": "Point", "coordinates": [ 77.2, 28.65 ] } },
{ "type": "Feature", "properties": { "name": "STT Hyderabad DC 1", "operator": "STT GDC India", "status": "operating", "src": "dcm", "opened_year": null, "mw_reported": null, "mw_reported_buildout": null, "dist_name": "Rangareddy", "state_name": "Andhra Pradesh", "dc_type": "colocation", "mw_it_all": 11.2610915492958, "e_fac_gwh_all": 110.484821408451, "co2_kt_all": 78.4442232, "scope1_ml_all": 124.295424084507, "scope2_ml_all": 404.52912510490199, "mw_it": 11.480387323943701, "e_fac_gwh": 112.636376112676, "co2_kt": 79.97182704, "scope1_ml": 126.715923126761, "scope2_ml": 412.406827498952, "is_operating": true }, "geometry": { "type": "Point", "coordinates": [ 78.487, 17.385 ] } },
{ "type": "Feature", "properties": { "name": "STT Jaipur (edge)", "operator": "STT GDC India", "status": "construction", "src": "census", "opened_year": null, "mw_reported": null, "mw_reported_buildout": null, "dist_name": "Jaipur", "state_name": "Rajasthan", "dc_type": "colocation", "mw_it_all": 11.2610915492958, "e_fac_gwh_all": 110.484821408451, "co2_kt_all": 78.4442232, "scope1_ml_all": 124.295424084507, "scope2_ml_all": 404.52912510490199, "mw_it": null, "e_fac_gwh": null, "co2_kt": null, "scope1_ml": null, "scope2_ml": null, "is_operating": false }, "geometry": { "type": "Point", "coordinates": [ 75.787, 26.912 ] } },
{ "type": "Feature", "properties": { "name": "STT Kolkata DC 1", "operator": "STT GDC India", "status": "operating", "src": "dcm", "opened_year": null, "mw_reported": null, "mw_reported_buildout": null, "dist_name": "South Twenty Four Parganas", "state_name": "West Bengal", "dc_type": "colocation", "mw_it_all": 11.2610915492958, "e_fac_gwh_all": 110.484821408451, "co2_kt_all": 78.4442232, "scope1_ml_all": 124.295424084507, "scope2_ml_all": 404.52912510490199, "mw_it": 11.480387323943701, "e_fac_gwh": 112.636376112676, "co2_kt": 79.97182704, "scope1_ml": 126.715923126761, "scope2_ml": 412.406827498952, "is_operating": true }, "geometry": { "type": "Point", "coordinates": [ 88.364, 22.573 ] } },
{ "type": "Feature", "properties": { "name": "STT Kolkata DC 2", "operator": "STT GDC India", "status": "operating", "src": "dcm", "opened_year": null, "mw_reported": null, "mw_reported_buildout": null, "dist_name": "South Twenty Four Parganas", "state_name": "West Bengal", "dc_type": "colocation", "mw_it_all": 11.2610915492958, "e_fac_gwh_all": 110.484821408451, "co2_kt_all": 78.4442232, "scope1_ml_all": 124.295424084507, "scope2_ml_all": 404.52912510490199, "mw_it": 11.480387323943701, "e_fac_gwh": 112.636376112676, "co2_kt": 79.97182704, "scope1_ml": 126.715923126761, "scope2_ml": 412.406827498952, "is_operating": true }, "geometry": { "type": "Point", "coordinates": [ 88.364, 22.573 ] } },
{ "type": "Feature", "properties": { "name": "STT Mumbai DC 1", "operator": "STT GDC India", "status": "operating", "src": "dcm", "opened_year": null, "mw_reported": null, "mw_reported_buildout": null, "dist_name": "Mumbai Suburban", "state_name": "Maharashtra", "dc_type": "colocation", "mw_it_all": 11.2610915492958, "e_fac_gwh_all": 110.484821408451, "co2_kt_all": 78.4442232, "scope1_ml_all": 124.295424084507, "scope2_ml_all": 404.52912510490199, "mw_it": 11.480387323943701, "e_fac_gwh": 112.636376112676, "co2_kt": 79.97182704, "scope1_ml": 126.715923126761, "scope2_ml": 412.406827498952, "is_operating": true }, "geometry": { "type": "Point", "coordinates": [ 72.878, 19.076 ] } },
{ "type": "Feature", "properties": { "name": "STT Mumbai DC 2", "operator": "STT GDC India", "status": "operating", "src": "dcm", "opened_year": null, "mw_reported": null, "mw_reported_buildout": null, "dist_name": "Mumbai Suburban", "state_name": "Maharashtra", "dc_type": "colocation", "mw_it_all": 11.2610915492958, "e_fac_gwh_all": 110.484821408451, "co2_kt_all": 78.4442232, "scope1_ml_all": 124.295424084507, "scope2_ml_all": 404.52912510490199, "mw_it": 11.480387323943701, "e_fac_gwh": 112.636376112676, "co2_kt": 79.97182704, "scope1_ml": 126.715923126761, "scope2_ml": 412.406827498952, "is_operating": true }, "geometry": { "type": "Point", "coordinates": [ 72.878, 19.076 ] } },
{ "type": "Feature", "properties": { "name": "STT Mumbai DC 3", "operator": "STT GDC India", "status": "operating", "src": "dcm", "opened_year": null, "mw_reported": null, "mw_reported_buildout": null, "dist_name": "Mumbai Suburban", "state_name": "Maharashtra", "dc_type": "colocation", "mw_it_all": 11.2610915492958, "e_fac_gwh_all": 110.484821408451, "co2_kt_all": 78.4442232, "scope1_ml_all": 124.295424084507, "scope2_ml_all": 404.52912510490199, "mw_it": 11.480387323943701, "e_fac_gwh": 112.636376112676, "co2_kt": 79.97182704, "scope1_ml": 126.715923126761, "scope2_ml": 412.406827498952, "is_operating": true }, "geometry": { "type": "Point", "coordinates": [ 72.878, 19.076 ] } },
{ "type": "Feature", "properties": { "name": "STT Navi Mumbai (Plot No. 50/2)", "operator": "STT GDC India", "status": "announced", "src": "dcm", "opened_year": null, "mw_reported": null, "mw_reported_buildout": null, "dist_name": "Thane", "state_name": "Maharashtra", "dc_type": "colocation", "mw_it_all": 11.2610915492958, "e_fac_gwh_all": 110.484821408451, "co2_kt_all": 78.4442232, "scope1_ml_all": 124.295424084507, "scope2_ml_all": 404.52912510490199, "mw_it": null, "e_fac_gwh": null, "co2_kt": null, "scope1_ml": null, "scope2_ml": null, "is_operating": false }, "geometry": { "type": "Point", "coordinates": [ 73.03, 19.033 ] } },
{ "type": "Feature", "properties": { "name": "STT Navi Mumbai DC 1", "operator": "STT GDC India", "status": "operating", "src": "dcm", "opened_year": null, "mw_reported": null, "mw_reported_buildout": null, "dist_name": "Thane", "state_name": "Maharashtra", "dc_type": "colocation", "mw_it_all": 11.2610915492958, "e_fac_gwh_all": 110.484821408451, "co2_kt_all": 78.4442232, "scope1_ml_all": 124.295424084507, "scope2_ml_all": 404.52912510490199, "mw_it": 11.480387323943701, "e_fac_gwh": 112.636376112676, "co2_kt": 79.97182704, "scope1_ml": 126.715923126761, "scope2_ml": 412.406827498952, "is_operating": true }, "geometry": { "type": "Point", "coordinates": [ 73.03, 19.033 ] } },
{ "type": "Feature", "properties": { "name": "STT Navi Mumbai DC 2", "operator": "STT GDC India", "status": "construction", "src": "dcm", "opened_year": null, "mw_reported": null, "mw_reported_buildout": null, "dist_name": "Thane", "state_name": "Maharashtra", "dc_type": "colocation", "mw_it_all": 11.2610915492958, "e_fac_gwh_all": 110.484821408451, "co2_kt_all": 78.4442232, "scope1_ml_all": 124.295424084507, "scope2_ml_all": 404.52912510490199, "mw_it": null, "e_fac_gwh": null, "co2_kt": null, "scope1_ml": null, "scope2_ml": null, "is_operating": false }, "geometry": { "type": "Point", "coordinates": [ 73.03, 19.033 ] } },
{ "type": "Feature", "properties": { "name": "STT Navi Mumbai DC 3", "operator": "STT GDC India", "status": "construction", "src": "dcm", "opened_year": null, "mw_reported": null, "mw_reported_buildout": null, "dist_name": "Thane", "state_name": "Maharashtra", "dc_type": "colocation", "mw_it_all": 11.2610915492958, "e_fac_gwh_all": 110.484821408451, "co2_kt_all": 78.4442232, "scope1_ml_all": 124.295424084507, "scope2_ml_all": 404.52912510490199, "mw_it": null, "e_fac_gwh": null, "co2_kt": null, "scope1_ml": null, "scope2_ml": null, "is_operating": false }, "geometry": { "type": "Point", "coordinates": [ 73.03, 19.033 ] } },
{ "type": "Feature", "properties": { "name": "STT Noida DC 2", "operator": "STT GDC India", "status": "construction", "src": "dcm", "opened_year": null, "mw_reported": null, "mw_reported_buildout": null, "dist_name": "Gautam Buddha Nagar", "state_name": "Uttar Pradesh", "dc_type": "colocation", "mw_it_all": 11.2610915492958, "e_fac_gwh_all": 110.484821408451, "co2_kt_all": 78.4442232, "scope1_ml_all": 124.295424084507, "scope2_ml_all": 404.52912510490199, "mw_it": null, "e_fac_gwh": null, "co2_kt": null, "scope1_ml": null, "scope2_ml": null, "is_operating": false }, "geometry": { "type": "Point", "coordinates": [ 77.391, 28.535 ] } },
{ "type": "Feature", "properties": { "name": "STT Noida DC 3", "operator": "STT GDC India", "status": "construction", "src": "dcm", "opened_year": null, "mw_reported": null, "mw_reported_buildout": null, "dist_name": "Gautam Buddha Nagar", "state_name": "Uttar Pradesh", "dc_type": "colocation", "mw_it_all": 11.2610915492958, "e_fac_gwh_all": 110.484821408451, "co2_kt_all": 78.4442232, "scope1_ml_all": 124.295424084507, "scope2_ml_all": 404.52912510490199, "mw_it": null, "e_fac_gwh": null, "co2_kt": null, "scope1_ml": null, "scope2_ml": null, "is_operating": false }, "geometry": { "type": "Point", "coordinates": [ 77.391, 28.535 ] } },
{ "type": "Feature", "properties": { "name": "STT Palava", "operator": "STT GDC India", "status": "construction", "src": "dcm", "opened_year": null, "mw_reported": null, "mw_reported_buildout": null, "dist_name": "Thane", "state_name": "Maharashtra", "dc_type": "colocation", "mw_it_all": 11.2610915492958, "e_fac_gwh_all": 110.484821408451, "co2_kt_all": 78.4442232, "scope1_ml_all": 124.295424084507, "scope2_ml_all": 404.52912510490199, "mw_it": null, "e_fac_gwh": null, "co2_kt": null, "scope1_ml": null, "scope2_ml": null, "is_operating": false }, "geometry": { "type": "Point", "coordinates": [ 73.03, 19.033 ] } },
{ "type": "Feature", "properties": { "name": "STT Pune 1", "operator": "STT GDC India", "status": "operating", "src": "census", "opened_year": null, "mw_reported": 9.0, "mw_reported_buildout": 9.0, "dist_name": "Pune", "state_name": "Maharashtra", "dc_type": "colocation", "mw_it_all": 9.0, "e_fac_gwh_all": 88.3008, "co2_kt_all": 62.693568, "scope1_ml_all": 99.3384, "scope2_ml_all": 323.30454912, "mw_it": 9.0, "e_fac_gwh": 88.3008, "co2_kt": 62.693568, "scope1_ml": 99.3384, "scope2_ml": 323.30454912, "is_operating": true }, "geometry": { "type": "Point", "coordinates": [ 73.857, 18.52 ] } },
{ "type": "Feature", "properties": { "name": "STT Pune 2", "operator": "STT GDC India", "status": "operating", "src": "census", "opened_year": null, "mw_reported": 15.0, "mw_reported_buildout": 15.0, "dist_name": "Pune", "state_name": "Maharashtra", "dc_type": "colocation", "mw_it_all": 15.0, "e_fac_gwh_all": 147.168, "co2_kt_all": 104.48928, "scope1_ml_all": 165.564, "scope2_ml_all": 538.8409152, "mw_it": 15.0, "e_fac_gwh": 147.168, "co2_kt": 104.48928, "scope1_ml": 165.564, "scope2_ml": 538.8409152, "is_operating": true }, "geometry": { "type": "Point", "coordinates": [ 73.857, 18.52 ] } },
{ "type": "Feature", "properties": { "name": "STT Pune 3", "operator": "STT GDC India", "status": "operating", "src": "census", "opened_year": null, "mw_reported": 15.0, "mw_reported_buildout": 15.0, "dist_name": "Pune", "state_name": "Maharashtra", "dc_type": "colocation", "mw_it_all": 15.0, "e_fac_gwh_all": 147.168, "co2_kt_all": 104.48928, "scope1_ml_all": 165.564, "scope2_ml_all": 538.8409152, "mw_it": 15.0, "e_fac_gwh": 147.168, "co2_kt": 104.48928, "scope1_ml": 165.564, "scope2_ml": 538.8409152, "is_operating": true }, "geometry": { "type": "Point", "coordinates": [ 73.857, 18.52 ] } },
{ "type": "Feature", "properties": { "name": "STT Pune 4", "operator": "STT GDC India", "status": "operating", "src": "census", "opened_year": null, "mw_reported": 18.0, "mw_reported_buildout": 18.0, "dist_name": "Pune", "state_name": "Maharashtra", "dc_type": "colocation", "mw_it_all": 18.0, "e_fac_gwh_all": 176.6016, "co2_kt_all": 125.387136, "scope1_ml_all": 198.6768, "scope2_ml_all": 646.60909823999998, "mw_it": 18.0, "e_fac_gwh": 176.6016, "co2_kt": 125.387136, "scope1_ml": 198.6768, "scope2_ml": 646.60909823999998, "is_operating": true }, "geometry": { "type": "Point", "coordinates": [ 73.857, 18.52 ] } },
{ "type": "Feature", "properties": { "name": "STT Pune 5", "operator": "STT GDC India", "status": "operating", "src": "census", "opened_year": null, "mw_reported": 24.0, "mw_reported_buildout": 24.0, "dist_name": "Pune", "state_name": "Maharashtra", "dc_type": "colocation", "mw_it_all": 24.0, "e_fac_gwh_all": 235.4688, "co2_kt_all": 167.182848, "scope1_ml_all": 264.9024, "scope2_ml_all": 862.14546431999997, "mw_it": 24.0, "e_fac_gwh": 235.4688, "co2_kt": 167.182848, "scope1_ml": 264.9024, "scope2_ml": 862.14546431999997, "is_operating": true }, "geometry": { "type": "Point", "coordinates": [ 73.857, 18.52 ] } },
{ "type": "Feature", "properties": { "name": "STT Pune DC 1", "operator": "STT GDC India", "status": "operating", "src": "dcm", "opened_year": null, "mw_reported": null, "mw_reported_buildout": null, "dist_name": "Thane", "state_name": "Maharashtra", "dc_type": "colocation", "mw_it_all": 11.2610915492958, "e_fac_gwh_all": 110.484821408451, "co2_kt_all": 78.4442232, "scope1_ml_all": 124.295424084507, "scope2_ml_all": 404.52912510490199, "mw_it": 11.480387323943701, "e_fac_gwh": 112.636376112676, "co2_kt": 79.97182704, "scope1_ml": 126.715923126761, "scope2_ml": 412.406827498952, "is_operating": true }, "geometry": { "type": "Point", "coordinates": [ 73.03, 19.033 ] } },
{ "type": "Feature", "properties": { "name": "ServerCake Data Center", "operator": "ServerCake WebHosting India Private Limited", "status": "operating", "src": "dcm", "opened_year": null, "mw_reported": null, "mw_reported_buildout": null, "dist_name": "Coimbatore", "state_name": "Tamil Nadu", "dc_type": "enterprise", "mw_it_all": 3.7536971830985899, "e_fac_gwh_all": 36.828273802816902, "co2_kt_all": 26.1480744, "scope1_ml_all": 41.431808028169002, "scope2_ml_all": 134.84304170163401, "mw_it": 3.82679577464789, "e_fac_gwh": 37.545458704225297, "co2_kt": 26.65727568, "scope1_ml": 42.238641042253498, "scope2_ml": 137.46894249965101, "is_operating": true }, "geometry": { "type": "Point", "coordinates": [ 76.9558, 11.0168 ] } },
{ "type": "Feature", "properties": { "name": "Servernet Services Data Center", "operator": "Servernet Services P Ltd", "status": "operating", "src": "dcm", "opened_year": null, "mw_reported": null, "mw_reported_buildout": null, "dist_name": "Kancheepuram", "state_name": "Tamil Nadu", "dc_type": "colocation", "mw_it_all": 11.2610915492958, "e_fac_gwh_all": 110.484821408451, "co2_kt_all": 78.4442232, "scope1_ml_all": 124.295424084507, "scope2_ml_all": 404.52912510490199, "mw_it": 11.480387323943701, "e_fac_gwh": 112.636376112676, "co2_kt": 79.97182704, "scope1_ml": 126.715923126761, "scope2_ml": 412.406827498952, "is_operating": true }, "geometry": { "type": "Point", "coordinates": [ 80.2, 12.9 ] } },
{ "type": "Feature", "properties": { "name": "Serverwala Cloud Data Centers Pvt. Ltd", "operator": "Serverwala Cloud Data Centers Pvt. Ltd", "status": "operating", "src": "dcm", "opened_year": null, "mw_reported": null, "mw_reported_buildout": null, "dist_name": "Jaipur", "state_name": "Rajasthan", "dc_type": "enterprise", "mw_it_all": 0.0, "e_fac_gwh_all": 0.0, "co2_kt_all": 0.0, "scope1_ml_all": 0.0, "scope2_ml_all": 0.0, "mw_it": 0.0, "e_fac_gwh": 0.0, "co2_kt": 0.0, "scope1_ml": 0.0, "scope2_ml": 0.0, "is_operating": true }, "geometry": { "type": "Point", "coordinates": [ 75.787, 26.912 ] } },
{ "type": "Feature", "properties": { "name": "Seven Hills", "operator": "Seven Hills Cloud Technology Private Limited", "status": "operating", "src": "dcm", "opened_year": null, "mw_reported": null, "mw_reported_buildout": null, "dist_name": "Madurai", "state_name": "Tamil Nadu", "dc_type": "enterprise", "mw_it_all": 3.7536971830985899, "e_fac_gwh_all": 36.828273802816902, "co2_kt_all": 26.1480744, "scope1_ml_all": 41.431808028169002, "scope2_ml_all": 134.84304170163401, "mw_it": 3.82679577464789, "e_fac_gwh": 37.545458704225297, "co2_kt": 26.65727568, "scope1_ml": 42.238641042253498, "scope2_ml": 137.46894249965101, "is_operating": true }, "geometry": { "type": "Point", "coordinates": [ 78.1198, 9.9252 ] } },
{ "type": "Feature", "properties": { "name": "Sify Airoli", "operator": "Sify Technologies", "status": "operating", "src": "census", "opened_year": null, "mw_reported": 4.05, "mw_reported_buildout": 4.05, "dist_name": "Thane", "state_name": "Maharashtra", "dc_type": "colocation", "mw_it_all": 4.05, "e_fac_gwh_all": 39.73536, "co2_kt_all": 28.2121056, "scope1_ml_all": 44.70228, "scope2_ml_all": 145.487047104, "mw_it": 4.05, "e_fac_gwh": 39.73536, "co2_kt": 28.2121056, "scope1_ml": 44.70228, "scope2_ml": 145.487047104, "is_operating": true }, "geometry": { "type": "Point", "coordinates": [ 73.03, 19.033 ] } },
{ "type": "Feature", "properties": { "name": "Sify Bengaluru 01", "operator": "Sify Technologies", "status": "operating", "src": "census", "opened_year": null, "mw_reported": 7.6, "mw_reported_buildout": 7.6, "dist_name": "Bangalore", "state_name": "Karnataka", "dc_type": "colocation", "mw_it_all": 7.6, "e_fac_gwh_all": 74.56512, "co2_kt_all": 52.9412352, "scope1_ml_all": 83.88576, "scope2_ml_all": 273.01273036800001, "mw_it": 7.6, "e_fac_gwh": 74.56512, "co2_kt": 52.9412352, "scope1_ml": 83.88576, "scope2_ml": 273.01273036800001, "is_operating": true }, "geometry": { "type": "Point", "coordinates": [ 77.595, 12.972 ] } },
{ "type": "Feature", "properties": { "name": "Sify Bengaluru 02 (Aerospace Park)", "operator": "Sify Technologies", "status": "operating", "src": "census", "opened_year": null, "mw_reported": 22.0, "mw_reported_buildout": 22.0, "dist_name": "Bangalore", "state_name": "Karnataka", "dc_type": "colocation", "mw_it_all": 22.0, "e_fac_gwh_all": 215.8464, "co2_kt_all": 153.250944, "scope1_ml_all": 242.8272, "scope2_ml_all": 790.30000896000001, "mw_it": 22.0, "e_fac_gwh": 215.8464, "co2_kt": 153.250944, "scope1_ml": 242.8272, "scope2_ml": 790.30000896000001, "is_operating": true }, "geometry": { "type": "Point", "coordinates": [ 77.595, 12.972 ] } },
{ "type": "Feature", "properties": { "name": "Sify Chennai 01 (Tidel Park)", "operator": "Sify Technologies", "status": "operating", "src": "census", "opened_year": null, "mw_reported": 3.6, "mw_reported_buildout": 3.6, "dist_name": "Kancheepuram", "state_name": "Tamil Nadu", "dc_type": "colocation", "mw_it_all": 3.6, "e_fac_gwh_all": 35.32032, "co2_kt_all": 25.0774272, "scope1_ml_all": 39.73536, "scope2_ml_all": 129.321819648, "mw_it": 3.6, "e_fac_gwh": 35.32032, "co2_kt": 25.0774272, "scope1_ml": 39.73536, "scope2_ml": 129.321819648, "is_operating": true }, "geometry": { "type": "Point", "coordinates": [ 80.2, 12.9 ] } },
{ "type": "Feature", "properties": { "name": "Sify Chennai 02 (Siruseri)", "operator": "Sify Technologies", "status": "operating", "src": "census", "opened_year": null, "mw_reported": null, "mw_reported_buildout": null, "dist_name": "Kancheepuram", "state_name": "Tamil Nadu", "dc_type": "colocation", "mw_it_all": 11.2610915492958, "e_fac_gwh_all": 110.484821408451, "co2_kt_all": 78.4442232, "scope1_ml_all": 124.295424084507, "scope2_ml_all": 404.52912510490199, "mw_it": 11.480387323943701, "e_fac_gwh": 112.636376112676, "co2_kt": 79.97182704, "scope1_ml": 126.715923126761, "scope2_ml": 412.406827498952, "is_operating": true }, "geometry": { "type": "Point", "coordinates": [ 80.2, 12.9 ] } },
{ "type": "Feature", "properties": { "name": "Sify Hyderabad 01", "operator": "Sify Technologies", "status": "operating", "src": "census", "opened_year": null, "mw_reported": 14.4, "mw_reported_buildout": 14.4, "dist_name": "Rangareddy", "state_name": "Andhra Pradesh", "dc_type": "colocation", "mw_it_all": 14.4, "e_fac_gwh_all": 141.28128, "co2_kt_all": 100.3097088, "scope1_ml_all": 158.94144, "scope2_ml_all": 517.28727859200001, "mw_it": 14.4, "e_fac_gwh": 141.28128, "co2_kt": 100.3097088, "scope1_ml": 158.94144, "scope2_ml": 517.28727859200001, "is_operating": true }, "geometry": { "type": "Point", "coordinates": [ 78.487, 17.385 ] } },
{ "type": "Feature", "properties": { "name": "Sify Hyderabad 02 (Fab City)", "operator": "Sify Technologies", "status": "operating", "src": "census", "opened_year": null, "mw_reported": null, "mw_reported_buildout": null, "dist_name": "Rangareddy", "state_name": "Andhra Pradesh", "dc_type": "colocation", "mw_it_all": 11.2610915492958, "e_fac_gwh_all": 110.484821408451, "co2_kt_all": 78.4442232, "scope1_ml_all": 124.295424084507, "scope2_ml_all": 404.52912510490199, "mw_it": 11.480387323943701, "e_fac_gwh": 112.636376112676, "co2_kt": 79.97182704, "scope1_ml": 126.715923126761, "scope2_ml": 412.406827498952, "is_operating": true }, "geometry": { "type": "Point", "coordinates": [ 78.487, 17.385 ] } },
{ "type": "Feature", "properties": { "name": "Sify Kolkata 01", "operator": "Sify Technologies", "status": "operating", "src": "census", "opened_year": null, "mw_reported": 2.2, "mw_reported_buildout": 2.2, "dist_name": "South Twenty Four Parganas", "state_name": "West Bengal", "dc_type": "colocation", "mw_it_all": 2.2, "e_fac_gwh_all": 21.58464, "co2_kt_all": 15.3250944, "scope1_ml_all": 24.28272, "scope2_ml_all": 79.030000896000004, "mw_it": 2.2, "e_fac_gwh": 21.58464, "co2_kt": 15.3250944, "scope1_ml": 24.28272, "scope2_ml": 79.030000896000004, "is_operating": true }, "geometry": { "type": "Point", "coordinates": [ 88.364, 22.573 ] } },
{ "type": "Feature", "properties": { "name": "Sify Lucknow", "operator": "Sify Technologies Ltd", "status": "construction", "src": "dcm", "opened_year": null, "mw_reported": null, "mw_reported_buildout": null, "dist_name": "Lucknow", "state_name": "Uttar Pradesh", "dc_type": "colocation", "mw_it_all": 11.2610915492958, "e_fac_gwh_all": 110.484821408451, "co2_kt_all": 78.4442232, "scope1_ml_all": 124.295424084507, "scope2_ml_all": 404.52912510490199, "mw_it": null, "e_fac_gwh": null, "co2_kt": null, "scope1_ml": null, "scope2_ml": null, "is_operating": false }, "geometry": { "type": "Point", "coordinates": [ 80.9462, 26.8467 ] } },
{ "type": "Feature", "properties": { "name": "Sify Noida 01", "operator": "Sify Technologies", "status": "operating", "src": "census", "opened_year": null, "mw_reported": 10.8, "mw_reported_buildout": 10.8, "dist_name": "Gautam Buddha Nagar", "state_name": "Uttar Pradesh", "dc_type": "colocation", "mw_it_all": 10.8, "e_fac_gwh_all": 105.96096, "co2_kt_all": 75.2322816, "scope1_ml_all": 119.20608, "scope2_ml_all": 387.96545894399998, "mw_it": 10.8, "e_fac_gwh": 105.96096, "co2_kt": 75.2322816, "scope1_ml": 119.20608, "scope2_ml": 387.96545894399998, "is_operating": true }, "geometry": { "type": "Point", "coordinates": [ 77.391, 28.535 ] } },
{ "type": "Feature", "properties": { "name": "Sify Noida 02", "operator": "Sify Technologies", "status": "operating", "src": "census", "opened_year": null, "mw_reported": null, "mw_reported_buildout": null, "dist_name": "Gautam Buddha Nagar", "state_name": "Uttar Pradesh", "dc_type": "colocation", "mw_it_all": 11.2610915492958, "e_fac_gwh_all": 110.484821408451, "co2_kt_all": 78.4442232, "scope1_ml_all": 124.295424084507, "scope2_ml_all": 404.52912510490199, "mw_it": 11.480387323943701, "e_fac_gwh": 112.636376112676, "co2_kt": 79.97182704, "scope1_ml": 126.715923126761, "scope2_ml": 412.406827498952, "is_operating": true }, "geometry": { "type": "Point", "coordinates": [ 77.391, 28.535 ] } },
{ "type": "Feature", "properties": { "name": "Sify Rabale campus", "operator": "Sify Technologies", "status": "operating", "src": "census", "opened_year": null, "mw_reported": 96.94, "mw_reported_buildout": 96.94, "dist_name": "Thane", "state_name": "Maharashtra", "dc_type": "colocation", "mw_it_all": 96.94, "e_fac_gwh_all": 951.097728, "co2_kt_all": 675.27938687999995, "scope1_ml_all": 1069.984944, "scope2_ml_all": 3482.3492212992001, "mw_it": 96.94, "e_fac_gwh": 951.097728, "co2_kt": 675.27938687999995, "scope1_ml": 1069.984944, "scope2_ml": 3482.3492212992001, "is_operating": true }, "geometry": { "type": "Point", "coordinates": [ 73.03, 19.033 ] } },
{ "type": "Feature", "properties": { "name": "Sify Vashi", "operator": "Sify Technologies", "status": "operating", "src": "census", "opened_year": null, "mw_reported": 0.38, "mw_reported_buildout": 0.38, "dist_name": "Thane", "state_name": "Maharashtra", "dc_type": "colocation", "mw_it_all": 0.38, "e_fac_gwh_all": 3.728256, "co2_kt_all": 2.64706176, "scope1_ml_all": 4.194288, "scope2_ml_all": 13.650636518400001, "mw_it": 0.38, "e_fac_gwh": 3.728256, "co2_kt": 2.64706176, "scope1_ml": 4.194288, "scope2_ml": 13.650636518400001, "is_operating": true }, "geometry": { "type": "Point", "coordinates": [ 73.03, 19.033 ] } },
{ "type": "Feature", "properties": { "name": "Sify Visakhapatnam", "operator": "Sify Technologies Ltd", "status": "construction", "src": "dcm", "opened_year": null, "mw_reported": null, "mw_reported_buildout": null, "dist_name": "Visakhapatnam", "state_name": "Andhra Pradesh", "dc_type": "colocation", "mw_it_all": 11.2610915492958, "e_fac_gwh_all": 110.484821408451, "co2_kt_all": 78.4442232, "scope1_ml_all": 124.295424084507, "scope2_ml_all": 404.52912510490199, "mw_it": null, "e_fac_gwh": null, "co2_kt": null, "scope1_ml": null, "scope2_ml": null, "is_operating": false }, "geometry": { "type": "Point", "coordinates": [ 83.2185, 17.6868 ] } },
{ "type": "Feature", "properties": { "name": "Silvernox Datacenter", "operator": "Silvernox Datacenter", "status": "operating", "src": "dcm", "opened_year": null, "mw_reported": null, "mw_reported_buildout": null, "dist_name": "Pune", "state_name": "Maharashtra", "dc_type": "enterprise", "mw_it_all": 3.7536971830985899, "e_fac_gwh_all": 36.828273802816902, "co2_kt_all": 26.1480744, "scope1_ml_all": 41.431808028169002, "scope2_ml_all": 134.84304170163401, "mw_it": 3.82679577464789, "e_fac_gwh": 37.545458704225297, "co2_kt": 26.65727568, "scope1_ml": 42.238641042253498, "scope2_ml": 137.46894249965101, "is_operating": true }, "geometry": { "type": "Point", "coordinates": [ 73.857, 18.52 ] } },
{ "type": "Feature", "properties": { "name": "Spectrum IT Park", "operator": "Spectrum Softtech Solutions (P) Ltd.", "status": "operating", "src": "dcm", "opened_year": null, "mw_reported": null, "mw_reported_buildout": null, "dist_name": "Alappuzha", "state_name": "Kerala", "dc_type": "enterprise", "mw_it_all": 3.7536971830985899, "e_fac_gwh_all": 36.828273802816902, "co2_kt_all": 26.1480744, "scope1_ml_all": 41.431808028169002, "scope2_ml_all": 134.84304170163401, "mw_it": 3.82679577464789, "e_fac_gwh": 37.545458704225297, "co2_kt": 26.65727568, "scope1_ml": 42.238641042253498, "scope2_ml": 137.46894249965101, "is_operating": true }, "geometry": { "type": "Point", "coordinates": [ 76.2673, 9.9312 ] } },
{ "type": "Feature", "properties": { "name": "Strad Solutions Data Center", "operator": "Strad Solutions", "status": "operating", "src": "dcm", "opened_year": null, "mw_reported": null, "mw_reported_buildout": null, "dist_name": "Mumbai Suburban", "state_name": "Maharashtra", "dc_type": "enterprise", "mw_it_all": 0.0, "e_fac_gwh_all": 0.0, "co2_kt_all": 0.0, "scope1_ml_all": 0.0, "scope2_ml_all": 0.0, "mw_it": 0.0, "e_fac_gwh": 0.0, "co2_kt": 0.0, "scope1_ml": 0.0, "scope2_ml": 0.0, "is_operating": true }, "geometry": { "type": "Point", "coordinates": [ 72.878, 19.076 ] } },
{ "type": "Feature", "properties": { "name": "Stridx Cochin COK01", "operator": "Stridx Technologies", "status": "operating", "src": "dcm", "opened_year": null, "mw_reported": null, "mw_reported_buildout": null, "dist_name": "Alappuzha", "state_name": "Kerala", "dc_type": "enterprise", "mw_it_all": 0.0, "e_fac_gwh_all": 0.0, "co2_kt_all": 0.0, "scope1_ml_all": 0.0, "scope2_ml_all": 0.0, "mw_it": 0.0, "e_fac_gwh": 0.0, "co2_kt": 0.0, "scope1_ml": 0.0, "scope2_ml": 0.0, "is_operating": true }, "geometry": { "type": "Point", "coordinates": [ 76.2673, 9.9312 ] } },
{ "type": "Feature", "properties": { "name": "Stridx Kolkata CCU01", "operator": "Stridx Technologies", "status": "operating", "src": "dcm", "opened_year": null, "mw_reported": null, "mw_reported_buildout": null, "dist_name": "South Twenty Four Parganas", "state_name": "West Bengal", "dc_type": "enterprise", "mw_it_all": 0.0, "e_fac_gwh_all": 0.0, "co2_kt_all": 0.0, "scope1_ml_all": 0.0, "scope2_ml_all": 0.0, "mw_it": 0.0, "e_fac_gwh": 0.0, "co2_kt": 0.0, "scope1_ml": 0.0, "scope2_ml": 0.0, "is_operating": true }, "geometry": { "type": "Point", "coordinates": [ 88.364, 22.573 ] } },
{ "type": "Feature", "properties": { "name": "TD Chennai TD-1", "operator": "Techno Digital Infra Pvt. Ltd.", "status": "operating", "src": "dcm", "opened_year": null, "mw_reported": null, "mw_reported_buildout": null, "dist_name": "Kancheepuram", "state_name": "Tamil Nadu", "dc_type": "enterprise", "mw_it_all": 3.7536971830985899, "e_fac_gwh_all": 36.828273802816902, "co2_kt_all": 26.1480744, "scope1_ml_all": 41.431808028169002, "scope2_ml_all": 134.84304170163401, "mw_it": 3.82679577464789, "e_fac_gwh": 37.545458704225297, "co2_kt": 26.65727568, "scope1_ml": 42.238641042253498, "scope2_ml": 137.46894249965101, "is_operating": true }, "geometry": { "type": "Point", "coordinates": [ 80.2, 12.9 ] } },
{ "type": "Feature", "properties": { "name": "TD Mumbai EDC", "operator": "Techno Digital Infra Pvt. Ltd.", "status": "operating", "src": "dcm", "opened_year": null, "mw_reported": null, "mw_reported_buildout": null, "dist_name": "Mumbai Suburban", "state_name": "Maharashtra", "dc_type": "enterprise", "mw_it_all": 3.7536971830985899, "e_fac_gwh_all": 36.828273802816902, "co2_kt_all": 26.1480744, "scope1_ml_all": 41.431808028169002, "scope2_ml_all": 134.84304170163401, "mw_it": 3.82679577464789, "e_fac_gwh": 37.545458704225297, "co2_kt": 26.65727568, "scope1_ml": 42.238641042253498, "scope2_ml": 137.46894249965101, "is_operating": true }, "geometry": { "type": "Point", "coordinates": [ 72.878, 19.076 ] } },
{ "type": "Feature", "properties": { "name": "Tata Communications Ambattur", "operator": "Tata Communications", "status": "operating", "src": "dcm", "opened_year": null, "mw_reported": null, "mw_reported_buildout": null, "dist_name": "Kancheepuram", "state_name": "Tamil Nadu", "dc_type": "telecom", "mw_it_all": 1.8768485915493001, "e_fac_gwh_all": 18.414136901408501, "co2_kt_all": 13.0740372, "scope1_ml_all": 20.715904014084501, "scope2_ml_all": 67.421520850816904, "mw_it": 1.9133978873239399, "e_fac_gwh": 18.772729352112702, "co2_kt": 13.32863784, "scope1_ml": 21.119320521126799, "scope2_ml": 68.734471249825404, "is_operating": true }, "geometry": { "type": "Point", "coordinates": [ 80.2, 12.9 ] } },
{ "type": "Feature", "properties": { "name": "Tata Communications Bangalore KIADB", "operator": "Tata Communications", "status": "operating", "src": "dcm", "opened_year": null, "mw_reported": null, "mw_reported_buildout": null, "dist_name": "Bangalore", "state_name": "Karnataka", "dc_type": "telecom", "mw_it_all": 1.8768485915493001, "e_fac_gwh_all": 18.414136901408501, "co2_kt_all": 13.0740372, "scope1_ml_all": 20.715904014084501, "scope2_ml_all": 67.421520850816904, "mw_it": 1.9133978873239399, "e_fac_gwh": 18.772729352112702, "co2_kt": 13.32863784, "scope1_ml": 21.119320521126799, "scope2_ml": 68.734471249825404, "is_operating": true }, "geometry": { "type": "Point", "coordinates": [ 77.595, 12.972 ] } },
{ "type": "Feature", "properties": { "name": "Tata Communications Bangalore VSB", "operator": "Tata Communications", "status": "operating", "src": "dcm", "opened_year": null, "mw_reported": null, "mw_reported_buildout": null, "dist_name": "Bangalore", "state_name": "Karnataka", "dc_type": "telecom", "mw_it_all": 1.8768485915493001, "e_fac_gwh_all": 18.414136901408501, "co2_kt_all": 13.0740372, "scope1_ml_all": 20.715904014084501, "scope2_ml_all": 67.421520850816904, "mw_it": 1.9133978873239399, "e_fac_gwh": 18.772729352112702, "co2_kt": 13.32863784, "scope1_ml": 21.119320521126799, "scope2_ml": 68.734471249825404, "is_operating": true }, "geometry": { "type": "Point", "coordinates": [ 77.595, 12.972 ] } },
{ "type": "Feature", "properties": { "name": "Tata Communications Chennai", "operator": "Tata Communications", "status": "operating", "src": "dcm", "opened_year": null, "mw_reported": null, "mw_reported_buildout": null, "dist_name": "Kancheepuram", "state_name": "Tamil Nadu", "dc_type": "telecom", "mw_it_all": 1.8768485915493001, "e_fac_gwh_all": 18.414136901408501, "co2_kt_all": 13.0740372, "scope1_ml_all": 20.715904014084501, "scope2_ml_all": 67.421520850816904, "mw_it": 1.9133978873239399, "e_fac_gwh": 18.772729352112702, "co2_kt": 13.32863784, "scope1_ml": 21.119320521126799, "scope2_ml": 68.734471249825404, "is_operating": true }, "geometry": { "type": "Point", "coordinates": [ 80.2, 12.9 ] } },
{ "type": "Feature", "properties": { "name": "Tata Communications Delhi VSB", "operator": "Tata Communications", "status": "operating", "src": "dcm", "opened_year": null, "mw_reported": null, "mw_reported_buildout": null, "dist_name": "North West", "state_name": "Nct Of Delhi", "dc_type": "telecom", "mw_it_all": 1.8768485915493001, "e_fac_gwh_all": 18.414136901408501, "co2_kt_all": 13.0740372, "scope1_ml_all": 20.715904014084501, "scope2_ml_all": 67.421520850816904, "mw_it": 1.9133978873239399, "e_fac_gwh": 18.772729352112702, "co2_kt": 13.32863784, "scope1_ml": 21.119320521126799, "scope2_ml": 68.734471249825404, "is_operating": true }, "geometry": { "type": "Point", "coordinates": [ 77.2, 28.65 ] } },
{ "type": "Feature", "properties": { "name": "Tata Communications Hyderabad", "operator": "Tata Communications", "status": "operating", "src": "dcm", "opened_year": null, "mw_reported": null, "mw_reported_buildout": null, "dist_name": "Rangareddy", "state_name": "Andhra Pradesh", "dc_type": "telecom", "mw_it_all": 1.8768485915493001, "e_fac_gwh_all": 18.414136901408501, "co2_kt_all": 13.0740372, "scope1_ml_all": 20.715904014084501, "scope2_ml_all": 67.421520850816904, "mw_it": 1.9133978873239399, "e_fac_gwh": 18.772729352112702, "co2_kt": 13.32863784, "scope1_ml": 21.119320521126799, "scope2_ml": 68.734471249825404, "is_operating": true }, "geometry": { "type": "Point", "coordinates": [ 78.487, 17.385 ] } },
{ "type": "Feature", "properties": { "name": "Tata Communications Kolkata", "operator": "Tata Communications", "status": "operating", "src": "dcm", "opened_year": null, "mw_reported": null, "mw_reported_buildout": null, "dist_name": "South Twenty Four Parganas", "state_name": "West Bengal", "dc_type": "telecom", "mw_it_all": 1.8768485915493001, "e_fac_gwh_all": 18.414136901408501, "co2_kt_all": 13.0740372, "scope1_ml_all": 20.715904014084501, "scope2_ml_all": 67.421520850816904, "mw_it": 1.9133978873239399, "e_fac_gwh": 18.772729352112702, "co2_kt": 13.32863784, "scope1_ml": 21.119320521126799, "scope2_ml": 68.734471249825404, "is_operating": true }, "geometry": { "type": "Point", "coordinates": [ 88.364, 22.573 ] } },
{ "type": "Feature", "properties": { "name": "Tata Communications Mumbai Andheri", "operator": "Tata Communications", "status": "operating", "src": "dcm", "opened_year": null, "mw_reported": null, "mw_reported_buildout": null, "dist_name": "Mumbai Suburban", "state_name": "Maharashtra", "dc_type": "telecom", "mw_it_all": 1.8768485915493001, "e_fac_gwh_all": 18.414136901408501, "co2_kt_all": 13.0740372, "scope1_ml_all": 20.715904014084501, "scope2_ml_all": 67.421520850816904, "mw_it": 1.9133978873239399, "e_fac_gwh": 18.772729352112702, "co2_kt": 13.32863784, "scope1_ml": 21.119320521126799, "scope2_ml": 68.734471249825404, "is_operating": true }, "geometry": { "type": "Point", "coordinates": [ 72.878, 19.076 ] } },
{ "type": "Feature", "properties": { "name": "Tata Communications Mumbai BKC", "operator": "Tata Communications", "status": "operating", "src": "dcm", "opened_year": null, "mw_reported": null, "mw_reported_buildout": null, "dist_name": "Mumbai Suburban", "state_name": "Maharashtra", "dc_type": "telecom", "mw_it_all": 1.8768485915493001, "e_fac_gwh_all": 18.414136901408501, "co2_kt_all": 13.0740372, "scope1_ml_all": 20.715904014084501, "scope2_ml_all": 67.421520850816904, "mw_it": 1.9133978873239399, "e_fac_gwh": 18.772729352112702, "co2_kt": 13.32863784, "scope1_ml": 21.119320521126799, "scope2_ml": 68.734471249825404, "is_operating": true }, "geometry": { "type": "Point", "coordinates": [ 72.878, 19.076 ] } },
{ "type": "Feature", "properties": { "name": "Tata Communications Mumbai LVSB", "operator": "Tata Communications", "status": "operating", "src": "dcm", "opened_year": null, "mw_reported": null, "mw_reported_buildout": null, "dist_name": "Mumbai Suburban", "state_name": "Maharashtra", "dc_type": "telecom", "mw_it_all": 1.8768485915493001, "e_fac_gwh_all": 18.414136901408501, "co2_kt_all": 13.0740372, "scope1_ml_all": 20.715904014084501, "scope2_ml_all": 67.421520850816904, "mw_it": 1.9133978873239399, "e_fac_gwh": 18.772729352112702, "co2_kt": 13.32863784, "scope1_ml": 21.119320521126799, "scope2_ml": 68.734471249825404, "is_operating": true }, "geometry": { "type": "Point", "coordinates": [ 72.878, 19.076 ] } },
{ "type": "Feature", "properties": { "name": "Tata Communications New Delhi GK1", "operator": "Tata Communications", "status": "operating", "src": "dcm", "opened_year": null, "mw_reported": null, "mw_reported_buildout": null, "dist_name": "North West", "state_name": "Nct Of Delhi", "dc_type": "telecom", "mw_it_all": 1.8768485915493001, "e_fac_gwh_all": 18.414136901408501, "co2_kt_all": 13.0740372, "scope1_ml_all": 20.715904014084501, "scope2_ml_all": 67.421520850816904, "mw_it": 1.9133978873239399, "e_fac_gwh": 18.772729352112702, "co2_kt": 13.32863784, "scope1_ml": 21.119320521126799, "scope2_ml": 68.734471249825404, "is_operating": true }, "geometry": { "type": "Point", "coordinates": [ 77.2, 28.65 ] } },
{ "type": "Feature", "properties": { "name": "Tata Communications Pune", "operator": "Tata Communications", "status": "operating", "src": "dcm", "opened_year": null, "mw_reported": null, "mw_reported_buildout": null, "dist_name": "Pune", "state_name": "Maharashtra", "dc_type": "telecom", "mw_it_all": 1.8768485915493001, "e_fac_gwh_all": 18.414136901408501, "co2_kt_all": 13.0740372, "scope1_ml_all": 20.715904014084501, "scope2_ml_all": 67.421520850816904, "mw_it": 1.9133978873239399, "e_fac_gwh": 18.772729352112702, "co2_kt": 13.32863784, "scope1_ml": 21.119320521126799, "scope2_ml": 68.734471249825404, "is_operating": true }, "geometry": { "type": "Point", "coordinates": [ 73.857, 18.52 ] } },
{ "type": "Feature", "properties": { "name": "Trijit India Datacenter", "operator": "Trijit Technologies Pvt. Ltd.", "status": "operating", "src": "dcm", "opened_year": null, "mw_reported": null, "mw_reported_buildout": null, "dist_name": "Bangalore", "state_name": "Karnataka", "dc_type": "colocation", "mw_it_all": 11.2610915492958, "e_fac_gwh_all": 110.484821408451, "co2_kt_all": 78.4442232, "scope1_ml_all": 124.295424084507, "scope2_ml_all": 404.52912510490199, "mw_it": 11.480387323943701, "e_fac_gwh": 112.636376112676, "co2_kt": 79.97182704, "scope1_ml": 126.715923126761, "scope2_ml": 412.406827498952, "is_operating": true }, "geometry": { "type": "Point", "coordinates": [ 77.595, 12.972 ] } },
{ "type": "Feature", "properties": { "name": "UPC-Volt Bharat", "operator": "VOLT Data Centers", "status": "announced", "src": "dcm", "opened_year": null, "mw_reported": null, "mw_reported_buildout": null, "dist_name": "Rangareddy", "state_name": "Andhra Pradesh", "dc_type": "enterprise", "mw_it_all": 3.7536971830985899, "e_fac_gwh_all": 36.828273802816902, "co2_kt_all": 26.1480744, "scope1_ml_all": 41.431808028169002, "scope2_ml_all": 134.84304170163401, "mw_it": null, "e_fac_gwh": null, "co2_kt": null, "scope1_ml": null, "scope2_ml": null, "is_operating": false }, "geometry": { "type": "Point", "coordinates": [ 78.487, 17.385 ] } },
{ "type": "Feature", "properties": { "name": "VD Networks Data center", "operator": "VD Networks India Pvt.Ltd", "status": "operating", "src": "dcm", "opened_year": null, "mw_reported": null, "mw_reported_buildout": null, "dist_name": "Gandhinagar", "state_name": "Gujarat", "dc_type": "enterprise", "mw_it_all": 0.0, "e_fac_gwh_all": 0.0, "co2_kt_all": 0.0, "scope1_ml_all": 0.0, "scope2_ml_all": 0.0, "mw_it": 0.0, "e_fac_gwh": 0.0, "co2_kt": 0.0, "scope1_ml": 0.0, "scope2_ml": 0.0, "is_operating": true }, "geometry": { "type": "Point", "coordinates": [ 72.571, 23.022 ] } },
{ "type": "Feature", "properties": { "name": "Web Werks MUM-1", "operator": "Web Werks-Iron Mountain", "status": "operating", "src": "census", "opened_year": null, "mw_reported": null, "mw_reported_buildout": null, "dist_name": "Thane", "state_name": "Maharashtra", "dc_type": "colocation", "mw_it_all": 11.2610915492958, "e_fac_gwh_all": 110.484821408451, "co2_kt_all": 78.4442232, "scope1_ml_all": 124.295424084507, "scope2_ml_all": 404.52912510490199, "mw_it": 11.480387323943701, "e_fac_gwh": 112.636376112676, "co2_kt": 79.97182704, "scope1_ml": 126.715923126761, "scope2_ml": 412.406827498952, "is_operating": true }, "geometry": { "type": "Point", "coordinates": [ 73.03, 19.033 ] } },
{ "type": "Feature", "properties": { "name": "Web Werks MUM-2", "operator": "Web Werks-Iron Mountain", "status": "operating", "src": "census", "opened_year": null, "mw_reported": null, "mw_reported_buildout": null, "dist_name": "Thane", "state_name": "Maharashtra", "dc_type": "colocation", "mw_it_all": 11.2610915492958, "e_fac_gwh_all": 110.484821408451, "co2_kt_all": 78.4442232, "scope1_ml_all": 124.295424084507, "scope2_ml_all": 404.52912510490199, "mw_it": 11.480387323943701, "e_fac_gwh": 112.636376112676, "co2_kt": 79.97182704, "scope1_ml": 126.715923126761, "scope2_ml": 412.406827498952, "is_operating": true }, "geometry": { "type": "Point", "coordinates": [ 73.03, 19.033 ] } },
{ "type": "Feature", "properties": { "name": "Yotta D1", "operator": "Yotta", "status": "operating", "src": "census", "opened_year": null, "mw_reported": null, "mw_reported_buildout": null, "dist_name": "Gautam Buddha Nagar", "state_name": "Uttar Pradesh", "dc_type": "colocation", "mw_it_all": 11.2610915492958, "e_fac_gwh_all": 110.484821408451, "co2_kt_all": 78.4442232, "scope1_ml_all": 124.295424084507, "scope2_ml_all": 404.52912510490199, "mw_it": 11.480387323943701, "e_fac_gwh": 112.636376112676, "co2_kt": 79.97182704, "scope1_ml": 126.715923126761, "scope2_ml": 412.406827498952, "is_operating": true }, "geometry": { "type": "Point", "coordinates": [ 77.503, 28.474 ] } },
{ "type": "Feature", "properties": { "name": "Yotta Data Services, G1, Data Center in Gift City, Gujarat", "operator": "Yotta", "status": "operating", "src": "dcm", "opened_year": null, "mw_reported": 1.0, "mw_reported_buildout": 1.0, "dist_name": "Gandhinagar", "state_name": "Gujarat", "dc_type": "colocation", "mw_it_all": 1.0, "e_fac_gwh_all": 9.8112, "co2_kt_all": 6.965952, "scope1_ml_all": 11.0376, "scope2_ml_all": 35.92272768, "mw_it": 1.0, "e_fac_gwh": 9.8112, "co2_kt": 6.965952, "scope1_ml": 11.0376, "scope2_ml": 35.92272768, "is_operating": true }, "geometry": { "type": "Point", "coordinates": [ 72.571, 23.022 ] } },
{ "type": "Feature", "properties": { "name": "Yotta NM1", "operator": "Yotta", "status": "operating", "src": "census", "opened_year": null, "mw_reported": 50.0, "mw_reported_buildout": 50.0, "dist_name": "Raigarh", "state_name": "Maharashtra", "dc_type": "colocation", "mw_it_all": 50.0, "e_fac_gwh_all": 490.56, "co2_kt_all": 348.2976, "scope1_ml_all": 551.88, "scope2_ml_all": 1796.136384, "mw_it": 50.0, "e_fac_gwh": 490.56, "co2_kt": 348.2976, "scope1_ml": 551.88, "scope2_ml": 1796.136384, "is_operating": true }, "geometry": { "type": "Point", "coordinates": [ 73.11, 18.989 ] } },
{ "type": "Feature", "properties": { "name": "ixoraDC Mumbai", "operator": "Aabasoft Technologies India Pvt Ltd", "status": "operating", "src": "dcm", "opened_year": null, "mw_reported": null, "mw_reported_buildout": null, "dist_name": "Mumbai Suburban", "state_name": "Maharashtra", "dc_type": "enterprise", "mw_it_all": 3.7536971830985899, "e_fac_gwh_all": 36.828273802816902, "co2_kt_all": 26.1480744, "scope1_ml_all": 41.431808028169002, "scope2_ml_all": 134.84304170163401, "mw_it": 3.82679577464789, "e_fac_gwh": 37.545458704225297, "co2_kt": 26.65727568, "scope1_ml": 42.238641042253498, "scope2_ml": 137.46894249965101, "is_operating": true }, "geometry": { "type": "Point", "coordinates": [ 72.878, 19.076 ] } }
]
}
