facility_id,facility_name,operator,facility_type,status,confidence,confidence_note,mw_certainty,mw_note,opened_year,city,district_2015,state_2015,state_current,location_precision,inventory_source,mw_it_reported_current,mw_it_reported_buildout,mw_basis,mw_flag,mw_published_figures,mw_it_used_in_paper,mw_it_used_in_pipeline_scenario,mw_method,source_url,source_url_archive,source_title,source_type,source_url_2,source_url_2_archive,source_title_2,source_type_2,source_verification,url_checked,status_in_source,status_agrees_with_inventory,source_note,sources_retrieved,adp_match,adp_campus_name,adp_status,adp_stage,adp_size_bucket,adp_source_urls,correction_applied,correction_evidence,open_issue,inventory_version,licence
IN001,ABTInfo.net Data Center,ABTInfo.net,enterprise,operating,medium,"Listed in Data Center Map; the operator confirms a data centre in this city, but not this exact building. No published IT load; the capacity used is modelled.",not published: modelled,"No current (live) IT load is published for this facility. The MW used is modelled (class weight x 3.22 MW per weight unit) and is an allocation, not a measurement.",,Pollachi (Coimbatore),Coimbatore,Tamil Nadu,Tamil Nadu,locality,Data Center Map directory (datacentermap.com),,,"","","",3.224,3.224,"modelled: class weight x MW per weight unit (non-commercial, not anchored)",https://www.datacentermap.com/india/coimbatore/abtinfonet/,https://web.archive.org/web/20250125152647/https://www.datacentermap.com/india/coimbatore/abtinfonet/,ABTInfo.net Data Center - Data Center Map,directory,https://m.indiamart.com/abt-info-net/hosting-services.html,http://archive.today/2026.10.10-230104/https://www.indiamart.com/abt-info-net/hosting-services.html,"",directory_operator_listing,partial,fetched,"","","Listed on DCM city index; facility page not opened (no MW in row). Located Pollachi (DCM Coimbatore market). | Independent check 30 Sep 2026 (likely): Own-DC claim by operator (IndiaMART): Tier III-design DC in Pollachi; DCM addr Dr.MCET campus, Udumalai Rd. No dated status source.",2026-09-30,none,"","","","","",,,,v2,CC BY-NC 4.0
IN002,ARIDE OCEAN-DC,ARIDE OCEAN INFOWAY PVT LTD,enterprise,operating,low,Listed in the Data Center Map directory only; no independent source was found. No published IT load; the capacity used is modelled. Corrected in this revision (see correction_applied and correction_evidence). Open issue: [existence] No independent trace beyond the Data Center Map listing (checked 30 Sep 2026): Only IndiaMART profile: Kochi web-hosting/IT firm (26-50 staff); no independent trace of an own data centre. Small hoster -> enterprise.,not published: modelled,"No current (live) IT load is published for this facility. The MW used is modelled (class weight x 3.22 MW per weight unit) and is an allocation, not a measurement.",,Cochin,Ernakulam,Kerala,Kerala,campus,Data Center Map directory (datacentermap.com),,,"","","",3.224,3.224,"modelled: class weight x MW per weight unit (non-commercial, not anchored)",https://www.datacentermap.com/india/cochin/aride-oceandc/,https://web.archive.org/web/20241016020155/https://www.datacentermap.com/india/cochin/aride-oceandc/,ARIDE OCEAN-DC - Data Center Map,directory,https://m.indiamart.com/aride-ocean/aboutus.html,http://archive.today/2026.10.10-230244/https://www.indiamart.com/aride-ocean/aboutus.html,"",directory,directory_only,fetched,"","",Listed on DCM city index; facility page not opened (no MW in row). | Independent check 30 Sep 2026 (doubtful): Only IndiaMART profile: Kochi web-hosting/IT firm (26-50 staff); no independent trace of an own data centre. Small hoster -> enterprise.,2026-09-30,none,"","","","","","dist_name_frozen: Alappuzha -> Ernakulam (Kochi facility; city centroid lies outside the generalised 2015 coastline and was assigned by nearest polygon to Alappuzha; Kochi is in Ernakulam district) | dc_type: colocation -> enterprise (small web-hosting firm, not a multi-tenant colocation operator)",https://m.indiamart.com/aride-ocean/aboutus.html,[existence] No independent trace beyond the Data Center Map listing (checked 30 Sep 2026): Only IndiaMART profile: Kochi web-hosting/IT firm (26-50 staff); no independent trace of an own data centre. Small hoster -> enterprise.,v2,CC BY-NC 4.0
IN003,AdaniConneX Chennai 1,AdaniConneX,colocation,operating,high,"Facility matched on a fetched page, with a second source. Corrected in this revision (see correction_applied and correction_evidence).",reported IT load,"Basis: current = live Phase 1 IT (17 MW); build-out 33 MW IT (DCD, operator release).",,"SIPCOT IT Park, Siruseri, Chennai",Kancheepuram,Tamil Nadu,Tamil Nadu,campus,operator census (operator's own facility list),17,33,"current = live Phase 1 IT (17 MW); build-out 33 MW IT (DCD, operator release)","",17 MW IT load (current) https://tele.net.in/adaniconnex-announces-opening-of-chennai-1-hyperscale-data-centre-campus-in-chennai/; 33 MW IT load (design/build-out) https://www.datacenterdynamics.com/en/news/adaniconnex-launches-data-center-in-chennai-india/,17,33,reported (see mw_basis),https://www.datacenterdynamics.com/en/news/adaniconnex-launches-data-center-in-chennai-india/,https://web.archive.org/web/20260410121700/https://www.datacenterdynamics.com/en/news/adaniconnex-launches-data-center-in-chennai-india/,"AdaniConneX launches data center in Chennai, India (DCD)",trade_press,https://tele.net.in/adaniconnex-announces-opening-of-chennai-1-hyperscale-data-centre-campus-in-chennai/,https://web.archive.org/web/20260930235744/https://tele.net.in/adaniconnex-announces-opening-of-chennai-1-hyperscale-data-centre-campus-in-chennai/,AdaniConneX announces opening of Chennai 1 (tele.net.in),trade_press,confirmed,fetched,Operational (live Oct 31 2022 per DCD; Nov 7 2022 per tele.net.in),TRUE,"Opening date differs between sources (Oct 31 vs Nov 7 2022). Buildout value 17 understates the published 33 MW full build-out. DCM page: https://www.datacentermap.com/india/chennai/edgeconnex-chennai-acxmaa01/ (seen on index only). Operator page not fetched. | Double-check 30 Sep 2026 (sources support: yes; exists: confirmed): Both sources state 17 MW IT live, 33 MW IT full; tele.net names SIPCOT IT Park. DCM lists AdaniConneX Chennai (ACXMAA01) - check not double-counted with DCM backbone. Data Center Map listing: https://www.datacentermap.com/india/chennai/edgeconnex-chennai-acxmaa01/",2026-09-30,same operator,AdaniConneX Chennai Campus,operating,Operational,Large (10-99 MW),https://www.datacenterdynamics.com/en/news/adaniconnex-launches-data-center-in-chennai-india/ https://www.edgeconnex.com/news/press-releases/adaniconnex-announces-the-opening-of-its-flagship-data-center-campus-in-chennai-india/,mw_reported_buildout: 17 -> 33 (33 MW IT at full build-out (live phase 17 MW)),https://www.datacenterdynamics.com/en/news/adaniconnex-launches-data-center-in-chennai-india/,,v2,CC BY-NC 4.0
IN004,AdaniConneX Hyderabad,AdaniConneX,colocation,operating,high,"Facility matched on a fetched page, with a second source. Corrected in this revision (see correction_applied and correction_evidence).",not published: modelled,"No current (live) IT load is published for this facility. The MW used is modelled (class weight x 3.22 MW per weight unit) and is an allocation, not a measurement. A build-out of 600 MW IT is published and is used in the pipeline scenario. Other figures found (not used: not a live IT load, or its measure is not stated): 100 MW IT load (design/build-out) https://www.datacentermap.com/india/hyderabad/adaniconnex-hyderabad/; 100 MW other (design/build-out) https://w.media/adani-group-signs-mous-with-maharashtra-telangana-to-build-dcs/; 600 MW IT (build-out) https://www.adaniconnex.com/data-centers",,"Pargi Road, Elkatta, Hyderabad (Rangareddy)",Mahbubnagar,Andhra Pradesh,Telangana,locality,operator census (operator's own facility list),,600,current blank MW: 100 MW was the 2022 MoU/directory design figure; no live IT load is published; build-out 600 MW: operator lists the Hyderabad campus at 600 MW IT at build-out (updated 30 Sep 2026),"",100 MW IT load (design/build-out) https://www.datacentermap.com/india/hyderabad/adaniconnex-hyderabad/; 100 MW other (design/build-out) https://w.media/adani-group-signs-mous-with-maharashtra-telangana-to-build-dcs/; 600 MW IT (build-out) https://www.adaniconnex.com/data-centers,9.671,600,"modelled: class weight x MW per weight unit (commercial, anchored to 1,800 MW)",https://www.datacentermap.com/india/hyderabad/adaniconnex-hyderabad/,http://web.archive.org/web/20250108094139/https://www.datacentermap.com/india/hyderabad/adaniconnex-hyderabad/,AdaniConneX Hyderabad (DCM),directory,https://www.adaniconnex.com/data-centers,https://web.archive.org/web/20261001013849/https://www.adaniconnex.com/data-centers,AdaniConneX data centres (operator),operator,confirmed,fetched,DCM: Under Construction; w.media: MoU for 100 MW over 5-7 years (announcement),FALSE,"DCM says under construction; MoU coverage says announced/multi-year. A separate DCD item (seen fetched) reports an Adani 48 MW Telangana DC announced Dec 2025, unclear if AdaniConneX/same site. Baxtel page baxtel.com/data-center/adaniconnex-hyderabad seen in search only. | Double-check 30 Sep 2026 (sources support: yes; exists: confirmed): Cited URLs: DCM still says Under Construction/100 MW IT; w.media only lists Hyderabad 'in various stages of development'. Operator page supports operating + 600 MW IT build-out; cite it. Data Center Map listing: https://www.datacentermap.com/india/hyderabad/adaniconnex-hyderabad/",2026-09-30,matched_on_review,AdaniConneX Hyderabad Campus,operating/planned,Operational/Planned,Hyperscale (100-999 MW)/Large (10-99 MW),https://www.adaniconnex.com/data-centers,status: announced -> operating (AdaniConneX lists Hyderabad Phase 1 live since Oct 2024) | mw_reported: 100 ->  (100 MW was the 2022 MoU/directory design figure; no live IT load is published) | mw_reported_buildout: 100 -> 600 (operator lists the Hyderabad campus at 600 MW IT at build-out),https://www.adaniconnex.com/data-centers,,v2,CC BY-NC 4.0
IN005,AdaniConneX Mumbai,AdaniConneX,colocation,under construction,high,"Facility matched on a fetched page, with a second source. No published IT load; the capacity used is modelled.",not published: modelled,"No IT load is published for this facility. The MW used is modelled (class weight x 3.22 MW per weight unit) and is an allocation, not a measurement.",,Navi Mumbai,Thane,Maharashtra,Maharashtra,locality,Data Center Map directory (datacentermap.com),,,"","","",,9.671,"modelled: class weight x MW per weight unit (commercial, anchored to 1,800 MW)",https://www.datacentermap.com/india/navi-mumbai/adaniconnex-mumbai/,http://web.archive.org/web/20250211052059/https://www.datacentermap.com/india/navi-mumbai/adaniconnex-mumbai/,AdaniConneX Mumbai - Data Center Map,directory,https://baxtel.com/data-center/adaniconnex-mumbai,https://web.archive.org/web/20261001022442/https://baxtel.com/data-center/adaniconnex-mumbai,"",directory,confirmed,fetched,"","","Matched by name on DCM city index page (fetched); facility page itself not opened; status not read. | Independent check 30 Sep 2026 (confirmed): Baxtel lists AdaniConneX Mumbai as under construction/planned, site 2026, expansions to 2027. DCM addr Reliance Corporate Park, Ghansoli, Navi Mumbai.",2026-09-30,same operator,AdaniConneX Navi Mumbai Campus,planned,Planned,Gigascale (>999 MW),https://www.adaniconnex.com/data-centers,,,,v2,CC BY-NC 4.0
IN006,AdaniConneX Noida,AdaniConneX,colocation,under construction,high,"Facility matched on a fetched page, with a second source. No published IT load; the capacity used is modelled.",not published: modelled,"No IT load is published for this facility. The MW used is modelled (class weight x 3.22 MW per weight unit) and is an allocation, not a measurement. Other figures found (not used: not a live IT load, or its measure is not stated): 100 MW other (design/build-out) https://www.datacentermap.com/india/noida/adaniconnex-noida/",,"Sector 62, Noida",Gautam Buddha Nagar,Uttar Pradesh,Uttar Pradesh,locality,operator census (operator's own facility list),,,"","",100 MW other (design/build-out) https://www.datacentermap.com/india/noida/adaniconnex-noida/,,9.671,"modelled: class weight x MW per weight unit (commercial, anchored to 1,800 MW)",https://www.datacentermap.com/india/noida/adaniconnex-noida/,http://archive.today/2026.10.10-143518/https://www.datacentermap.com/india/noida/adaniconnex-noida/,AdaniConneX Noida (DCM),directory,https://www.datacenterdynamics.com/en/news/noida-authority-to-sublease-10-acre-plot-to-adaniconnex/,http://web.archive.org/web/20250426090912/https://www.datacenterdynamics.com/en/news/noida-authority-to-sublease-10-acre-plot-to-adaniconnex/,"",trade_press,confirmed,fetched,Under Construction,TRUE,DCM lists 100 MW (measure unstated); our row has no MW. Corroboration: w.media MoU article says AdaniConneX has Noida project in development. No second source with MW found. | Independent check 30 Sep 2026 (confirmed): DCD Sep-2024: AdaniConneX 'also developing another facility in Sector 62 of Noida' (separate Sector 80 plot). Baxtel says operational/built 2025 (boilerplate); no dated operator status. | Double-check 30 Sep 2026 (sources support: yes; exists: confirmed): Only source is DCM itself (directory duplicate risk). DCM shows 100 MW (IT load) under construction; our MW blank. Data Center Map listing: https://www.datacentermap.com/india/noida/adaniconnex-noida/,2026-09-30,same operator,AdaniConneX Noida Campus,planned,Under Construction,Hyperscale (100-999 MW),https://www.adaniconnex.com/data-centers https://www.adaniconnex.com/ https://www.downtoearth.org.in/water/indias-digital-thirst-a-booming-data-centre-corridor-in-uttar-pradeshs-gb-nagar-is-running-on-empty-wells,,,,v2,CC BY-NC 4.0
IN007,AdaniConneX Pune,AdaniConneX,colocation,under construction,medium,"Listed in Data Center Map; the operator confirms a data centre in this city, but not this exact building. No published IT load; the capacity used is modelled.",not published: modelled,"No IT load is published for this facility. The MW used is modelled (class weight x 3.22 MW per weight unit) and is an allocation, not a measurement.",,Pune,Pune,Maharashtra,Maharashtra,locality,Data Center Map directory (datacentermap.com),,,"","","",,9.671,"modelled: class weight x MW per weight unit (commercial, anchored to 1,800 MW)",https://www.datacentermap.com/india/pune/adaniconnex-pune/,http://web.archive.org/web/20241204132629/https://www.datacentermap.com/india/pune/adaniconnex-pune/,AdaniConneX Pune - Data Center Map,directory,https://www.datacenterdynamics.com/en/news/adani-group-acquires-25-acre-plot-for-566m-to-build-data-center-in-pune-india-report,http://web.archive.org/web/20250723175340/https://www.datacenterdynamics.com/en/news/adani-group-acquires-25-acre-plot-for-566m-to-build-data-center-in-pune-india-report/,"",trade_press,partial,fetched,"","","Matched by name on DCM city index page (fetched); facility page itself not opened; status not read. | Independent check 30 Sep 2026 (likely): DCD/w.media Apr 2024: Adani co. bought 25 ac in Pimpri/Haveli, Pune for a DC; AdaniConneX had not confirmed. Baxtel claims operational 2026 (undated). DCM pin 431102 looks wrong. | Same building also listed as 'Microsoft Pune - Pimpri' (IN149, merged): https://www.datacentermap.com/india/pune/microsoft-pune-pimpri/",2026-09-30,same operator,AdaniConneX Maharashtra Campus,planned,Planned,Hyperscale (100-999 MW),"",,,,v2,CC BY-NC 4.0
IN008,AdaniConneX Vizag,AdaniConneX,colocation,under construction,high,"Facility matched on a fetched page, with a second source.",reported IT load,Basis: design IT (DCM 100 MW); the 1 GW Adani-Google Vizag platform is a separate project.,,"Rajiv Nagar Road, Madhurawada, Visakhapatnam",Visakhapatnam,Andhra Pradesh,Andhra Pradesh,locality,Data Center Map directory (datacentermap.com),100,100,design IT (DCM 100 MW); the 1 GW Adani-Google Vizag platform is a separate project,"",100 MW IT load (design/build-out) https://www.datacentermap.com/india/visakhapatnam/adaniconnex-vizag/; 1000 MW other (design/build-out) https://ianslive.in/adaniconnex-to-build-1-GW-ai-ready-data-centre-hub-in-visakhapatnam--20260428151133,,100,reported (see mw_basis),https://www.datacentermap.com/india/visakhapatnam/adaniconnex-vizag/,https://web.archive.org/web/20241203015016/https://www.datacentermap.com/india/visakhapatnam/adaniconnex-vizag/,AdaniConneX Vizag - Data Center Map,directory,https://ianslive.in/adaniconnex-to-build-1-GW-ai-ready-data-centre-hub-in-visakhapatnam--20260428151133,https://web.archive.org/web/20261001033940/https://ianslive.in/adaniconnex-to-build-1-GW-ai-ready-data-centre-hub-in-visakhapatnam--20260428151133,AdaniConneX to build 1 GW AI-ready data centre hub in Visakhapatnam,trade_press,confirmed,fetched,Under Construction,TRUE,"Groundbreaking for 1 GW Adani-Google campus reported 28 Apr 2026 (IANS). Datacenter Hawk (search result, fetched) says not yet commissioned, no leaseable power under construction, and gives no MW; mentions 1 GW JV goal by 2030.",2026-09-30,same operator,AdaniConneX Vizag Campus,planned,Planned,Unknown,"",,,,v2,CC BY-NC 4.0
IN009,AirTrunk Chennai - MAA1,AirTrunk,colocation,announced (planned),high,"Facility matched on a fetched page, with a second source. Capacity: DCM body text also gives 216 MW initial IT load. Corrected in this revision (see correction_applied and correction_evidence).","reported, but uncertain (see mw_note)",Basis: design IT per DCM page title (128 MW). Caution: DCM body text also gives 216 MW initial IT load.,,"Ambattur, Chennai",Thiruvallur,Tamil Nadu,Tamil Nadu,locality,Data Center Map directory (datacentermap.com),128,128,design IT per DCM page title (128 MW),DCM body text also gives 216 MW initial IT load,216 MW IT load (design/build-out) https://www.datacentermap.com/india/chennai/lumina-chennai/; 128 MW IT load (unclear) https://www.datacentermap.com/india/chennai/lumina-chennai/,,128,reported (see mw_basis),https://www.datacentermap.com/india/chennai/lumina-chennai/,http://archive.today/2026.10.10-142428/https://www.datacentermap.com/india/chennai/lumina-chennai/,AirTrunk Chennai - MAA1 - Data Center Map,directory,https://airtrunk.com/?p=16687,https://web.archive.org/web/20261001043759/https://airtrunk.com/airtrunk-acquires-lumina-cloudinfra/,AirTrunk Acquires Lumina CloudInfra,operator,confirmed,fetched,Planned (not available),TRUE,"Developer Lumina CloudInfra acquired by AirTrunk 20 Apr 2026 (DCM). AirTrunk release confirms acquisition but gives no Chennai MW. 128 vs 216 conflict unresolved; Rs 10,000 cr Blackstone park noted.",2026-09-30,same operator,AirTrunk MAA1 Chennai,planned,Site Acquisition,Hyperscale (100-999 MW),https://airtrunk.com/location/india/ https://airtrunk.com/airtrunk-acquires-lumina-cloudinfra/ https://www.luminadc.com/ https://www.datacenterdynamics.com/en/news/apac-data-center-firm-airtrunk-enters-india-acquires-lumina-cloudinfra/,dc_type: enterprise -> colocation (multi-tenant commercial operator / developer),https://airtrunk.com/location/bom3-mumbai/,,v2,CC BY-NC 4.0
IN010,AirTrunk Hyderabad - HYD1,AirTrunk,colocation,announced (planned),high,"Facility matched on a fetched page, with a second source. No published IT load; the capacity used is modelled. Corrected in this revision (see correction_applied and correction_evidence).",not published: modelled,"No IT load is published for this facility. The MW used is modelled (class weight x 3.22 MW per weight unit) and is an allocation, not a measurement.",,Hyderabad,Rangareddy,Andhra Pradesh,Telangana,locality,Data Center Map directory (datacentermap.com),,,"","","",,9.671,"modelled: class weight x MW per weight unit (commercial, anchored to 1,800 MW)",https://www.datacentermap.com/india/hyderabad/airtrunk-hyderabad-hyd1/,http://archive.today/2026.10.10-142750/https://www.datacentermap.com/india/hyderabad/airtrunk-hyderabad-hyd1/,AirTrunk Hyderabad - HYD1 - Data Center Map,directory,https://airtrunk.com/location/hyd1-hyderabad/,https://web.archive.org/web/20261001030535/https://airtrunk.com/location/hyd1-hyderabad/,"",operator,confirmed,fetched,"","","Matched by name on DCM city index page (fetched); facility page not opened; no second source sought. | Independent check 30 Sep 2026 (confirmed): AirTrunk site lists HYD1 Chandanvelly 243MW, no live date (DCM: planned). AirTrunk is a multi-tenant wholesale/hyperscale colo operator, not enterprise.",2026-09-30,none,"","","","","",dc_type: enterprise -> colocation (multi-tenant commercial operator / developer),https://airtrunk.com/location/hyd1-hyderabad/,,v2,CC BY-NC 4.0
IN011,AirTrunk Mumbai - BOM2,AirTrunk,colocation,announced (planned),high,"Facility matched on a fetched page, with a second source. No published IT load; the capacity used is modelled. Corrected in this revision (see correction_applied and correction_evidence).",not published: modelled,"No IT load is published for this facility. The MW used is modelled (class weight x 3.22 MW per weight unit) and is an allocation, not a measurement. Other figures found (not used: not a live IT load, or its measure is not stated): 120 MW other (unclear) https://www.datacentermap.com/india/navi-mumbai/airtrunk-mumbai-bom2/",,Navi Mumbai,Thane,Maharashtra,Maharashtra,locality,Data Center Map directory (datacentermap.com),,,"","",120 MW other (unclear) https://www.datacentermap.com/india/navi-mumbai/airtrunk-mumbai-bom2/,,9.671,"modelled: class weight x MW per weight unit (commercial, anchored to 1,800 MW)",https://www.datacentermap.com/india/navi-mumbai/airtrunk-mumbai-bom2/,http://archive.today/2026.10.10-143444/https://www.datacentermap.com/india/navi-mumbai/airtrunk-mumbai-bom2/,AirTrunk Mumbai - BOM2 - Data Center Map,directory,https://airtrunk.com/location/bom2-mumbai/,https://web.archive.org/web/20261001022546/https://airtrunk.com/location/bom2-mumbai/,"",operator,confirmed,fetched,"","","DCM lists '120+MW' for AirTrunk BOM2 (measure unstated); our row has no MW. | Independent check 30 Sep 2026 (confirmed): AirTrunk site lists BOM2 Mahape 120MW, no live date (DCM: planned; $21b Maharashtra plan Jun 2026). Wholesale colo operator, not enterprise.",2026-09-30,same operator,Lumina Cloudinfra Gramercy Campus,planned,Planned,Unknown,"",dc_type: enterprise -> colocation (multi-tenant commercial operator / developer),https://airtrunk.com/location/bom2-mumbai/,,v2,CC BY-NC 4.0
IN012,AirTrunk Mumbai - BOM3,AirTrunk,colocation,announced (planned),high,"Facility matched on a fetched page, with a second source. No published IT load; the capacity used is modelled. Corrected in this revision (see correction_applied and correction_evidence).",not published: modelled,"No IT load is published for this facility. The MW used is modelled (class weight x 3.22 MW per weight unit) and is an allocation, not a measurement. Other figures found (not used: not a live IT load, or its measure is not stated): 60 MW other (unclear) https://www.datacentermap.com/india/mumbai/lumina-chandivali/",,"Chandivali, Mumbai",Mumbai Suburban,Maharashtra,Maharashtra,locality,Data Center Map directory (datacentermap.com),,,"","",60 MW other (unclear) https://www.datacentermap.com/india/mumbai/lumina-chandivali/,,9.671,"modelled: class weight x MW per weight unit (commercial, anchored to 1,800 MW)",https://www.datacentermap.com/india/mumbai/lumina-chandivali/,http://archive.today/2026.10.10-143203/https://www.datacentermap.com/india/mumbai/lumina-chandivali/,AirTrunk Mumbai - BOM3 - Data Center Map,directory,https://airtrunk.com/location/bom3-mumbai/,https://web.archive.org/web/20261001015813/https://airtrunk.com/location/bom3-mumbai/,"",operator,confirmed,fetched,"","","DCM name 'AirTrunk Mumbai - BOM3' at slug lumina-chandivali (Lumina CloudInfra, acquired by AirTrunk); DCM lists 60MW (measure unstated). Row district Mumbai Suburban consistent with Chandivali. | Independent check 30 Sep 2026 (confirmed): AirTrunk BOM3 page: Chandivali, 48+ MW; Lumina bought 4-acre plot (Baxtel: planned 2028). AirTrunk acquired Lumina 2026. AirTrunk is a multi-tenant developer -> colocation.",2026-09-30,same operator,Lumina Cloudinfra Maharashtra,planned,Planned,Large (10-99 MW),https://www.datacenterdynamics.com/en/news/indias-lumina-cloudinfra-acquires-land-in-mumbai-for-60mw-data-center/ https://w.media/blackstone-backed-lumina-cloudinfra-acquires-land-for-hyperscale-dc-in-mumbai/,dc_type: enterprise -> colocation (multi-tenant commercial operator / developer),https://airtrunk.com/location/bom3-mumbai/,,v2,CC BY-NC 4.0
IN013,AirTrunk Navi Mumbai (ex-Lumina),AirTrunk,colocation,under construction,medium,"Facility matched on a fetched page, with a second source. Capacity: full two-phase build-out may exceed 60 MW. Corrected in this revision (see correction_applied and correction_evidence). Open issue: [capacity] 60 MW is the whole two-phase AirTrunk project; no source labels it IT load.","reported, but uncertain (see mw_note)","Basis: design IT, phase 1 of 2 (""""over 60 MW""""). Caution: full two-phase build-out may exceed 60 MW. Open issue: [capacity] 60 MW is the whole two-phase AirTrunk project; no source labels it IT load.",,"Airoli, Navi Mumbai (Plot 7&7A, MIDC, Thane Belapur Rd)",Thane,Maharashtra,Maharashtra,campus,operator census (operator's own facility list),60,60,"design IT, phase 1 of 2 (""""over 60 MW"""")",full two-phase build-out may exceed 60 MW,60 MW other (design/build-out) https://www.datacenterdynamics.com/en/news/apac-data-center-firm-airtrunk-enters-india-acquires-lumina-cloudinfra/; 60 MW IT load (design/build-out) https://www.datacentermap.com/india/navi-mumbai/lumina-airoli-dc/,,60,reported (see mw_basis),https://www.datacentermap.com/india/navi-mumbai/lumina-airoli-dc/,https://web.archive.org/web/20241009133927/https://www.datacentermap.com/india/navi-mumbai/lumina-airoli-dc/,AirTrunk Mumbai - BOM1 Campus (DCM),directory,https://www.datacenterdynamics.com/en/news/apac-data-center-firm-airtrunk-enters-india-acquires-lumina-cloudinfra/,http://web.archive.org/web/20260605184149/https://www.datacenterdynamics.com/en/news/apac-data-center-firm-airtrunk-enters-india-acquires-lumina-cloudinfra/,"AirTrunk enters India, acquires Lumina CloudInfra (DCD)",trade_press,confirmed,fetched,"DCM: Under Construction, first phase expected 2025; DCD: phase 1 was due 2025, no launch announced; AirTrunk acquisition Apr 20 2026",TRUE,"Lumina Airoli is now AirTrunk BOM1 (DCM also lists BOM1 Building 1/2 and BOM2). AirTrunk PR (airtrunk.com/?p=16687, fetched) gives ~600 MW India portfolio, no Airoli detail. Dc_type 'enterprise' in our row looks odd. | Double-check 30 Sep 2026 (sources support: yes; exists: confirmed): Type 'enterprise' is wrong. 60 MW is project total of unspecified measure, so mw_basis 'phase 1 of 2' is mislabelled. DCM also lists AirTrunk BOM1 Building 1/2 and BOM2 pages. Data Center Map listing: https://www.datacentermap.com/india/navi-mumbai/lumina-airoli-dc/",2026-09-30,same operator,Lumina Cloudinfra Gramercy Campus,planned,Planned,Unknown,"",dc_type: enterprise -> colocation (multi-tenant commercial operator / developer),https://airtrunk.com/location/bom3-mumbai/,[capacity] 60 MW is the whole two-phase AirTrunk project; no source labels it IT load.,v2,CC BY-NC 4.0
IN014,Airgenie Data Center,Airgenie Communications,enterprise,operating,high,"Facility matched on a fetched page, with a second source. No published IT load; the capacity used is modelled. Corrected in this revision (see correction_applied and correction_evidence).",not published: modelled,"No current (live) IT load is published for this facility. The MW used is modelled (class weight x 3.22 MW per weight unit) and is an allocation, not a measurement.",,Puducherry,Puducherry,Puducherry,Puducherry,building,Data Center Map directory (datacentermap.com),,,"","","",0,0,"modelled: class weight x MW per weight unit (non-commercial, not anchored)",https://www.datacentermap.com/india/pondicherry/airgenie-communications/,https://web.archive.org/web/20241203021817/https://www.datacentermap.com/india/pondicherry/airgenie-communications/,Airgenie Data Center - Data Center Map,directory,https://www.peeringdb.com/fac/7363,https://web.archive.org/web/20261001045956/https://www.peeringdb.com/fac/7363,"",peeringdb,confirmed,fetched,"","","Listed on DCM city index; facility page not opened (no MW in row). DCM files it under Pondicherry market (Puducherry); row district is Viluppuram. | Independent check 30 Sep 2026 (confirmed): PeeringDB fac 7363 (updated 26 Sep 2025): Airgenie Communications, 3rd Cross St, Elango Nagar, Pondicherry. Small hosting firm. 2015 district/state assignment wrong (Puducherry UT).",2026-09-30,none,"","","","","","dist_name_frozen: Viluppuram -> Puducherry (Airgenie is in Puducherry (UT), not Viluppuram) | state_name_frozen: Tamil Nadu -> Puducherry (Airgenie is in Puducherry (UT), not Viluppuram) | lon: 79.8083 -> 80.0054 (city-level point moved into the correct district) | lat: 11.9416 -> 12.052 (city-level point moved into the correct district)",https://www.peeringdb.com/fac/7363,,v2,CC BY-NC 4.0
IN015,AkashiQ,AkashiQ Data Care India Pvt.Ltd.,enterprise,operating,low,"Listed in the Data Center Map directory only; no independent source was found. No published IT load; the capacity used is modelled. Open issue: [existence] No independent trace beyond the Data Center Map listing (checked 30 Sep 2026): DCM: KCT Tech Park, Thudiyalur. No independent trace; operator domain akashiq.com redirects to a domain-for-sale page. Only derivative directories (dchub/cloudscene).",not published: modelled,"No current (live) IT load is published for this facility. The MW used is modelled (class weight x 3.22 MW per weight unit) and is an allocation, not a measurement.",,"Thudiyalur, Coimbatore",Coimbatore,Tamil Nadu,Tamil Nadu,locality,Data Center Map directory (datacentermap.com),,,"","","",3.224,3.224,"modelled: class weight x MW per weight unit (non-commercial, not anchored)",https://www.datacentermap.com/india/coimbatore/akashiq/,http://web.archive.org/web/20250518191815/https://www.datacentermap.com/india/coimbatore/akashiq/,AkashiQ - Data Center Map,directory,https://www.akashiq.com/,http://web.archive.org/web/20260414155210/http://akashiq.com/,"",operator,directory_only,fetched,"","","Listed on DCM city index; facility page not opened (no MW in row). | Independent check 30 Sep 2026 (doubtful): DCM: KCT Tech Park, Thudiyalur. No independent trace; operator domain akashiq.com redirects to a domain-for-sale page. Only derivative directories (dchub/cloudscene).",2026-09-30,none,"","","","","",,,"[existence] No independent trace beyond the Data Center Map listing (checked 30 Sep 2026): DCM: KCT Tech Park, Thudiyalur. No independent trace; operator domain akashiq.com redirects to a domain-for-sale page. Only derivative directories (dchub/cloudscene).",v2,CC BY-NC 4.0
IN016,Amazon AWS BOM - Lodha Industrial Park,Amazon AWS,hyperscale,announced (planned),high,"Facility matched on a fetched page, with a second source. No published IT load; the capacity used is modelled.",not published: modelled,"No IT load is published for this facility. The MW used is modelled (class weight x 3.22 MW per weight unit) and is an allocation, not a measurement. Other figures found (not used: not a live IT load, or its measure is not stated): 473 MW other (unclear) https://www.datacentermap.com/india/mumbai/amazon-aws-bom-lodha-industrial-park/",,"Lodha Industrial Park, Thane/Mumbai",Thane,Maharashtra,Maharashtra,locality,Data Center Map directory (datacentermap.com),,,"","",473 MW other (unclear) https://www.datacentermap.com/india/mumbai/amazon-aws-bom-lodha-industrial-park/,,32.236,"modelled: class weight x MW per weight unit (commercial, anchored to 1,800 MW)",https://www.datacentermap.com/india/mumbai/amazon-aws-bom-lodha-industrial-park/,http://archive.today/2026.10.10-142808/https://www.datacentermap.com/india/mumbai/amazon-aws-bom-lodha-industrial-park/,Amazon AWS BOM - Lodha Industrial Park - Data Center Map,directory,https://datacenterdynamics.com/en/news/aws-acquires-38-acres-near-mumbai-india-for-potential-data-center-build,https://web.archive.org/web/20260604020551/https://www.datacenterdynamics.com/en/news/aws-acquires-38-acres-near-mumbai-india-for-potential-data-center-build/,"",trade_press,confirmed,fetched,"","","DCM lists 473MW (measure unstated) under Mumbai index; row has no MW. | Independent check 30 Sep 2026 (confirmed): DCD Dec 2024: AWS bought 38 acres in Palava from Lodha; no build timeline. Site is Palava (Kalyan side, Thane dist), not Mumbai.",2026-09-30,same operator,Amazon Maharashtra,planned,Planned,Hyperscale (100-999 MW),https://www.datacenterdynamics.com/en/news/aws-plans-430m-data-center-in-navi-mumbai-india/ https://www.hindustantimes.com/cities/mumbai-news/amazon-seeks-environment-nod-to-establish-data-centre-near-taloja-101776108013337.html https://www.storagenewsletter.com/2026/04/16/aws-plans-430-million-data-center-in-navi-mumbai-india/,,,,v2,CC BY-NC 4.0
IN017,Amazon AWS BOM - MIDC Industrial,Amazon AWS,hyperscale,operating,medium,"Listed in Data Center Map; the operator confirms a data centre in this city, but not this exact building. No published IT load; the capacity used is modelled. Open issue: [duplicate] AWS MIDC (Rabale) may be the same site as IN019 TTC Industrial (Airoli).",not published: modelled,"No current (live) IT load is published for this facility. The MW used is modelled (class weight x 3.22 MW per weight unit) and is an allocation, not a measurement.",,"MIDC, Navi Mumbai",Thane,Maharashtra,Maharashtra,locality,Data Center Map directory (datacentermap.com),,,"","","",32.236,32.236,"modelled: class weight x MW per weight unit (commercial, anchored to 1,800 MW)",https://www.datacentermap.com/india/navi-mumbai/amazon-aws-bom-midc-industrial/,http://web.archive.org/web/20241110084649/https://www.datacentermap.com/india/navi-mumbai/amazon-aws-bom-midc-industrial/,Amazon AWS BOM - MIDC Industrial - Data Center Map,directory,https://baxtel.com/data-center/amazon-ttc-industrial-area,https://web.archive.org/web/20261001022758/https://baxtel.com/data-center/amazon-ttc-industrial-area,"",directory,partial,fetched,"","","Matched by name on DCM city index page (fetched); facility page itself not opened; status not read. | Independent check 30 Sep 2026 (likely): AWS does not publish sites; DCM: Rabale MIDC, ap-south-1, operational. Baxtel lists AWS at TTC Industrial Area Airoli (Bonsari, sublease Aug 2023) - may overlap IN019 TTC Industrial.",2026-09-30,same operator,Amazon Maharashtra,operating,Operational,Large (10-99 MW),"",,,[duplicate] AWS MIDC (Rabale) may be the same site as IN019 TTC Industrial (Airoli).,v2,CC BY-NC 4.0
IN018,Amazon AWS BOM - Powai (L&T Campus),Amazon AWS,hyperscale,announced (planned),high,"Facility matched on a fetched page, with a second source. No published IT load; the capacity used is modelled.",not published: modelled,"No IT load is published for this facility. The MW used is modelled (class weight x 3.22 MW per weight unit) and is an allocation, not a measurement.",,"Powai, Mumbai",Mumbai Suburban,Maharashtra,Maharashtra,campus,Data Center Map directory (datacentermap.com),,,"","","",,32.236,"modelled: class weight x MW per weight unit (commercial, anchored to 1,800 MW)",https://www.datacentermap.com/india/mumbai/amazon-aws-bom-powai-lt-campus/,http://archive.today/2026.10.10-142808/https://www.datacentermap.com/india/mumbai/amazon-aws-bom-powai-lt-campus/,Amazon AWS BOM - Powai (L&T Campus) - Data Center Map,directory,https://www.datacenterdynamics.com/en/news/amazon-data-services-leases-4-acres-in-mumbai-in-india/,https://web.archive.org/web/20250724232528/https://www.datacenterdynamics.com/en/news/amazon-data-services-leases-4-acres-in-mumbai-in-india/,"",trade_press,confirmed,fetched,"","",Matched by name on DCM city index page (fetched); facility page itself not opened; status not read. | Independent check 30 Sep 2026 (confirmed): DCD Aug 2023: Amazon Data Services leased 4 acres (9.5 total) from L&T in Powai; handover Apr 2025-Mar 2026. Building-level details unverified.,2026-09-30,same operator,Amazon Powai (L&T Campus,planned,Under Construction,Large (10-99 MW),https://www.business-standard.com/industry/news/amazon-data-services-pre-leases-4-acres-in-mumbai-for-data-centre-expansion-126070301035_1.html https://www.moneycontrol.com/news/business/real-estate/amazon-doubles-down-on-india-data-centres-with-rs-650-crore-mumbai-land-lease-from-l-t-13965435.html,,,,v2,CC BY-NC 4.0
IN019,Amazon AWS BOM - TTC Industrial,Amazon AWS,hyperscale,under construction,low,"Facility matched on a fetched page, with a second source. No published IT load; the capacity used is modelled. Open issue: [status] Baxtel lists AWS TTC (Airoli) as operating; AWS has leased the existing building since Aug 2023. Data Center Map says under construction (kept).",not published: modelled,"No IT load is published for this facility. The MW used is modelled (class weight x 3.22 MW per weight unit) and is an allocation, not a measurement.",,"TTC Industrial, Navi Mumbai",Thane,Maharashtra,Maharashtra,city,Data Center Map directory (datacentermap.com),,,"","","",,32.236,"modelled: class weight x MW per weight unit (commercial, anchored to 1,800 MW)",https://www.datacentermap.com/india/navi-mumbai/amazon-aws-bom-ttc-industrial/,http://archive.today/2026.10.10-143444/https://www.datacentermap.com/india/navi-mumbai/amazon-aws-bom-ttc-industrial/,Amazon AWS BOM - TTC Industrial - Data Center Map,directory,https://datacenterdynamics.com/en/news/aws-leases-land-in-navi-mumbai-for-new-data-center,http://web.archive.org/web/20250207012212/https://www.datacenterdynamics.com/en/news/aws-leases-land-in-navi-mumbai-for-new-data-center/,"",trade_press,confirmed,fetched,"","","Matched by name on DCM city index page (fetched); facility page itself not opened; status not read. | Independent check 30 Sep 2026 (confirmed): DCD: AWS sub-leased 451k sq ft G+7 building in TTC area, Bonsari, Airoli from K Raheja from Aug 2023 (existing building). Baxtel lists it as fully operational; UC is uncertain.",2026-09-30,same operator,Amazon Maharashtra,planned,Planned,Hyperscale (100-999 MW),https://www.datacenterdynamics.com/en/news/aws-plans-430m-data-center-in-navi-mumbai-india/ https://www.hindustantimes.com/cities/mumbai-news/amazon-seeks-environment-nod-to-establish-data-centre-near-taloja-101776108013337.html https://www.storagenewsletter.com/2026/04/16/aws-plans-430-million-data-center-in-navi-mumbai-india/,,,[status] Baxtel lists AWS TTC (Airoli) as operating; AWS has leased the existing building since Aug 2023. Data Center Map says under construction (kept).,v2,CC BY-NC 4.0
IN020,Amazon AWS BOM - Thane DC1,Amazon AWS,hyperscale,announced (planned),medium,"Listed in Data Center Map; the operator confirms a data centre in this city, but not this exact building. No published IT load; the capacity used is modelled.",not published: modelled,"No IT load is published for this facility. The MW used is modelled (class weight x 3.22 MW per weight unit) and is an allocation, not a measurement.",,Thane,Thane,Maharashtra,Maharashtra,campus,Data Center Map directory (datacentermap.com),,,"","","",,32.236,"modelled: class weight x MW per weight unit (commercial, anchored to 1,800 MW)",https://www.datacentermap.com/india/mumbai/amazon-aws-bom-thane-dc1/,http://archive.today/2026.10.10-142810/https://www.datacentermap.com/india/mumbai/amazon-aws-bom-thane-dc1/,Amazon AWS BOM - Thane DC1 - Data Center Map,directory,https://baxtel.com/news/aws-buys-50-acres-in-thane-india-for-possible-data-center-development,http://web.archive.org/web/20250522191353/https://baxtel.com/news/aws-buys-50-acres-in-thane-india-for-possible-data-center-development,"",directory,partial,fetched,"","","Matched by name on DCM city index page (fetched); facility page itself not opened; status not read. | Independent check 30 Sep 2026 (likely): AWS bought ~50 acres in Thane district (Oct 2022, Rs1,800cr) for a DC (Baxtel news); building DC1 not independently named. DCM addr Bhiwandi-Wada Rd 400608 (Thane district).",2026-09-30,same operator,AWS Balkum / Thane Data Center Site,planned,Site Acquisition,Large (10-99 MW),https://www.datacenterdynamics.com/en/news/aws-acquires-50-acres-in-thane-india/,,,,v2,CC BY-NC 4.0
IN021,Amazon AWS BOM - Thane DC2,Amazon AWS,hyperscale,announced (planned),medium,"Listed in Data Center Map; the operator confirms a data centre in this city, but not this exact building. No published IT load; the capacity used is modelled.",not published: modelled,"No IT load is published for this facility. The MW used is modelled (class weight x 3.22 MW per weight unit) and is an allocation, not a measurement.",,Thane,Thane,Maharashtra,Maharashtra,campus,Data Center Map directory (datacentermap.com),,,"","","",,32.236,"modelled: class weight x MW per weight unit (commercial, anchored to 1,800 MW)",https://www.datacentermap.com/india/mumbai/amazon-aws-bom-thane-dc2/,http://archive.today/2026.10.10-143112/https://www.datacentermap.com/india/mumbai/amazon-aws-bom-thane-dc2/,Amazon AWS BOM - Thane DC2 - Data Center Map,directory,https://w.media/aws-acquires-land-in-thane-for-building-data-center/,https://web.archive.org/web/20261001023057/https://w.media/aws-acquires-land-in-thane-for-building-data-center/,"",trade_press,partial,fetched,"","","Matched by name on DCM city index page (fetched); facility page itself not opened; status not read. | Independent check 30 Sep 2026 (likely): w.media: AWS registered ~60-acre Thane parcel (Balkum Pada, Majiwada) Oct 2022 for a DC; no building split. DCM DC2 addr 'Bhiwandi-Wada Rd 400608' conflicts but still Thane.",2026-09-30,same operator,AWS Balkum / Thane Data Center Site,planned,Site Acquisition,Large (10-99 MW),https://www.datacenterdynamics.com/en/news/aws-acquires-50-acres-in-thane-india/,,,,v2,CC BY-NC 4.0
IN022,Amazon AWS BOM - Thane DC3,Amazon AWS,hyperscale,announced (planned),medium,"Listed in Data Center Map; the operator confirms a data centre in this city, but not this exact building. No published IT load; the capacity used is modelled.",not published: modelled,"No IT load is published for this facility. The MW used is modelled (class weight x 3.22 MW per weight unit) and is an allocation, not a measurement.",,Thane,Thane,Maharashtra,Maharashtra,campus,Data Center Map directory (datacentermap.com),,,"","","",,32.236,"modelled: class weight x MW per weight unit (commercial, anchored to 1,800 MW)",https://www.datacentermap.com/india/mumbai/amazon-aws-bom-thane-dc3/,http://archive.today/2026.10.10-143110/https://www.datacentermap.com/india/mumbai/amazon-aws-bom-thane-dc3/,Amazon AWS BOM - Thane DC3 - Data Center Map,directory,https://w.media/aws-acquires-land-in-thane-for-building-data-center/,https://web.archive.org/web/20261001023057/https://w.media/aws-acquires-land-in-thane-for-building-data-center/,"",trade_press,partial,fetched,"","","Matched by name on DCM city index page (fetched); facility page itself not opened; status not read. | Independent check 30 Sep 2026 (likely): Campus confirmed (Balkum/Majiwada Thane land Oct 2022; Amazon 2026: upcoming, clearances+tree felling). 'DC3' building split is DCM-only; DCM also has a campus row + DC1-6: double-count risk.",2026-09-30,same operator,AWS Balkum / Thane Data Center Site,planned,Site Acquisition,Large (10-99 MW),https://www.datacenterdynamics.com/en/news/aws-acquires-50-acres-in-thane-india/,,,,v2,CC BY-NC 4.0
IN023,Amazon AWS BOM - Thane DC4,Amazon AWS,hyperscale,announced (planned),medium,"Listed in Data Center Map; the operator confirms a data centre in this city, but not this exact building. No published IT load; the capacity used is modelled.",not published: modelled,"No IT load is published for this facility. The MW used is modelled (class weight x 3.22 MW per weight unit) and is an allocation, not a measurement.",,Thane,Thane,Maharashtra,Maharashtra,campus,Data Center Map directory (datacentermap.com),,,"","","",,32.236,"modelled: class weight x MW per weight unit (commercial, anchored to 1,800 MW)",https://www.datacentermap.com/india/mumbai/amazon-aws-bom-thane-dc4/,http://archive.today/2026.10.10-143112/https://www.datacentermap.com/india/mumbai/amazon-aws-bom-thane-dc4/,Amazon AWS BOM - Thane DC4 - Data Center Map,directory,https://baxtel.com/data-center/amazon-balkum-thane,http://archive.today/2026.10.02-140925/https://baxtel.com/data-center/amazon-balkum-thane,"",directory,partial,fetched,"","","Matched by name on DCM city index page (fetched); facility page itself not opened; status not read. | Independent check 30 Sep 2026 (likely): Campus confirmed: Amazon bought 54 ac at Balkum, Thane from Kalpataru (Rs1,870 cr, 2022) for hyperscale DC campus. Baxtel: campus under construction, 2027 target. DC4 building not independently named.",2026-09-30,same operator,AWS Balkum / Thane Data Center Site,planned,Site Acquisition,Large (10-99 MW),https://www.datacenterdynamics.com/en/news/aws-acquires-50-acres-in-thane-india/,,,,v2,CC BY-NC 4.0
IN024,Amazon AWS BOM - Thane DC5,Amazon AWS,hyperscale,announced (planned),medium,"Listed in Data Center Map; the operator confirms a data centre in this city, but not this exact building. No published IT load; the capacity used is modelled.",not published: modelled,"No IT load is published for this facility. The MW used is modelled (class weight x 3.22 MW per weight unit) and is an allocation, not a measurement.",,Thane,Thane,Maharashtra,Maharashtra,campus,Data Center Map directory (datacentermap.com),,,"","","",,32.236,"modelled: class weight x MW per weight unit (commercial, anchored to 1,800 MW)",https://www.datacentermap.com/india/mumbai/amazon-aws-bom-thane-dc5/,http://archive.today/2026.10.10-143119/https://www.datacentermap.com/india/mumbai/amazon-aws-bom-thane-dc5/,Amazon AWS BOM - Thane DC5 - Data Center Map,directory,https://www.datacenterdynamics.com/en/news/aws-acquires-50-acres-in-thane-india/,http://web.archive.org/web/20250724002316/https://www.datacenterdynamics.com/en/news/aws-acquires-50-acres-in-thane-india/,"",trade_press,partial,fetched,"","","Matched by name on DCM city index page (fetched); facility page itself not opened; status not read. | Independent check 30 Sep 2026 (likely): DCD (Oct 2022): AWS bought 50-60 acres at Balkum Pada/Majiwada, Thane for future DC; no source names an individual DC5 building.",2026-09-30,same operator,AWS Balkum / Thane Data Center Site,planned,Site Acquisition,Large (10-99 MW),https://www.datacenterdynamics.com/en/news/aws-acquires-50-acres-in-thane-india/,,,,v2,CC BY-NC 4.0
IN025,Amazon AWS BOM - Thane DC6,Amazon AWS,hyperscale,announced (planned),medium,"Listed in Data Center Map; the operator confirms a data centre in this city, but not this exact building. No published IT load; the capacity used is modelled.",not published: modelled,"No IT load is published for this facility. The MW used is modelled (class weight x 3.22 MW per weight unit) and is an allocation, not a measurement.",,Thane,Thane,Maharashtra,Maharashtra,campus,Data Center Map directory (datacentermap.com),,,"","","",,32.236,"modelled: class weight x MW per weight unit (commercial, anchored to 1,800 MW)",https://www.datacentermap.com/india/mumbai/amazon-aws-bom-thane-dc6/,http://archive.today/2026.10.10-143112/https://www.datacentermap.com/india/mumbai/amazon-aws-bom-thane-dc6/,Amazon AWS BOM - Thane DC6 - Data Center Map,directory,https://www.aboutamazon.in/news/aws/thane-data-centre-amazon,https://web.archive.org/web/20261001023552/https://www.aboutamazon.in/news/aws/thane-data-centre-amazon,"",operator,partial,fetched,"","","Matched by name on DCM city index page (fetched); facility page itself not opened; status not read. | Independent check 30 Sep 2026 (likely): Same Balkum Thane campus as IN022; 'DC6' building is DCM-only, unverifiable. DCM lists DC1-DC6 plus a campus row: check for double counting.",2026-09-30,same operator,AWS Balkum / Thane Data Center Site,planned,Site Acquisition,Large (10-99 MW),https://www.datacenterdynamics.com/en/news/aws-acquires-50-acres-in-thane-india/,,,,v2,CC BY-NC 4.0
IN026,Amazon AWS HYD - FAB A,Amazon AWS,hyperscale,operating,high,"Facility matched on a fetched page, with a second source. No published IT load; the capacity used is modelled.",not published: modelled,"No current (live) IT load is published for this facility. The MW used is modelled (class weight x 3.22 MW per weight unit) and is an allocation, not a measurement.",,Hyderabad,Rangareddy,Andhra Pradesh,Telangana,campus,Data Center Map directory (datacentermap.com),,,"","","",32.236,32.236,"modelled: class weight x MW per weight unit (commercial, anchored to 1,800 MW)",https://www.datacentermap.com/india/hyderabad/amazon-aws-hyd-fab-a/,http://web.archive.org/web/20250512175507/https://www.datacentermap.com/india/hyderabad/amazon-aws-hyd-fab-a/,Amazon AWS HYD - FAB A - Data Center Map,directory,https://baxtel.com/data-center/amazon-fab-city-hyderabad,https://web.archive.org/web/20260515112949/https://baxtel.com/data-center/amazon-fab-city-hyderabad,"",directory,confirmed,fetched,"","","Matched by name on DCM city index page (fetched); facility page not opened; no second source sought. DCM also has campus-level page for this AWS site. | Independent check 30 Sep 2026 (confirmed): DCM page hit view limit. Baxtel: Amazon Fab City, Hyderabad (HYD-100), Kongar Khurd 501359, fully operational, built 2022, 48-acre campus.",2026-09-30,same operator,AWS Fab City Hyderabad Campus,operating,Operational,Large (10-99 MW),https://press.aboutamazon.com/in/2022/11/aws-launches-second-infrastructure-region-in-india https://www.aboutamazon.in/news/aws/aws-data-centre-hyderabad,,,,v2,CC BY-NC 4.0
IN027,Amazon AWS HYD - FAB B,Amazon AWS,hyperscale,operating,medium,"Listed in Data Center Map; the operator confirms a data centre in this city, but not this exact building. No published IT load; the capacity used is modelled.",not published: modelled,"No current (live) IT load is published for this facility. The MW used is modelled (class weight x 3.22 MW per weight unit) and is an allocation, not a measurement.",,Hyderabad,Rangareddy,Andhra Pradesh,Telangana,campus,Data Center Map directory (datacentermap.com),,,"","","",32.236,32.236,"modelled: class weight x MW per weight unit (commercial, anchored to 1,800 MW)",https://www.datacentermap.com/india/hyderabad/amazon-aws-hyd-fab-b/,https://web.archive.org/web/20250108160453/https://www.datacentermap.com/india/hyderabad/amazon-aws-hyd-fab-b/,Amazon AWS HYD - FAB B - Data Center Map,directory,https://baxtel.com/data-center/amazon-fab-city-hyderabad,https://web.archive.org/web/20260515112949/https://baxtel.com/data-center/amazon-fab-city-hyderabad,"",baxtel,partial,fetched,"","","Matched by name on DCM city index page (fetched); facility page not opened; no second source sought. DCM also has campus-level page for this AWS site. | Independent check 30 Sep 2026 (likely): Baxtel: AWS Fab City campus Kongar Khurd, operational, built 2022. Baxtel building names differ (Center One/Park Two); 'FAB B' label unverifiable.",2026-09-30,same operator,AWS Fab City Hyderabad Campus,operating,Operational,Large (10-99 MW),https://press.aboutamazon.com/in/2022/11/aws-launches-second-infrastructure-region-in-india https://www.aboutamazon.in/news/aws/aws-data-centre-hyderabad,,,,v2,CC BY-NC 4.0
IN028,Amazon AWS HYD - Kandukur A,Amazon AWS,hyperscale,operating,medium,"Listed in Data Center Map; the operator confirms a data centre in this city, but not this exact building. No published IT load; the capacity used is modelled.",not published: modelled,"No current (live) IT load is published for this facility. The MW used is modelled (class weight x 3.22 MW per weight unit) and is an allocation, not a measurement.",,Hyderabad,Rangareddy,Andhra Pradesh,Telangana,locality,Data Center Map directory (datacentermap.com),,,"","","",32.236,32.236,"modelled: class weight x MW per weight unit (commercial, anchored to 1,800 MW)",https://www.datacentermap.com/india/hyderabad/amazon-aws-hyd-kandukur-a/,http://web.archive.org/web/20250206133155/https://www.datacentermap.com/india/hyderabad/amazon-aws-hyd-kandukur-a/,Amazon AWS HYD - Kandukur A - Data Center Map,directory,https://thesouthfirst.com/telangana/amazon-web-service-will-invest-additional-₹16000-crore-in-telangana-by-2030/,https://web.archive.org/web/20230120191430/https://thesouthfirst.com/telangana/amazon-web-service-will-invest-additional-%E2%82%B916000-crore-in-telangana-by-2030/,"",trade_press,partial,fetched,"","","Matched by name on DCM city index page (fetched); facility page not opened; no second source sought. DCM also has campus-level page for this AWS site. | Independent check 30 Sep 2026 (likely): South First Jan-2023: AWS Hyderabad region has 3 campuses (Chandanvelly, Fab City, Pharma City); first phase of all three complete. Kandukur/Meerkhanpet = Pharma City area; building A not named.",2026-09-30,same operator,AWS Fab City Hyderabad Campus,operating,Operational,Large (10-99 MW),https://press.aboutamazon.com/in/2022/11/aws-launches-second-infrastructure-region-in-india https://www.aboutamazon.in/news/aws/aws-data-centre-hyderabad,,,,v2,CC BY-NC 4.0
IN029,Amazon AWS HYD - Kandukur B,Amazon AWS,hyperscale,under construction,medium,"Listed in Data Center Map; the operator confirms a data centre in this city, but not this exact building. No published IT load; the capacity used is modelled.",not published: modelled,"No IT load is published for this facility. The MW used is modelled (class weight x 3.22 MW per weight unit) and is an allocation, not a measurement.",,Hyderabad,Rangareddy,Andhra Pradesh,Telangana,locality,Data Center Map directory (datacentermap.com),,,"","","",,32.236,"modelled: class weight x MW per weight unit (commercial, anchored to 1,800 MW)",https://www.datacentermap.com/india/hyderabad/amazon-aws-hyd-kandukur-b/,https://web.archive.org/web/20250513101611/https://www.datacentermap.com/india/hyderabad/amazon-aws-hyd-kandukur-b/,Amazon AWS HYD - Kandukur B - Data Center Map,directory,https://www.biltraxmedia.com/amazon-to-set-up-data-centre-at-kandukur-telangana/,https://web.archive.org/web/20261001030947/https://www.biltraxmedia.com/amazon-to-set-up-data-centre-at-kandukur-telangana/,"",trade_press,partial,fetched,"","","Matched by name on DCM city index page (fetched); facility page not opened; no second source sought. DCM also has campus-level page for this AWS site. | Independent check 30 Sep 2026 (likely): Biltrax Feb 2020: Amazon Data Services proposed DC at Meerkhanpet, Kandukur mandal (48 ac, 3 phases, 2 bldgs). Building B status not independently dated. DCM Kandukur campus shares pin 509358 with Meerkhanpet DC1-5 (IN030-34): check overlap.",2026-09-30,same operator,Amazon Telangana Campus,planned,Planned,Large (10-99 MW),https://www.aboutamazon.in/news/aws/aws-data-centre-hyderabad,,,,v2,CC BY-NC 4.0
IN030,Amazon AWS HYD - Meerkhanpet DC1,Amazon AWS,hyperscale,under construction,medium,"Listed in Data Center Map; the operator confirms a data centre in this city, but not this exact building. No published IT load; the capacity used is modelled. Corrected in this revision (see correction_applied and correction_evidence). Open issue: [duplicate] AWS Meerkhanpet DC1-5 and Kandukur A/B (IN028/IN029) are in the same village (PIN 509358); some may be the same buildings. Only the campuses are confirmed independently.",not published: modelled,"No IT load is published for this facility. The MW used is modelled (class weight x 3.22 MW per weight unit) and is an allocation, not a measurement.",,Hyderabad,Rangareddy,Andhra Pradesh,Telangana,locality,Data Center Map directory (datacentermap.com),,,"","","",,32.236,"modelled: class weight x MW per weight unit (commercial, anchored to 1,800 MW)",https://www.datacentermap.com/india/hyderabad/amazon-aws-hyd-meerkhanpet-bldg-1/,http://archive.today/2026.10.10-142753/https://www.datacentermap.com/india/hyderabad/amazon-aws-hyd-meerkhanpet-bldg-1/,Amazon AWS HYD - Meerkhanpet DC1 - Data Center Map,directory,https://www.biltraxmedia.com/amazon-to-set-up-data-centre-at-kandukur-telangana/,https://web.archive.org/web/20261001030947/https://www.biltraxmedia.com/amazon-to-set-up-data-centre-at-kandukur-telangana/,"",trade_press,partial,fetched,"","","Matched by name on DCM city index page (fetched); facility page not opened; no second source sought. | Independent check 30 Sep 2026 (likely): Biltrax (2020/22): Amazon Data Services DC at Meerkhanpet village, Kandukur mandal (Pharma City), 3 phases/2 buildings. Meerkhanpet lies in Kandukur mandal, so Kandukur A/B rows may be same campus.",2026-09-30,same operator,Amazon Telangana Campus,planned,Planned,Large (10-99 MW),https://www.aboutamazon.in/news/aws/aws-data-centre-hyderabad,status: announced -> construction (AWS foundation stone laid 15-16 Jul 2026 at Bharat Future City (Meerkhanpet)),https://www.datacenterdynamics.com/en/news/foundation-stone-laid-for-aws-data-center-development-in-telangana-india/,[duplicate] AWS Meerkhanpet DC1-5 and Kandukur A/B (IN028/IN029) are in the same village (PIN 509358); some may be the same buildings. Only the campuses are confirmed independently.,v2,CC BY-NC 4.0
IN031,Amazon AWS HYD - Meerkhanpet DC2,Amazon AWS,hyperscale,under construction,medium,"Listed in Data Center Map; the operator confirms a data centre in this city, but not this exact building. No published IT load; the capacity used is modelled. Corrected in this revision (see correction_applied and correction_evidence).",not published: modelled,"No IT load is published for this facility. The MW used is modelled (class weight x 3.22 MW per weight unit) and is an allocation, not a measurement.",,Hyderabad,Rangareddy,Andhra Pradesh,Telangana,locality,Data Center Map directory (datacentermap.com),,,"","","",,32.236,"modelled: class weight x MW per weight unit (commercial, anchored to 1,800 MW)",https://www.datacentermap.com/india/hyderabad/amazon-aws-hyd-meerkhanpet-bldg-2/,http://archive.today/2026.10.10-142753/https://www.datacentermap.com/india/hyderabad/amazon-aws-hyd-meerkhanpet-bldg-2/,Amazon AWS HYD - Meerkhanpet DC2 - Data Center Map,directory,https://baxtel.com/data-center/amazon-pharma-city-hyderabad,https://web.archive.org/web/20261001031308/https://baxtel.com/data-center/amazon-pharma-city-hyderabad,"",directory,partial,fetched,"","","Matched by name on DCM city index page (fetched); facility page not opened; no second source sought. | Independent check 30 Sep 2026 (likely): Baxtel: Amazon Pharma City campus (Meerkhanpet) operational, 2 phases, ph1 done 2022; Biltrax 2020: AWS 48-acre DC, Meerkhanpet, Kandukur mandal. DCM: Phase 2 build. Kandukur A/B (IN028/029) <0.5km - same campus.",2026-09-30,same operator,Amazon Telangana Campus,planned,Planned,Large (10-99 MW),https://www.aboutamazon.in/news/aws/aws-data-centre-hyderabad,status: announced -> construction (AWS foundation stone laid 15-16 Jul 2026 at Bharat Future City (Meerkhanpet)),https://www.datacenterdynamics.com/en/news/foundation-stone-laid-for-aws-data-center-development-in-telangana-india/,,v2,CC BY-NC 4.0
IN032,Amazon AWS HYD - Meerkhanpet DC3,Amazon AWS,hyperscale,under construction,low,"Listed in Data Center Map; the operator confirms a data centre in this city, but not this exact building. No published IT load; the capacity used is modelled. Corrected in this revision (see correction_applied and correction_evidence). Open issue: [status] The Data Center Map page now says Planned; we record under construction because AWS laid the foundation stone for the Meerkhanpet campus (Jul 2026).",not published: modelled,"No IT load is published for this facility. The MW used is modelled (class weight x 3.22 MW per weight unit) and is an allocation, not a measurement.",,Hyderabad,Rangareddy,Andhra Pradesh,Telangana,locality,Data Center Map directory (datacentermap.com),,,"","","",,32.236,"modelled: class weight x MW per weight unit (commercial, anchored to 1,800 MW)",https://www.datacentermap.com/india/hyderabad/amazon-aws-hyd-meerkhanpet-bldg-3/,http://archive.today/2026.10.10-142756/https://www.datacentermap.com/india/hyderabad/amazon-aws-hyd-meerkhanpet-bldg-3/,Amazon AWS HYD - Meerkhanpet DC3 - Data Center Map,directory,https://www.datacenterdynamics.com/en/news/foundation-stone-laid-for-aws-data-center-development-in-telangana-india/,http://web.archive.org/web/20260716100912/https://www.datacenterdynamics.com/en/news/foundation-stone-laid-for-aws-data-center-development-in-telangana-india/,"",trade_press,partial,fetched,"","","Matched by name on DCM city index page (fetched); facility page not opened; no second source sought. | Independent check 30 Sep 2026 (likely): DCM itself says Planned (we say under construction). DCD: foundation stone Jul-2026 for 202-acre Bharat Future City campus, phase 1 in 2 yrs; building count undisclosed.",2026-09-30,same operator,Amazon Telangana Campus,planned,Planned,Large (10-99 MW),https://www.aboutamazon.in/news/aws/aws-data-centre-hyderabad,status: announced -> construction (AWS foundation stone laid 15-16 Jul 2026 at Bharat Future City (Meerkhanpet)),https://www.datacenterdynamics.com/en/news/foundation-stone-laid-for-aws-data-center-development-in-telangana-india/,[status] The Data Center Map page now says Planned; we record under construction because AWS laid the foundation stone for the Meerkhanpet campus (Jul 2026).,v2,CC BY-NC 4.0
IN033,Amazon AWS HYD - Meerkhanpet DC4,Amazon AWS,hyperscale,under construction,low,"Listed in Data Center Map; the operator confirms a data centre in this city, but not this exact building. No published IT load; the capacity used is modelled. Corrected in this revision (see correction_applied and correction_evidence). Open issue: [status] The Data Center Map page now says Planned; we record under construction because AWS laid the foundation stone for the Meerkhanpet campus (Jul 2026).",not published: modelled,"No IT load is published for this facility. The MW used is modelled (class weight x 3.22 MW per weight unit) and is an allocation, not a measurement.",,Hyderabad,Rangareddy,Andhra Pradesh,Telangana,locality,Data Center Map directory (datacentermap.com),,,"","","",,32.236,"modelled: class weight x MW per weight unit (commercial, anchored to 1,800 MW)",https://www.datacentermap.com/india/hyderabad/amazon-aws-hyd-meerkhanpet-bldg-4/,http://archive.today/2026.10.10-142757/https://www.datacentermap.com/india/hyderabad/amazon-aws-hyd-meerkhanpet-bldg-4/,Amazon AWS HYD - Meerkhanpet DC4 - Data Center Map,directory,https://www.biltraxmedia.com/amazon-to-set-up-data-centre-at-kandukur-telangana/,https://web.archive.org/web/20261001030947/https://www.biltraxmedia.com/amazon-to-set-up-data-centre-at-kandukur-telangana/,"",trade_press,partial,fetched,"","",Matched by name on DCM city index page (fetched); facility page not opened; no second source sought. | Independent check 30 Sep 2026 (likely): AWS Meerkhanpet site confirmed by Biltrax 2020 (EC proposal); DC4 building not independently named. DCM marks DC4 as Planned.,2026-09-30,same operator,Amazon Telangana Campus,planned,Planned,Large (10-99 MW),https://www.aboutamazon.in/news/aws/aws-data-centre-hyderabad,status: announced -> construction (AWS foundation stone laid 15-16 Jul 2026 at Bharat Future City (Meerkhanpet)),https://www.datacenterdynamics.com/en/news/foundation-stone-laid-for-aws-data-center-development-in-telangana-india/,[status] The Data Center Map page now says Planned; we record under construction because AWS laid the foundation stone for the Meerkhanpet campus (Jul 2026).,v2,CC BY-NC 4.0
IN034,Amazon AWS HYD - Meerkhanpet DC5,Amazon AWS,hyperscale,under construction,medium,"Listed in Data Center Map; the operator confirms a data centre in this city, but not this exact building. No published IT load; the capacity used is modelled. Corrected in this revision (see correction_applied and correction_evidence).",not published: modelled,"No IT load is published for this facility. The MW used is modelled (class weight x 3.22 MW per weight unit) and is an allocation, not a measurement.",,Hyderabad,Rangareddy,Andhra Pradesh,Telangana,locality,Data Center Map directory (datacentermap.com),,,"","","",,32.236,"modelled: class weight x MW per weight unit (commercial, anchored to 1,800 MW)",https://www.datacentermap.com/india/hyderabad/amazon-aws-hyd-meerkhanpet-bldg-5/,http://archive.today/2026.10.02-162930/https://www.datacentermap.com/india/hyderabad/amazon-aws-hyd-meerkhanpet-bldg-5/,Amazon AWS HYD - Meerkhanpet DC5 - Data Center Map,directory,https://www.biltraxmedia.com/amazon-to-set-up-data-centre-at-kandukur-telangana/,https://web.archive.org/web/20261001030947/https://www.biltraxmedia.com/amazon-to-set-up-data-centre-at-kandukur-telangana/,"",trade_press,partial,fetched,"","","Matched by name on DCM city index page (fetched); facility page not opened; no second source sought. | Independent check 30 Sep 2026 (likely): Same Meerkhanpet (Kandukur mandal) AWS project; Biltrax cites 2 buildings, so a 5th building (DC5) has no independent trace.",2026-09-30,same operator,Amazon Telangana Campus,planned,Planned,Large (10-99 MW),https://www.aboutamazon.in/news/aws/aws-data-centre-hyderabad,status: announced -> construction (AWS foundation stone laid 15-16 Jul 2026 at Bharat Future City (Meerkhanpet)),https://www.datacenterdynamics.com/en/news/foundation-stone-laid-for-aws-data-center-development-in-telangana-india/,,v2,CC BY-NC 4.0
IN035,Amazon AWS HYD - Shahabad A,Amazon AWS,hyperscale,operating,high,"Facility matched on a fetched page, with a second source. No published IT load; the capacity used is modelled.",not published: modelled,"No current (live) IT load is published for this facility. The MW used is modelled (class weight x 3.22 MW per weight unit) and is an allocation, not a measurement.",,Hyderabad,Rangareddy,Andhra Pradesh,Telangana,locality,Data Center Map directory (datacentermap.com),,,"","","",32.236,32.236,"modelled: class weight x MW per weight unit (commercial, anchored to 1,800 MW)",https://www.datacentermap.com/india/hyderabad/amazon-aws-hyd-shahabad-a/,https://web.archive.org/web/20250108183314/https://www.datacentermap.com/india/hyderabad/amazon-aws-hyd-shahabad-a/,Amazon AWS HYD - Shahabad A - Data Center Map,directory,https://baxtel.com/data-center/amazon-chandanvelly-hyderabad,https://web.archive.org/web/20261001031513/https://baxtel.com/data-center/amazon-chandanvelly-hyderabad,"",directory,confirmed,fetched,"","","Matched by name on DCM city index page (fetched); facility page not opened; no second source sought. DCM also has campus-level page for this AWS site. | Independent check 30 Sep 2026 (confirmed): DCM site code HYD110 = Baxtel 'Amazon Chandanvelly, Hyderabad' (HYD-110), PIN 509217, fully operational, built 2022, 34 acres. Shahabad/Chandanvelly, Rangareddy.",2026-09-30,matched_on_review,AWS Chandanvelly Campus,operating/planned,Operational/Planned,Large (10-99 MW),https://press.aboutamazon.com/in/2022/11/aws-launches-second-infrastructure-region-in-india https://www.aboutamazon.in/news/aws/aws-data-centre-hyderabad,,,,v2,CC BY-NC 4.0
IN036,Amazon AWS HYD - Shahabad B,Amazon AWS,hyperscale,under construction,medium,"Listed in Data Center Map; the operator confirms a data centre in this city, but not this exact building. No published IT load; the capacity used is modelled.",not published: modelled,"No IT load is published for this facility. The MW used is modelled (class weight x 3.22 MW per weight unit) and is an allocation, not a measurement.",,Hyderabad,Rangareddy,Andhra Pradesh,Telangana,locality,Data Center Map directory (datacentermap.com),,,"","","",,32.236,"modelled: class weight x MW per weight unit (commercial, anchored to 1,800 MW)",https://www.datacentermap.com/india/hyderabad/amazon-aws-hyd-shahabad-b/,https://web.archive.org/web/20250523075115/https://www.datacentermap.com/india/hyderabad/amazon-aws-hyd-shahabad-b/,Amazon AWS HYD - Shahabad B - Data Center Map,directory,https://thesouthfirst.com/telangana/amazon-web-service-will-invest-additional-₹16000-crore-in-telangana-by-2030/,https://web.archive.org/web/20230120191430/https://thesouthfirst.com/telangana/amazon-web-service-will-invest-additional-%E2%82%B916000-crore-in-telangana-by-2030/,"",trade_press,partial,fetched,"","","Matched by name on DCM city index page (fetched); facility page not opened; no second source sought. DCM also has campus-level page for this AWS site. | Independent check 30 Sep 2026 (likely): DCM: Shahabad Rd bldg B, under construction. Shahabad adjoins AWS Chandanvelly campus (operating phase 1 per South First 2023; 98 more acres allotted Jul-2026). Building B not independently named.",2026-09-30,matched_on_review,AWS Chandanvelly Campus,operating/planned,Operational/Planned,Large (10-99 MW),https://press.aboutamazon.com/in/2022/11/aws-launches-second-infrastructure-region-in-india https://www.aboutamazon.in/news/aws/aws-data-centre-hyderabad,,,,v2,CC BY-NC 4.0
IN037,Anant Raj Rai,Anant Raj Cloud,enterprise,announced (planned),high,"Facility matched on a fetched page, with a second source. Corrected in this revision (see correction_applied and correction_evidence).",reported IT load,Basis: build-out 200 MW: Anant Raj May 2026 presentation: Rai planned 200 MW IT load (updated 30 Sep 2026).,,"Rai, Sonipat (HSIIDC Ethnic City)",Sonipat,Haryana,Haryana,campus,Data Center Map directory (datacentermap.com),,200,build-out 200 MW: Anant Raj May 2026 presentation: Rai planned 200 MW IT load (updated 30 Sep 2026),"",200 MW IT load (design/build-out) https://www.datacentermap.com/india/rohtak/anant-raj-rai; 200 MW IT (build-out) https://nsearchives.nseindia.com/corporate/ANANTRAJ_11052026205506_Investor_Presentation_11052026.pdf,,200,"modelled: class weight x MW per weight unit (commercial, anchored to 1,800 MW)",https://www.datacentermap.com/india/rohtak/anant-raj-rai,http://web.archive.org/web/20241009134754/https://www.datacentermap.com/india/rohtak/anant-raj-rai/,Data Center Map: Anant Raj Rai,directory,https://baxtel.com/data-center/anant-raj-rai-campus,https://web.archive.org/web/20261001051846/https://baxtel.com/data-center/anant-raj-rai-campus,Baxtel: Anant Raj Rai Campus,directory,confirmed,fetched,Planned; up to 200 MW IT,TRUE,"DCM files it under Rohtak; location Rai, Sonipat. Baxtel: under development.",2026-09-30,same operator,Anant Raj Cloud Rai Phase 1,planned,Under Construction,Large (10-99 MW),https://nsearchives.nseindia.com/corporate/ANANTRAJ_10112025231321_Investor_Pesentation_10112025.pdf https://anantrajcloud.com/news,mw_reported_buildout: blank -> 200 (Anant Raj May 2026 presentation: Rai planned 200 MW IT load),https://nsearchives.nseindia.com/corporate/ANANTRAJ_11052026205506_Investor_Presentation_11052026.pdf,,v2,CC BY-NC 4.0
IN038,Ashok Cloud Manesar,Ashok Cloud,enterprise,operating,high,"Facility matched on a fetched page, with a second source. Capacity: older live figures 3 and 6 MW (2022); 28 MW in press = Manesar + Panchkula. Corrected in this revision (see correction_applied and correction_evidence).","reported, but uncertain (see mw_note)",Basis: current = live Phase 1 IT (21 MW); build-out 50 MW planned. Caution: older live figures 3 and 6 MW (2022); 28 MW in press = Manesar + Panchkula.,,"Anant Raj Tech Park, IMT Manesar",Gurgaon,Haryana,Haryana,campus,Data Center Map directory (datacentermap.com),21,50,current = live Phase 1 IT (21 MW); build-out 50 MW planned,older live figures 3 and 6 MW (2022); 28 MW in press = Manesar + Panchkula,21 MW IT load (current) https://www.datacentermap.com/india/gurgaon/anant-raj-manesar/; 50 MW IT load (design/build-out) https://www.datacentermap.com/india/gurgaon/anant-raj-manesar/; 21 MW IT load (current) https://indianinfrastructure.com/?p=242887; 6 MW IT load (current) https://indianinfrastructure.com/?p=242887; 3 MW IT load (current) https://www.datacenterdynamics.com/en/news/indian-real-estate-firm-anant-raj-to-move-into-data-center-business-plans-300mw-footprint/; 28 MW IT load (current) https://www.bajajbroking.in/share-market-news/anant-raj-aims-rs1200-crore-data-centre-revenue-by-fy27-expansion-underway,21,50,reported (see mw_basis),https://www.datacentermap.com/india/gurgaon/anant-raj-manesar/,https://web.archive.org/web/20241009134249/https://www.datacentermap.com/india/gurgaon/anant-raj-manesar/,Data Center Map: Ashok Cloud Manesar,directory,https://indianinfrastructure.com/?p=242887,https://web.archive.org/web/20261001051718/https://indianinfrastructure.com/2025/07/29/anant-raj-launches-second-data-centre-in-panchkula/,Anant Raj launches second data centre in Panchkula,trade_press,confirmed,fetched,Currently operational,TRUE,Row current 21 MW = Phase 1 IT load; build-out 50 MW = total planned. Indian Infrastructure (Jul 2025) also 21 MW (up from 6 MW). DCD (2022) said 3 MW live.,2026-09-30,same operator,Anant Raj Cloud Manesar,operating,Operational,Large (10-99 MW),https://nsearchives.nseindia.com/corporate/ANANTRAJ_11052026205506_Investor_Presentation_11052026.pdf https://www.epi-certification.com/sites/map/India,"dist_name_frozen: South West -> Gurgaon (Anant Raj Tech Park, IMT Manesar, Gurugram (Haryana), not Delhi) | state_name_frozen: Nct Of Delhi -> Haryana (IMT Manesar is in Haryana) | lon: 77.0266 -> 76.86 (city-level point moved into the correct district (Anant Raj Tech Park, IMT Manesar)) | lat: 28.4595 -> 28.21 (city-level point moved into the correct district (Anant Raj Tech Park, IMT Manesar))",https://nsearchives.nseindia.com/corporate/ANANTRAJ_11052026205506_Investor_Presentation_11052026.pdf,,v2,CC BY-NC 4.0
IN039,Ashok Cloud Panchkula,Ashok Cloud,enterprise,operating,high,"Facility matched on a fetched page, with a second source. Capacity: press (Jul 2025) reports ~7 MW operational; our status says construction. Corrected in this revision (see correction_applied and correction_evidence).","reported, but uncertain (see mw_note)",Basis: current 7 MW: live IT load per May 2026 presentation (50 MW was design); build-out 57 MW: build-out IT per May 2026 presentation (updated 30 Sep 2026). Caution: press (Jul 2025) reports ~7 MW operational; our status says construction.,,"Anant Raj Tech Park, Panchkula",Panchkula,Haryana,Haryana,campus,Data Center Map directory (datacentermap.com),7,57,current 7 MW: live IT load per May 2026 presentation (50 MW was design); build-out 57 MW: build-out IT per May 2026 presentation (updated 30 Sep 2026),press (Jul 2025) reports ~7 MW operational; our status says construction,50 MW IT load (design/build-out) https://www.datacentermap.com/india/panchkula/anant-raj-panchkula/; 50 MW other (design/build-out) https://www.datacenterdynamics.com/en/news/indian-real-estate-firm-anant-raj-to-move-into-data-center-business-plans-300mw-footprint/; 7 MW IT load (current) https://indianinfrastructure.com/?p=242887; 7 MW IT (current) https://nsearchives.nseindia.com/corporate/ANANTRAJ_11052026205506_Investor_Presentation_11052026.pdf; 57 MW IT (build-out) https://nsearchives.nseindia.com/corporate/ANANTRAJ_11052026205506_Investor_Presentation_11052026.pdf,7,57,reported (see mw_basis),https://www.datacentermap.com/india/panchkula/anant-raj-panchkula/,https://web.archive.org/web/20241009130532/https://www.datacentermap.com/india/panchkula/anant-raj-panchkula/,Data Center Map: Ashok Cloud Panchkula,directory,https://indianinfrastructure.com/?p=242887,https://web.archive.org/web/20261001051718/https://indianinfrastructure.com/2025/07/29/anant-raj-launches-second-data-centre-in-panchkula/,Anant Raj launches second data centre in Panchkula,trade_press,confirmed,fetched,Under Construction (DCM); operational per Baxtel/Indian Infrastructure,"","Status conflict: DCM under construction, press says operational 7 MW (Jul 2025). Rebranded Ashok Cloud 21 Jul 2026.",2026-09-30,same operator,Anant Raj Cloud Panchkula Expansion,planned,Planned,Large (10-99 MW),https://nsearchives.nseindia.com/corporate/ANANTRAJ_11052026205506_Investor_Presentation_11052026.pdf https://www.anantrajlimited.com/assets/pdf/Anant%20Raj%20Data%20Center%20Presentation.pdf,status: construction -> operating (Anant Raj May 2026 investor presentation: 7 MW IT live at Panchkula) | mw_reported: 50 -> 7 (live IT load per May 2026 presentation (50 MW was design)) | mw_reported_buildout: 50 -> 57 (build-out IT per May 2026 presentation),https://nsearchives.nseindia.com/corporate/ANANTRAJ_11052026205506_Investor_Presentation_11052026.pdf,,v2,CC BY-NC 4.0
IN040,BDC BBY01,Bridge Data Centres,colocation,operating,low,"Facility matched on a fetched page, with a second source. Open issue: [status] BDC BBY01: the operator page names the facility (20 MW) but does not say it is operating.",reported IT load,Basis: current IT (operator and DCM agree).,,"Digha Naka, Navi Mumbai",Thane,Maharashtra,Maharashtra,building,Data Center Map directory (datacentermap.com),20,20,current IT (operator and DCM agree),"",20 MW IT load (current) https://bridgedatacentres.com/our-data-centres/mumbai-india/bby01-navi-mumbai.html; 20 MW IT load (unclear) https://www.datacentermap.com/india/navi-mumbai/bdc-bby01/,20,20,reported (see mw_basis),https://www.datacentermap.com/india/navi-mumbai/bdc-bby01/,http://web.archive.org/web/20241211010221/https://www.datacentermap.com/india/navi-mumbai/bdc-bby01/,BDC BBY01 - Data Center Map,directory,https://bridgedatacentres.com/our-data-centres/mumbai-india/bby01-navi-mumbai.html,http://web.archive.org/web/20240806065448/https://bridgedatacentres.com/our-data-centres/mumbai-india/bby01-navi-mumbai.html,"BBY01: Navi Mumbai, India (Bridge Data Centres)",operator,confirmed,fetched,Operational,TRUE,"350,000 sq ft GFA; operator's first India site. No total-power figure found.",2026-09-30,same operator,Bridge BBY1,operating,Operational,Large (10-99 MW),"",,,[status] BDC BBY01: the operator page names the facility (20 MW) but does not say it is operating.,v2,CC BY-NC 4.0
IN041,BSNL Ahmedabad IDC,BSNL IDC,telecom,operating,high,"Facility matched on a fetched page, with a second source. No published IT load; the capacity used is modelled.",not published: modelled,"No current (live) IT load is published for this facility. The MW used is modelled (class weight x 3.22 MW per weight unit) and is an allocation, not a measurement.",,"Bapunagar, Ahmedabad",Ahmadabad,Gujarat,Gujarat,locality,Data Center Map directory (datacentermap.com),,,"","","",1.612,1.612,"modelled: class weight x MW per weight unit (non-commercial, not anchored)",https://www.datacentermap.com/india/ahmedabad/bsnl-idc-ahmedabad1/,http://web.archive.org/web/20250420065708/https://www.datacentermap.com/india/ahmedabad/bsnl-idc-ahmedabad1/,Data Center Map: BSNL Ahmedabad IDC,directory,"","","","",confirmed,fetched,Tier-III cluster,TRUE,BSNL IDC Ahmedabad; Ahmedabad city rather than Gandhinagar district. (matched on fetched DCM city index; facility page itself not opened.),2026-09-30,none,"","","","","",,,,v2,CC BY-NC 4.0
IN042,BSNL Cochin IDC,BSNL IDC,telecom,operating,medium,"Listed in Data Center Map; the operator confirms a data centre in this city, but not this exact building. No published IT load; the capacity used is modelled.",not published: modelled,"No current (live) IT load is published for this facility. The MW used is modelled (class weight x 3.22 MW per weight unit) and is an allocation, not a measurement.",,Cochin,Alappuzha,Kerala,Kerala,locality,Data Center Map directory (datacentermap.com),,,"","","",1.612,1.612,"modelled: class weight x MW per weight unit (non-commercial, not anchored)",https://www.datacentermap.com/india/cochin/bsnl-sis-cochin/,http://archive.today/2026.10.10-142744/https://www.datacentermap.com/india/cochin/bsnl-sis-cochin/,BSNL Cochin IDC - Data Center Map,directory,https://tele.net.in/bsnl-partners-with-sai-infosystem-for-setting-up-four-internet-data-centres/,https://web.archive.org/web/20261001042104/https://tele.net.in/bsnl-partners-with-sai-infosystem-for-setting-up-four-internet-data-centres/,"",trade_press,partial,fetched,"","","Listed on DCM city index; facility page not opened (no MW in row). | Independent check 30 Sep 2026 (likely): BSNL-SIS Kerala IDC is in Cherthala (Alappuzha dist), not Cochin/Ernakulam (DCM also has /alappuzha/ URL). Only 2012 sources; current operation unverified.",2026-09-30,none,"","","","","",,,,v2,CC BY-NC 4.0
IN043,BSNL Delhi IDC,BSNL IDC,telecom,operating,high,"Facility matched on a fetched page, with a second source. No published IT load; the capacity used is modelled.",not published: modelled,"No current (live) IT load is published for this facility. The MW used is modelled (class weight x 3.22 MW per weight unit) and is an allocation, not a measurement.",,"Shahdara Telephone Exchange, Delhi",North East,Nct Of Delhi,Nct Of Delhi,locality,Data Center Map directory (datacentermap.com),,,"","","",1.612,1.612,"modelled: class weight x MW per weight unit (non-commercial, not anchored)",https://www.datacentermap.com/india/new-delhi/ghaziabad-dc/,http://web.archive.org/web/20250513025142/https://www.datacentermap.com/india/new-delhi/ghaziabad-dc/,Data Center Map: BSNL Delhi IDC,directory,"","","","",confirmed,fetched,"","",BSNL Delhi IDC; DCM URL slug is ghaziabad-dc. (matched on fetched DCM city index; facility page itself not opened.),2026-09-30,none,"","","","","",,,,v2,CC BY-NC 4.0
IN044,BSNL Faridabad IDC,BSNL IDC,telecom,operating,high,"Facility matched on a fetched page, with a second source. No published IT load; the capacity used is modelled.",not published: modelled,"No current (live) IT load is published for this facility. The MW used is modelled (class weight x 3.22 MW per weight unit) and is an allocation, not a measurement.",,"DLF Industrial Area, Faridabad",Faridabad,Haryana,Haryana,locality,Data Center Map directory (datacentermap.com),,,"","","",1.612,1.612,"modelled: class weight x MW per weight unit (non-commercial, not anchored)",https://www.datacentermap.com/india/faridabad/faridabad-dc/,https://web.archive.org/web/20250520225645/https://www.datacentermap.com/india/faridabad/faridabad-dc/,Data Center Map: BSNL Faridabad IDC,directory,"","","","",confirmed,fetched,Tier-III certified,TRUE,"DCM only. Faridabad, Haryana. (matched on fetched DCM city index; facility page itself not opened.)",2026-09-30,none,"","","","","",,,,v2,CC BY-NC 4.0
IN045,BSNL Hyderabad IDC,BSNL IDC,telecom,operating,low,"Listed in the Data Center Map directory only; no independent source was found. No published IT load; the capacity used is modelled. Corrected in this revision (see correction_applied and correction_evidence). Open issue: [existence] No independent trace beyond the Data Center Map listing (checked 30 Sep 2026): DCM: BSNL IDC with Sai InfoSystem at BSNL exchange, Sreeram Nagar, Patancheru 502319. No independent source opened (bsnl.co.in unreachable, not in PeeringDB, search budget exhausted).",not published: modelled,"No current (live) IT load is published for this facility. The MW used is modelled (class weight x 3.22 MW per weight unit) and is an allocation, not a measurement.",,Hyderabad,Medak,Andhra Pradesh,Telangana,locality,Data Center Map directory (datacentermap.com),,,"","","",1.612,1.612,"modelled: class weight x MW per weight unit (non-commercial, not anchored)",https://www.datacentermap.com/india/hyderabad/bsnl-sis-hyderabad/,https://web.archive.org/web/20240723023014/https://www.datacentermap.com/india/hyderabad/bsnl-sis-hyderabad/,BSNL Hyderabad IDC - Data Center Map,directory,"","","","",directory_only,fetched,"","","Matched by name on DCM city index page (fetched); facility page not opened; no second source sought. | Independent check 30 Sep 2026 (doubtful): DCM: BSNL IDC with Sai InfoSystem at BSNL exchange, Sreeram Nagar, Patancheru 502319. No independent source opened (bsnl.co.in unreachable, not in PeeringDB, search budget exhausted).",2026-09-30,none,"","","","","",dist_name_frozen: Rangareddy -> Medak (BSNL IDC at Patancheru (Medak district in 2015)) | lon: 78.487 -> 78.3375 (city-level point moved into the correct district) | lat: 17.385 -> 17.8694 (city-level point moved into the correct district),https://www.datacentermap.com/india/hyderabad/bsnl-sis-hyderabad/,"[existence] No independent trace beyond the Data Center Map listing (checked 30 Sep 2026): DCM: BSNL IDC with Sai InfoSystem at BSNL exchange, Sreeram Nagar, Patancheru 502319. No independent source opened (bsnl.co.in unreachable, not in PeeringDB, search budget exhausted).",v2,CC BY-NC 4.0
IN046,BSNL Jaipur IDC,BSNL IDC,telecom,operating,high,"Facility matched on a fetched page, with a second source. No published IT load; the capacity used is modelled.",not published: modelled,"No current (live) IT load is published for this facility. The MW used is modelled (class weight x 3.22 MW per weight unit) and is an allocation, not a measurement.",,"Sikar Rd, Jaipur",Jaipur,Rajasthan,Rajasthan,city,Data Center Map directory (datacentermap.com),,,"","","",1.612,1.612,"modelled: class weight x MW per weight unit (non-commercial, not anchored)",https://www.datacentermap.com/india/jaipur/jaipur-dc/,http://web.archive.org/web/20250317121542/https://www.datacentermap.com/india/jaipur/jaipur-dc/,Data Center Map: BSNL Jaipur IDC,directory,"","","","",confirmed,fetched,"","",BSNL Jaipur IDC. (matched on fetched DCM city index; facility page itself not opened.),2026-09-30,none,"","","","","",,,,v2,CC BY-NC 4.0
IN047,BSNL KR Puram IDC,BSNL IDC,telecom,operating,low,"Listed in the Data Center Map directory only; no independent source was found. No published IT load; the capacity used is modelled. Open issue: [existence] No independent trace beyond the Data Center Map listing (checked 30 Sep 2026): No independent source found for a BSNL IDC at KR Puram, Bengaluru (only DCM). BSNL did launch IDCs with Dimension Data c.2012 (cities not shown).",not published: modelled,"No current (live) IT load is published for this facility. The MW used is modelled (class weight x 3.22 MW per weight unit) and is an allocation, not a measurement.",,Bengaluru,Bangalore,Karnataka,Karnataka,locality,Data Center Map directory (datacentermap.com),,,"","","",1.612,1.612,"modelled: class weight x MW per weight unit (non-commercial, not anchored)",https://www.datacentermap.com/india/bangalore/bsnl-sis-bangalore/,https://web.archive.org/web/20250320184431/https://www.datacentermap.com/india/bangalore/bsnl-sis-bangalore/,BSNL KR Puram IDC - Data Center Map,directory,"","","","",directory_only,fetched,"","","Matched by name on DCM city index page (fetched); facility page not opened; no second source sought. | Independent check 30 Sep 2026 (no_evidence): No independent source found for a BSNL IDC at KR Puram, Bengaluru (only DCM). BSNL did launch IDCs with Dimension Data c.2012 (cities not shown).",2026-09-30,none,"","","","","",,,"[existence] No independent trace beyond the Data Center Map listing (checked 30 Sep 2026): No independent source found for a BSNL IDC at KR Puram, Bengaluru (only DCM). BSNL did launch IDCs with Dimension Data c.2012 (cities not shown).",v2,CC BY-NC 4.0
IN048,BSNL Ludhiana IDC,BSNL IDC,telecom,operating,high,"Facility matched on a fetched page, with a second source. No published IT load; the capacity used is modelled. Corrected in this revision (see correction_applied and correction_evidence).",not published: modelled,"No current (live) IT load is published for this facility. The MW used is modelled (class weight x 3.22 MW per weight unit) and is an allocation, not a measurement.",,"Transport Nagar, Ludhiana",Ludhiana,Punjab,Punjab,city,Data Center Map directory (datacentermap.com),,,"","","",1.612,1.612,"modelled: class weight x MW per weight unit (non-commercial, not anchored)",https://www.datacentermap.com/india/ludhiana/ludhiana-dc/,https://web.archive.org/web/20241010051112/https://www.datacentermap.com/india/ludhiana/ludhiana-dc/,Data Center Map: BSNL Ludhiana IDC,directory,"","","","",confirmed,fetched,Tier-III cluster,TRUE,BSNL Ludhiana IDC. (matched on fetched DCM city index; facility page itself not opened.),2026-09-30,none,"","","","","","dist_name_frozen: Jalandhar -> Ludhiana (BSNL Transport Nagar, Ludhiana; the placeholder point fell in Jalandhar) | lon: 75.8573 -> 75.8763 (city-level point moved into the correct district (BSNL Ludhiana)) | lat: 30.901 -> 30.6971 (city-level point moved into the correct district (BSNL Ludhiana))",https://www.datacentermap.com/india/ludhiana/,,v2,CC BY-NC 4.0
IN049,BSNL Mumbai IDC,BSNL IDC,telecom,operating,high,"Facility matched on a fetched page, with a second source. No published IT load; the capacity used is modelled.",not published: modelled,"No current (live) IT load is published for this facility. The MW used is modelled (class weight x 3.22 MW per weight unit) and is an allocation, not a measurement.",,Mumbai,Mumbai,Maharashtra,Maharashtra,locality,Data Center Map directory (datacentermap.com),,,"","","",1.612,1.612,"modelled: class weight x MW per weight unit (non-commercial, not anchored)",https://www.datacentermap.com/india/mumbai/mumbai-dc/,https://web.archive.org/web/20241011032708/https://www.datacentermap.com/india/mumbai/mumbai-dc/,BSNL Mumbai IDC - Data Center Map,directory,https://uptimeinstitute.com/uptime-institute-awards/datacenter/mumbai-datacenter-phase-i/266,https://web.archive.org/web/20261001014312/https://www.google.com/?gws_rd=ssl,"",other,confirmed,fetched,"","","Matched by name on DCM city index page (fetched); facility page itself not opened; status not read. | Independent check 30 Sep 2026 (confirmed): Uptime Institute: BSNL-Dimension Data 'Mumbai Datacenter Phase I' Tier III design+constructed. DCM addr MTNL Fountain Telephone Exchange, Fort 400001. No dated status.",2026-09-30,none,"","","","","",,,,v2,CC BY-NC 4.0
IN050,Benzy Infotech Data Center,Benzy Infotech PVT LTD,enterprise,operating,medium,"Listed in Data Center Map; the operator confirms a data centre in this city, but not this exact building. No published IT load; the capacity used is modelled. Corrected in this revision (see correction_applied and correction_evidence).",not published: modelled,"No current (live) IT load is published for this facility. The MW used is modelled (class weight x 3.22 MW per weight unit) and is an allocation, not a measurement.",,Cochin,Ernakulam,Kerala,Kerala,locality,Data Center Map directory (datacentermap.com),,,"","","",0,0,"modelled: class weight x MW per weight unit (non-commercial, not anchored)",https://www.datacentermap.com/india/cochin/benzy-infotech/,https://web.archive.org/web/20250214053942/https://www.datacentermap.com/india/cochin/benzy-infotech/,Benzy Infotech Data Center - Data Center Map,directory,https://www.benzyinfotech.com/,https://web.archive.org/web/20261001042225/https://www.benzyinfotech.com/,"",operator,partial,fetched,"","","Listed on DCM city index; facility page not opened (no MW in row). | Independent check 30 Sep 2026 (likely): Only evidence is operator site (travel-IT/web-hosting firm, 'Data Center Cochin' keywords). Edappally address likely office server room; weak.",2026-09-30,none,"","","","","",dist_name_frozen: Alappuzha -> Ernakulam (Kochi facility; city centroid lies outside the generalised 2015 coastline and was assigned by nearest polygon to Alappuzha; Kochi is in Ernakulam district),"",,v2,CC BY-NC 4.0
IN051,CEL-ESDS Data Center,ESDS Software Solution Pvt. Ltd.,colocation,under construction,high,"Facility matched on a fetched page, with a second source. No published IT load; the capacity used is modelled.",not published: modelled,"No IT load is published for this facility. The MW used is modelled (class weight x 3.22 MW per weight unit) and is an allocation, not a measurement. Other figures found (not used: not a live IT load, or its measure is not stated): 30 MW other (design/build-out) https://www.datacentermap.com/india/noida/cel-esds-data-center/",,"Sahibabad, Ghaziabad",Ghaziabad,Uttar Pradesh,Uttar Pradesh,campus,Data Center Map directory (datacentermap.com),,,"","",30 MW other (design/build-out) https://www.datacentermap.com/india/noida/cel-esds-data-center/,,9.671,"modelled: class weight x MW per weight unit (commercial, anchored to 1,800 MW)",https://www.datacentermap.com/india/noida/cel-esds-data-center/,http://archive.today/2026.10.10-143531/https://www.datacentermap.com/india/noida/cel-esds-data-center/,Data Center Map: CEL-ESDS Data Center,directory,https://theprint.in/economy/up-cm-lays-foundation-of-cel-esds-green-data-centre-entailing-rs-1000-cr-investment/2671152,https://web.archive.org/web/20261001054045/https://theprint.in/economy/up-cm-lays-foundation-of-cel-%c2%80%c2%93esds-green-data-centre-entailing-rs-1000-cr-investment/2671152/,UP CM lays foundation of CEL-ESDS green data centre,trade_press,confirmed,search_result,30 MW facility (DCM); foundation stone Jun 2025,TRUE,"DCM files under Noida. Construction consistent (UP CM foundation, Rs 1,000 cr).",2026-09-30,same operator,CEL-ESDS Green Data Centre Ghaziabad,planned,Under Construction,Large (10-99 MW),https://celindia.co.in/contact-us https://www.esds.co.in/ https://government.economictimes.indiatimes.com/news/technology/up-cm-lays-foundation-for-rs-1000-crore-green-data-centre-in-ghaziabad/122100220,,,,v2,CC BY-NC 4.0
IN052,"CapitaLand Data Centre, Bangalore 01",CapitaLand Data Centre,colocation,under construction,high,"Facility matched on a fetched page, with a second source. No published IT load; the capacity used is modelled.",not published: modelled,"No IT load is published for this facility. The MW used is modelled (class weight x 3.22 MW per weight unit) and is an allocation, not a measurement.",,Bengaluru,Bangalore,Karnataka,Karnataka,campus,Data Center Map directory (datacentermap.com),,,"","","",,9.671,"modelled: class weight x MW per weight unit (commercial, anchored to 1,800 MW)",https://www.datacentermap.com/india/bangalore/capitaland-bangalore/,https://web.archive.org/web/20250516181152/https://www.datacentermap.com/india/bangalore/capitaland-bangalore/,"CapitaLand Data Centre, Bangalore 01 - Data Center Map",directory,https://www.capitaland.com/en/find-a-property/global-property-listing/data-centres/capitaland-data-centreitpbbangalore.html,https://web.archive.org/web/20261001034533/https://www.capitaland.com/en/find-a-property/global-property-listing/data-centres/capitaland-data-centreitpbbangalore.html,"",operator,confirmed,fetched,"","","Matched by name on DCM city index page (fetched); facility page not opened; no second source sought. | Independent check 30 Sep 2026 (confirmed): Operator page: Bangalore 1 within ITPB Whitefield, 'Under Development', 42 MW.",2026-09-30,same operator,CapitaLand Data Centre Bangalore 1,planned,Under Construction,Large (10-99 MW),https://www.capitaland.com/en/find-a-property/global-property-listing/data-centres/capitaland-data-centreitpbbangalore.html,,,,v2,CC BY-NC 4.0
IN053,"CapitaLand Data Centre, Chennai 01",CapitaLand Data Centre,colocation,under construction,high,"Facility matched on a fetched page, with a second source. No published IT load; the capacity used is modelled.",not published: modelled,"No IT load is published for this facility. The MW used is modelled (class weight x 3.22 MW per weight unit) and is an allocation, not a measurement.",,Chennai,Thiruvallur,Tamil Nadu,Tamil Nadu,locality,Data Center Map directory (datacentermap.com),,,"","","",,9.671,"modelled: class weight x MW per weight unit (commercial, anchored to 1,800 MW)",https://www.datacentermap.com/india/chennai/capitaland-chennai-1/,https://web.archive.org/web/20250316033127/https://www.datacentermap.com/india/chennai/capitaland-chennai-1/,"CapitaLand Data Centre, Chennai 01 - Data Center Map",directory,https://capitaland.com/en/find-a-property/global-property-listing/data-centres/capitaland-data-centrechennai.html,https://web.archive.org/web/20261001043920/https://www.capitaland.com/en/find-a-property/global-property-listing/data-centres/capitaland-data-centrechennai.html,"",operator,confirmed,fetched,"","","Listed on DCM city index; facility page not opened (no MW in row). | Independent check 30 Sep 2026 (confirmed): CapitaLand page: Chennai 1, Pattravakkam Rd, Ambattur, 4 ac, 54 MW, under development (CLINT).",2026-09-30,same operator,Capitaland Tamil Nadu,operating,Under Construction,Large (10-99 MW),"",,,,v2,CC BY-NC 4.0
IN054,"CapitaLand Data Centre, Hyderabad 01",CapitaLand Data Centre,colocation,under construction,high,"Facility matched on a fetched page, with a second source. No published IT load; the capacity used is modelled.",not published: modelled,"No IT load is published for this facility. The MW used is modelled (class weight x 3.22 MW per weight unit) and is an allocation, not a measurement.",,Hyderabad,Rangareddy,Andhra Pradesh,Telangana,campus,Data Center Map directory (datacentermap.com),,,"","","",,9.671,"modelled: class weight x MW per weight unit (commercial, anchored to 1,800 MW)",https://www.datacentermap.com/india/hyderabad/capitaland-hyderabad-1/,https://web.archive.org/web/20250108210012/https://www.datacentermap.com/india/hyderabad/capitaland-hyderabad-1/,"CapitaLand Data Centre, Hyderabad 01 - Data Center Map",directory,https://www.capitaland.com/in/en/lease/data-centres.html,https://web.archive.org/web/20261001031632/https://www.capitaland.com/in/en/lease/data-centres.html,"",operator,confirmed,fetched,"","","Matched by name on DCM city index page (fetched); facility page not opened; no second source sought. | Independent check 30 Sep 2026 (confirmed): CapitaLand India site: 40 MW DC at International Tech Park Hyderabad, construction underway; DCD Jun 2022 announcement.",2026-09-30,same operator,CapitaLand Data Centre Hyderabad 01,planned,Under Construction,Large (10-99 MW),https://www.capitaland.com/en/about-capitaland/newsroom/news-releases/international/2025/december/CapitaLand-India-Trust-to-divest-20-2pc-stake-in-three-data-centres-under-development.html,,,,v2,CC BY-NC 4.0
IN055,"CapitaLand Data Centre, Mumbai 01",CapitaLand Data Centre,colocation,operating,medium,"Facility matched on a fetched page, with a second source. No published IT load; the capacity used is modelled. Open issue: [duplicate] CapitaLand Mumbai 01 and 02 (IN056) are 0.09 km apart: two towers of one campus (kept as two rows).",not published: modelled,"No current (live) IT load is published for this facility. The MW used is modelled (class weight x 3.22 MW per weight unit) and is an allocation, not a measurement.",,"Airoli, Navi Mumbai",Thane,Maharashtra,Maharashtra,campus,Data Center Map directory (datacentermap.com),,,"","","",9.671,9.671,"modelled: class weight x MW per weight unit (commercial, anchored to 1,800 MW)",https://www.datacentermap.com/india/mumbai/capitaland-navi-mumbai-1/,https://web.archive.org/web/20241211231058/https://www.datacentermap.com/india/mumbai/capitaland-navi-mumbai-1/,"CapitaLand Data Centre, Mumbai 01 - Data Center Map",directory,https://baxtel.com/data-center/capitaland-navi-mumbai-1,https://web.archive.org/web/20261001023748/https://baxtel.com/data-center/capitaland-navi-mumbai-1,"",directory,confirmed,fetched,"","","Matched by name on DCM city index page (fetched); facility page itself not opened; status not read. | Independent check 30 Sep 2026 (confirmed): Baxtel: CapitaLand Navi Mumbai 1, Plot 14/2 TTC MIDC, Bldg 1 launched 2025, operational. Mumbai 02 (IN056, 37 MW) is 0.09 km away - likely Tower 2 of same 90 MW campus; check double count.",2026-09-30,same operator,Capitaland Mumbai Campus,operating,Operational/Under Construction,Large (10-99 MW),"",,,[duplicate] CapitaLand Mumbai 01 and 02 (IN056) are 0.09 km apart: two towers of one campus (kept as two rows).,v2,CC BY-NC 4.0
IN056,"CapitaLand Data Centre, Mumbai 02",CapitaLand Data Centre,colocation,under construction,high,"Facility matched on a fetched page, with a second source. Capacity: DCM also gives 55 MW gross power; 108 MW press figure is a wider phase-1 power number.","reported, but uncertain (see mw_note)",Basis: design IT for Tower 2 (37 MW). Caution: DCM also gives 55 MW gross power; 108 MW press figure is a wider phase-1 power number.,,"TTC Industrial Area, Airoli, Navi Mumbai",Thane,Maharashtra,Maharashtra,campus,Data Center Map directory (datacentermap.com),37,37,design IT for Tower 2 (37 MW),DCM also gives 55 MW gross power; 108 MW press figure is a wider phase-1 power number,37 MW IT load (design/build-out) https://www.datacentermap.com/india/mumbai/capitaland-data-centre-mumbai-02/; 55 MW total power (design/build-out) https://www.datacentermap.com/india/mumbai/capitaland-data-centre-mumbai-02/; 108 MW other (design/build-out) https://www.outlookbusiness.com/corporate/capitaland-india-trust-raises-rs-1300-cr-debt-to-construct-data-centres-in-navi-mumbai,,37,reported (see mw_basis),https://www.datacentermap.com/india/mumbai/capitaland-data-centre-mumbai-02/,http://archive.today/2026.10.10-143119/https://www.datacentermap.com/india/mumbai/capitaland-data-centre-mumbai-02/,"CapitaLand Data Centre, Mumbai 02 - Data Center Map",directory,https://www.outlookbusiness.com/corporate/capitaland-india-trust-raises-rs-1300-cr-debt-to-construct-data-centres-in-navi-mumbai,https://web.archive.org/web/20261001023842/https://www.outlookbusiness.com/corporate/capitaland-india-trust-raises-rs-1300-cr-debt-to-construct-data-centres-in-navi-mumbai,"CapitaLand India Trust raises Rs 1,300 cr debt to construct data centres in Navi Mumbai (Outlook Business)",trade_press,confirmed,fetched,"Under construction; completion Q4 2026, progressive handover H1 2027",TRUE,Outlook article is older (targets mid-2025 completion) and does not name Tower 2; 108 MW is not directly comparable. Not an independent confirmation of the 37 MW.,2026-09-30,same operator,Capitaland Mumbai Campus,operating,Operational/Under Construction,Large (10-99 MW),"",,,,v2,CC BY-NC 4.0
IN057,Catalyst Data Center,Catalyst Business Solutions,enterprise,operating,high,"Facility matched on a fetched page, with a second source. No published IT load; the capacity used is modelled.",not published: modelled,"No current (live) IT load is published for this facility. The MW used is modelled (class weight x 3.22 MW per weight unit) and is an allocation, not a measurement.",,"Udyog Vihar IV, Gurgaon",Gurgaon,Haryana,Haryana,locality,Data Center Map directory (datacentermap.com),,,"","","",3.224,3.224,"modelled: class weight x MW per weight unit (non-commercial, not anchored)",https://www.datacentermap.com/india/gurgaon/catalyst-dc/,https://web.archive.org/web/20240912083937/https://www.datacentermap.com/india/gurgaon/catalyst-dc/,Data Center Map: Catalyst Data Center,directory,"","","","",confirmed,fetched,"","",DCM only. (matched on fetched DCM city index; facility page itself not opened.),2026-09-30,same operator,Catalyst Business Solutions Gurgaon Data Center,operating,Operational,Small (<10 MW),https://www.datacentermap.com/india/gurgaon/catalyst-dc/,,,,v2,CC BY-NC 4.0
IN058,Cenmax Chennai,Cenmax,enterprise,operating,low,"Listed in the Data Center Map directory only; no independent source was found. No published IT load; the capacity used is modelled. Open issue: [existence] No independent trace beyond the Data Center Map listing (checked 30 Sep 2026): DCM addr: Balaji Nagar, Anakaputhur (Chennai suburb). Only trace is an IndiaMART reseller listing citing 'Cenmax .. 18 locations'; cenmax.com has expired TLS cert. Likely a web host/reseller.",not published: modelled,"No current (live) IT load is published for this facility. The MW used is modelled (class weight x 3.22 MW per weight unit) and is an allocation, not a measurement.",,Chennai,Kancheepuram,Tamil Nadu,Tamil Nadu,locality,Data Center Map directory (datacentermap.com),,,"","","",3.224,3.224,"modelled: class weight x MW per weight unit (non-commercial, not anchored)",https://www.datacentermap.com/india/chennai/cenmax-chennai/,https://web.archive.org/web/20250211123434/https://www.datacentermap.com/india/chennai/cenmax-chennai/,Cenmax Chennai - Data Center Map,directory,https://m.indiamart.com/proddetail/shared-linux-web-hosting-21938733455.html,http://archive.today/2026.10.10-230343/https://www.indiamart.com/proddetail/shared-linux-web-hosting-21938733455.html,"",other,directory_only,fetched,"","","Listed on DCM city index; facility page not opened (no MW in row). | Independent check 30 Sep 2026 (doubtful): DCM addr: Balaji Nagar, Anakaputhur (Chennai suburb). Only trace is an IndiaMART reseller listing citing 'Cenmax ... 18 locations'; cenmax.com has expired TLS cert. Likely a web host/reseller.",2026-09-30,none,"","","","","",,,"[existence] No independent trace beyond the Data Center Map listing (checked 30 Sep 2026): DCM addr: Balaji Nagar, Anakaputhur (Chennai suburb). Only trace is an IndiaMART reseller listing citing 'Cenmax ... 18 locations'; cenmax.com has expired TLS cert. Likely a web host/reseller.",v2,CC BY-NC 4.0
IN059,CloudETC Data Center,CloudETC,enterprise,operating,high,"Facility matched on a fetched page, with a second source. No published IT load; the capacity used is modelled.",not published: modelled,"No current (live) IT load is published for this facility. The MW used is modelled (class weight x 3.22 MW per weight unit) and is an allocation, not a measurement.",,"Sarkhej-Gandhinagar Hwy, Ahmedabad",Ahmadabad,Gujarat,Gujarat,city,Data Center Map directory (datacentermap.com),,,"","","",0,0,"modelled: class weight x MW per weight unit (non-commercial, not anchored)",https://www.datacentermap.com/india/ahmedabad/cloudetc/,https://web.archive.org/web/20250206134359/https://www.datacentermap.com/india/ahmedabad/cloudetc/,Data Center Map: CloudETC Data Center,directory,"","","","",confirmed,fetched,"","",Small provider; DCM only. (matched on fetched DCM city index; facility page itself not opened.),2026-09-30,none,"","","","","",,,,v2,CC BY-NC 4.0
IN060,CloudOYE Data Center Noida,CloudOYE,enterprise,operating,high,"Facility matched on a fetched page, with a second source. No published IT load; the capacity used is modelled.",not published: modelled,"No current (live) IT load is published for this facility. The MW used is modelled (class weight x 3.22 MW per weight unit) and is an allocation, not a measurement.",,"NSEZ Phase II, Noida",Gautam Buddha Nagar,Uttar Pradesh,Uttar Pradesh,campus,Data Center Map directory (datacentermap.com),,,"","","",3.224,3.224,"modelled: class weight x MW per weight unit (non-commercial, not anchored)",https://www.datacentermap.com/india/noida/cloudoye/,https://web.archive.org/web/20250125070244/https://www.datacentermap.com/india/noida/cloudoye/,Data Center Map: CloudOYE Data Center Noida,directory,"","","","",confirmed,fetched,"","",DCM only. (matched on fetched DCM city index; facility page itself not opened.),2026-09-30,none,"","","","","",,,,v2,CC BY-NC 4.0
IN061,Colt Chennai,Colt Data Centre Services,colocation,under construction,high,"Facility matched on a fetched page, with a second source. Capacity: DCM metadata 96 MW; W.Media """"at least 70 MW"""".","reported, but uncertain (see mw_note)","Basis: design IT (""""minimum 72 MW IT upon completion""""). Caution: DCM metadata 96 MW; W.Media """"at least 70 MW"""".",,"Ambattur, Chennai",Thiruvallur,Tamil Nadu,Tamil Nadu,locality,Data Center Map directory (datacentermap.com),72,72,"design IT (""""minimum 72 MW IT upon completion"""")","DCM metadata 96 MW; W.Media """"at least 70 MW""""",72 MW IT load (design/build-out) https://www.datacentermap.com/india/chennai/colt-chennai/; 96 MW other (unclear) https://www.datacentermap.com/india/chennai/colt-chennai/; 70 MW IT load (design/build-out) https://w.media/colt-dcs-plans-new-data-centre-in-chennai/,,72,reported (see mw_basis),https://www.datacentermap.com/india/chennai/colt-chennai/,https://web.archive.org/web/20241016002910/https://www.datacentermap.com/india/chennai/colt-chennai/,Colt Chennai - Data Center Map,directory,https://w.media/colt-dcs-plans-new-data-centre-in-chennai/,https://web.archive.org/web/20261001044159/https://w.media/colt-dcs-plans-new-data-centre-in-chennai/,Colt DCS plans new data centre in Chennai,trade_press,confirmed,fetched,Under construction (DCM); planned for delivery by 2027 (W.Media),TRUE,"DCM meta description says 96 MW; W.Media (older) says minimum 70 MW IT. Two buildings, 10-acre Ambattur plot; nothing live.",2026-09-30,same operator,Colt Data Centre Services Chennai Campus,planned,Under Construction,Large (10-99 MW),https://www.coltdatacentres.net/en-GB/our-locations/data-centre-locations-asia/chennai https://www.rmz.com/digital-infrastructure/rmz-x-colt-dcs-jv,,,,v2,CC BY-NC 4.0
IN062,Colt Mumbai,Colt Data Centre Services,colocation,operating,high,"Facility matched on a fetched page, with a second source. No published IT load; the capacity used is modelled.",not published: modelled,"No current (live) IT load is published for this facility. The MW used is modelled (class weight x 3.22 MW per weight unit) and is an allocation, not a measurement.",,Navi Mumbai,Thane,Maharashtra,Maharashtra,campus,Data Center Map directory (datacentermap.com),,,"","","",9.671,9.671,"modelled: class weight x MW per weight unit (commercial, anchored to 1,800 MW)",https://www.datacentermap.com/india/navi-mumbai/colt-mumbai/,http://web.archive.org/web/20241210234130/https://www.datacentermap.com/india/navi-mumbai/colt-mumbai/,Colt Mumbai - Data Center Map,directory,https://www.datacenterdynamics.com/en/news/colt-acquires-land-in-navi-mumbai-for-100mw-data-center-report/,http://web.archive.org/web/20260704233313/https://www.datacenterdynamics.com/en/news/colt-acquires-land-in-navi-mumbai-for-100mw-data-center-report/,"",trade_press,confirmed,fetched,"","","Matched by name on DCM city index page (fetched); facility page itself not opened; status not read. | Independent check 30 Sep 2026 (confirmed): DCM page view limit. DCD Jul 2024: Colt runs a 25MW DC at Airoli, buying land for 100MW more. Baxtel: MUM1, Digha, opened 2023, 2 bldgs live.",2026-09-30,same operator,Colt Data Centre Services MUM1 Campus,operating,Operational/Under Construction,Hyperscale (100-999 MW),"",,,,v2,CC BY-NC 4.0
IN063,Colt Vizag Campus,Colt Data Centre Services,colocation,announced (planned),high,"Facility matched on a fetched page, with a second source. No published IT load; the capacity used is modelled.",not published: modelled,"No IT load is published for this facility. The MW used is modelled (class weight x 3.22 MW per weight unit) and is an allocation, not a measurement.",,Visakhapatnam,Visakhapatnam,Andhra Pradesh,Andhra Pradesh,locality,Data Center Map directory (datacentermap.com),,,"","","",,9.671,"modelled: class weight x MW per weight unit (commercial, anchored to 1,800 MW)",https://www.datacentermap.com/india/visakhapatnam/colt-vizag-campus/,http://archive.today/2026.10.10-143539/https://www.datacentermap.com/india/visakhapatnam/colt-vizag-campus/,Colt Vizag Campus - Data Center Map,directory,https://www.newsbytesapp.com/news/business/rmz-colt-data-centres-plan-rs177lcr-125gw-visakhapatnam-data-center/tldr,http://archive.today/2026.10.02-155259/https://www.newsbytesapp.com/news/business/rmz-colt-data-centres-plan-rs177lcr-125gw-visakhapatnam-data-center/tldr,"",trade_press,confirmed,fetched,"","",Matched by name on DCM city index page (fetched); facility page not opened; no second source sought. | Independent check 30 Sep 2026 (confirmed): RMZ-Colt 50:50 JV 200-acre Vizag campus approved by AP SIPC Jul 2026; construction from 2027.,2026-09-30,none,"","","","","",,,,v2,CC BY-NC 4.0
IN064,CtrlS Bangalore DC1,CtrlS Datacenters Pvt Ltd,colocation,operating,high,"Facility matched on a fetched page, with a second source. Corrected in this revision (see correction_applied and correction_evidence).",reported IT load,Basis: current 12 MW: PeeringDB: 12 MW IT power; build-out 12 MW: PeeringDB: 12 MW IT power (updated 30 Sep 2026).,,Bengaluru,Bangalore,Karnataka,Karnataka,campus,Data Center Map directory (datacentermap.com),12,12,current 12 MW: PeeringDB: 12 MW IT power; build-out 12 MW: PeeringDB: 12 MW IT power (updated 30 Sep 2026),"",12 MW IT (current) https://www.peeringdb.com/fac/3942; 12 MW IT (build-out) https://www.peeringdb.com/fac/3942,12,12,reported (see mw_basis),https://www.datacentermap.com/india/bangalore/ctrls-datacenters-ltd1/,http://web.archive.org/web/20250316035259/https://www.datacentermap.com/india/bangalore/ctrls-datacenters-ltd1/,CtrlS Bangalore DC1 - Data Center Map,directory,https://www.peeringdb.com/fac/3942,https://web.archive.org/web/20261001034629/https://www.peeringdb.com/fac/3942,"",peeringdb,confirmed,fetched,"","","Matched by name on DCM city index page (fetched); facility page not opened; no second source sought. | Independent check 30 Sep 2026 (confirmed): PeeringDB (updated Sep 2025): CtrlS Bangalore DC1, Veer Sandra, Electronic City; 2000 racks, 47 networks, DE-CIX/Extreme IX present.",2026-09-30,same operator,CtrlS Bangalore DC1,operating,Operational,Large (10-99 MW),https://www.ctrls.com/datacenter-bangalore/ https://www.indiacustomercare.com/ctrls-datacenter-contact-no-040-4203-0583 https://www.findlatitudeandlongitude.com/l/Veerasandra%2BMain%2BRoad%2C%2BVeer%2BSandra%2B%2BElectronics%2BCity%2C%2BBangalore%2C%2BKarnataka%2B560100%2C%2BIndia/3126114/,mw_reported: blank -> 12 (PeeringDB: 12 MW IT power) | mw_reported_buildout: blank -> 12 (PeeringDB: 12 MW IT power),https://www.peeringdb.com/fac/3942,,v2,CC BY-NC 4.0
IN065,CtrlS Bhopal DC1,CtrlS Datacenters Pvt Ltd,colocation,under construction,high,"Facility matched on a fetched page, with a second source. No published IT load; the capacity used is modelled.",not published: modelled,"No IT load is published for this facility. The MW used is modelled (class weight x 3.22 MW per weight unit) and is an allocation, not a measurement.",,"Badwai IT Park, Bhopal",Bhopal,Madhya Pradesh,Madhya Pradesh,campus,Data Center Map directory (datacentermap.com),,,"","","",,9.671,"modelled: class weight x MW per weight unit (commercial, anchored to 1,800 MW)",https://www.datacentermap.com/india/bhopal/ctrls-bhopal-dc1/,http://web.archive.org/web/20250514212158/https://www.datacentermap.com/india/bhopal/ctrls-bhopal-dc1/,Data Center Map: CtrlS Bhopal DC1,directory,https://www.datacenterdynamics.com/en/news/ctrls-breaks-new-ground-in-bhopal-india/,http://archive.today/2026.10.02-154627/https://www.datacenterdynamics.com/en/news/ctrls-breaks-new-ground-in-bhopal-india/,DCD: CtrlS breaks new ground in Bhopal,trade_press,confirmed,fetched,"Under construction, Rs 500 cr",TRUE,Groundbreaking per DCD; no MW on DCM. (matched on fetched DCM city index; facility page itself not opened.),2026-09-30,same operator,CtrlS Datacenters Ltd Madhya Pradesh,operating,Under Construction,Large (10-99 MW),https://www.datacenterdynamics.com/en/news/ctrls-breaks-new-ground-in-bhopal-india/ https://w.media/ctrls-datacenters-to-invest-rs-500-crores-into-dc-in-central-india/,,,,v2,CC BY-NC 4.0
IN066,CtrlS Bhubaneswar DC1,CtrlS Datacenters Pvt Ltd,colocation,operating,low,"Facility matched on a fetched page, with a second source. No published IT load; the capacity used is modelled. Open issue: [status] CtrlS Bhubaneswar DC1 is recorded as operating, but the CtrlS homepage shows Bhubaneswar as upcoming",not published: modelled,"No current (live) IT load is published for this facility. The MW used is modelled (class weight x 3.22 MW per weight unit) and is an allocation, not a measurement.",,Bhubaneswar,Khordha,Odisha,Odisha,campus,Data Center Map directory (datacentermap.com),,,"","","",9.671,9.671,"modelled: class weight x MW per weight unit (commercial, anchored to 1,800 MW)",https://www.datacentermap.com/india/bhubaneswar/ctrls-bhubaneswar-dc1/,http://archive.today/2026.10.10-142414/https://www.datacentermap.com/india/bhubaneswar/ctrls-bhubaneswar-dc1/,CtrlS Bhubaneswar DC1 - Data Center Map,directory,https://www.peeringdb.com/asn/18229,https://web.archive.org/web/20261001043054/https://www.peeringdb.com/asn/18229,"",peeringdb,confirmed,fetched,"","","Listed on DCM city index; facility page not opened (no MW in row). | Independent check 30 Sep 2026 (confirmed): PeeringDB fac 16133 'CtrlS Bhubaneswar DC1', Infocity; w.media Jun-2023 foundation stone (INR150cr, 10-acre campus). Live peering listing supports operating.",2026-09-30,none,"","","","","",,,"[status] CtrlS Bhubaneswar DC1 is recorded as operating, but the CtrlS homepage shows Bhubaneswar as upcoming",v2,CC BY-NC 4.0
IN067,CtrlS Chennai Datacenter Park (DC1 + DC2),CtrlS,colocation,operating,medium,"Facility matched on a fetched page, with a second source. Corrected in this revision (see correction_applied and correction_evidence). Open issue: [capacity] 72 MW (DC1 45 + DC2 27) is not stated as IT load by the sources found.","reported, but uncertain (see mw_note)","Basis: whole Chennai Datacenter Park: DC1 45 MW + DC2 27 MW, both operating since Feb 2025 (DCD). Open issue: [capacity] 72 MW (DC1 45 + DC2 27) is not stated as IT load by the sources found.",,"Ambattur, Chennai",Thiruvallur,Tamil Nadu,Tamil Nadu,building,operator census (operator's own facility list),72,72,"whole Chennai Datacenter Park: DC1 45 MW + DC2 27 MW, both operating since Feb 2025 (DCD)","",72 MW other (design/build-out) https://www.datacenterdynamics.com/en/news/ctrls-to-build-data-center-park-in-chennai-india/; 27 MW IT load (design/build-out) https://www.datacenterdynamics.com/en/news/ctrls-to-build-data-center-park-in-chennai-india/,72,72,reported (see mw_basis),https://www.datacenterdynamics.com/en/news/ctrls-to-build-data-center-park-in-chennai-india/,https://web.archive.org/web/20251227055020/https://www.datacenterdynamics.com/en/news/ctrls-to-build-data-center-park-in-chennai-india/,DCD: CtrlS to build data center park in Chennai,trade_press,https://www.datacenterdynamics.com/en/news/ctrls-launches-data-center-park-in-chennai-india/,https://web.archive.org/web/20260407141206/https://www.datacenterdynamics.com/en/news/ctrls-launches-data-center-park-in-chennai-india/,"CtrlS launches data center park in Chennai, India (DCD, 25 Feb 2025)",trade_press,confirmed,fetched,Announced in article for 2024; Baxtel lists operational (built 2025),TRUE,Likely 45 MW overstatement if row is DC2 only; live status of DC2 ramp unverified. Baxtel gives no MW. | Double-check 30 Sep 2026 (sources support: yes; exists: confirmed): DCM lists ctrls-chennai-dc1 and ctrls-chennai-dc2 separately - risk of double count with backbone. MW measure unspecified in DCD. Data Center Map listing: https://www.datacentermap.com/india/chennai/ctrls-chennai-dc2/,2026-09-30,same operator,CtrlS Datacenters Ltd Chennai Campus,operating,Operational,Large (10-99 MW),"","name: CtrlS Chennai Datacenter Park (DC2) -> CtrlS Chennai Datacenter Park (DC1 + DC2) (72 MW = DC1 45 MW + DC2 27 MW, both operating)",https://www.datacenterdynamics.com/en/news/ctrls-launches-data-center-park-in-chennai-india/,[capacity] 72 MW (DC1 45 + DC2 27) is not stated as IT load by the sources found.,v2,CC BY-NC 4.0
IN068,CtrlS Hyderabad DC1,CtrlS,colocation,operating,high,"Facility matched on a fetched page, with a second source.",reported IT load,Basis: current IT.,,Hyderabad,Rangareddy,Andhra Pradesh,Telangana,building,operator census (operator's own facility list),4,4,current IT,"",4 MW IT load (current) https://www.datacenterdynamics.com/en/news/ctrls-plans-13mw-data-center-in-hyderabad-india/,4,4,reported (see mw_basis),https://www.datacenterdynamics.com/en/news/ctrls-plans-13mw-data-center-in-hyderabad-india/,https://web.archive.org/web/20250725045136/https://www.datacenterdynamics.com/en/news/ctrls-plans-13mw-data-center-in-hyderabad-india/,DCD: CtrlS plans 13MW data center in Hyderabad,trade_press,"","","","",confirmed,fetched,Operational,TRUE,"Second source not found (operator site 404). | Double-check 30 Sep 2026 (sources support: yes; exists: confirmed): DC1 at Pioneer Towers, Inorbit Mall Rd (HITEC City) per DCM; 4 MW is IT capacity. Data Center Map listing: https://www.datacentermap.com/india/hyderabad/ctrls-data-center/",2026-09-30,same operator,CtrlS Hyderabad DC1,operating,Operational,Small (<10 MW),https://www.ctrls.com/datacenter-hyderabad/,,,,v2,CC BY-NC 4.0
IN069,CtrlS Hyderabad DC2,CtrlS,colocation,operating,high,"Facility matched on a fetched page, with a second source.",reported IT load,Basis: current IT.,,Hyderabad,Rangareddy,Andhra Pradesh,Telangana,locality,operator census (operator's own facility list),7.4,7.4,current IT,"",7.4 MW IT load (current) https://www.datacenterdynamics.com/en/news/ctrls-plans-13mw-data-center-in-hyderabad-india/,7.4,7.4,reported (see mw_basis),https://www.datacenterdynamics.com/en/news/ctrls-plans-13mw-data-center-in-hyderabad-india/,https://web.archive.org/web/20250725045136/https://www.datacenterdynamics.com/en/news/ctrls-plans-13mw-data-center-in-hyderabad-india/,DCD: CtrlS plans 13MW data center in Hyderabad,trade_press,"","","","",confirmed,fetched,Operational,TRUE,"Double-check 30 Sep 2026 (sources support: yes; exists: confirmed): DCD Apr 2024 confirms DC2 7.4 MW IT, operational. DCM has a DC2 page (possible directory duplicate). Data Center Map listing: https://www.datacentermap.com/india/hyderabad/ctrls-hyderabad-dc2/",2026-09-30,same operator,CtrlS Hyderabad DC2,operating,Operational,Small (<10 MW),https://www.ctrls.com/datacenter-hyderabad/,,,,v2,CC BY-NC 4.0
IN070,CtrlS Hyderabad DC3,CtrlS,colocation,operating,high,"Facility matched on a fetched page, with a second source. Capacity: only a pre-launch article found; live capacity unconfirmed.","reported, but uncertain (see mw_note)",Basis: announced IT capacity (13 MW). Caution: only a pre-launch article found; live capacity unconfirmed.,,"Gachibowli, Hyderabad",Rangareddy,Andhra Pradesh,Telangana,locality,operator census (operator's own facility list),13,13,announced IT capacity (13 MW),only a pre-launch article found; live capacity unconfirmed,13 MW IT load (design/build-out) https://www.datacenterdynamics.com/en/news/ctrls-plans-13mw-data-center-in-hyderabad-india/,13,13,reported (see mw_basis),https://www.datacenterdynamics.com/en/news/ctrls-plans-13mw-data-center-in-hyderabad-india/,https://web.archive.org/web/20250725045136/https://www.datacenterdynamics.com/en/news/ctrls-plans-13mw-data-center-in-hyderabad-india/,DCD: CtrlS plans 13MW data center in Hyderabad,trade_press,https://datacenterdynamics.com/en/news/ctrls-datacenters-launches-hyderabad-dc3-facility-in-india,http://web.archive.org/web/20250724113856/https://www.datacenterdynamics.com/en/news/ctrls-datacenters-launches-hyderabad-dc3-facility-in-india/,"",trade_press,confirmed,fetched,Launching within 2-3 months of April 2024 (article); later operating per our row,"","Article is pre-launch; current operating status not confirmed on a fetched page. 13 MW is announced, not verified live. | Independent check 30 Sep 2026 (confirmed): Source is DCD not DCM. Launched May 2024, 130k sq ft, ~1,300 racks. PeeringDB address: Financial District, Nanakramguda (adjacent Gachibowli). | Double-check 30 Sep 2026 (sources support: yes; exists: confirmed): Cited source is pre-launch; DCM corroborates operating at 13 MW. Data Center Map listing: https://www.datacentermap.com/india/hyderabad/ctrls-hyderabad-dc3/",2026-09-30,same operator,CtrlS Hyderabad DC3,operating,Operational,Large (10-99 MW),https://www.ctrls.com/datacenter-hyderabad/,,,,v2,CC BY-NC 4.0
IN071,CtrlS Hyderabad DC4,CtrlS Datacenters Pvt Ltd,colocation,announced (planned),high,"Facility matched on a fetched page, with a second source. Capacity: 250 MW = phase-1 sanctioned grid power; 900 MW = GIS expandability.","reported, but uncertain (see mw_note)","Basis: design IT (""""600+ MW IT potential""""). Caution: 250 MW = phase-1 sanctioned grid power; 900 MW = GIS expandability.",,"Chandanvelly Industrial Park, Machanpalle, Hyderabad",Rangareddy,Andhra Pradesh,Telangana,campus,Data Center Map directory (datacentermap.com),600,600,"design IT (""""600+ MW IT potential"""")",250 MW = phase-1 sanctioned grid power; 900 MW = GIS expandability,600 MW IT load (design/build-out) https://www.datacentermap.com/india/hyderabad/ctrls-hyderabad-dc4/; 250 MW total power (current) https://www.datacentermap.com/india/hyderabad/ctrls-hyderabad-dc4/; 900 MW other (design/build-out) https://www.datacentermap.com/india/hyderabad/ctrls-hyderabad-dc4/,,600,reported (see mw_basis),https://www.datacentermap.com/india/hyderabad/ctrls-hyderabad-dc4/,http://web.archive.org/web/20250317010840/https://www.datacentermap.com/india/hyderabad/ctrls-hyderabad-dc4/,CtrlS Hyderabad DC4 - Data Center Map,directory,https://www.datacenterdynamics.com/en/news/ctrls-to-build-40-acre-data-center-campus-near-hyderabad-india,https://web.archive.org/web/20251125183037/https://www.datacenterdynamics.com/en/news/ctrls-to-build-40-acre-data-center-campus-near-hyderabad-india/,"CtrlS to build 40-acre data center campus near Hyderabad, India",trade_press,confirmed,fetched,Planned (not currently available),"","Status: announced/planned (Jan 2025), no construction reported. DCM also lists duplicate 'CtrlS Chandanvelly Industrial Park' (same 600/250/900 figures, /ctrls-chandanvelly-industrial-park/) - excluded from inventory. DCD cited as search result + fetched.",2026-09-30,same operator,CtrlS Chandanvelly Data Center Park,planned,Under Construction,Hyperscale (100-999 MW),https://www.ctrls.com/press-release-ctrls-unveils-plans-for-new-datacenter-park-on-a-40-acre-land-parcel-near-hyderabad/,,,,v2,CC BY-NC 4.0
IN072,CtrlS Kolkata DC1,CtrlS Datacenters Pvt Ltd,colocation,operating,high,"Facility matched on a fetched page, with a second source.",reported IT load,Basis: current IT (DCM and PeeringDB).,,"Action Area II, Newtown, Kolkata",North Twenty Four Parganas,West Bengal,West Bengal,campus,Data Center Map directory (datacentermap.com),16,16,current IT (DCM and PeeringDB),"",16 MW IT load (current) https://www.datacentermap.com/india/kolkata/ctrls-kolkata-dc1/; 16 MW IT load (unclear) https://peeringdb.com/fac/14993,16,16,reported (see mw_basis),https://www.datacentermap.com/india/kolkata/ctrls-kolkata-dc1/,http://web.archive.org/web/20250320005919/https://www.datacentermap.com/india/kolkata/ctrls-kolkata-dc1/,CtrlS Kolkata DC1 - Data Center Map,directory,https://peeringdb.com/fac/14993,https://web.archive.org/web/20261001050318/https://www.peeringdb.com/fac/14993,CtrlS Kolkata DC1 (PeeringDB),other,confirmed,fetched,Operational (as of Aug 2025),TRUE,"CtrlS Kolkata DC1, Newtown; 1,137 racks, rated-4. Press (CRN) also seen in search, not fetched.",2026-09-30,same operator,CtrlS Datacenters Ltd Kolkata Campus,operating,Operational,Large (10-99 MW),https://www.datacenterdynamics.com/en/news/first-phase-of-ctrls-kolkata-data-center-campus-operational/ https://www.ctrls.com/press-release-ctrls-inaugurates-its-first-datacenter-in-kolkata/,,,,v2,CC BY-NC 4.0
IN073,CtrlS Lucknow Edge DC1,CtrlS Datacenters Pvt Ltd,colocation,operating,high,"Facility matched on a fetched page, with a second source. Capacity: Ocolo lists 5 MW / 0.4 MVA expandable to 1 MVA; unreconciled.","reported, but uncertain (see mw_note)",Basis: current IT for 49 racks (DCM). Caution: Ocolo lists 5 MW / 0.4 MVA expandable to 1 MVA; unreconciled.,,"Urbanac Business Park, Lucknow",Lucknow,Uttar Pradesh,Uttar Pradesh,building,Data Center Map directory (datacentermap.com),0.18,0.18,current IT for 49 racks (DCM),Ocolo lists 5 MW / 0.4 MVA expandable to 1 MVA; unreconciled,0.18 MW IT load (current) https://www.datacentermap.com/india/lucknow/ctrls-lucknow-edge-dc/; 5 MW total power (unclear) https://www.ocolo.io/colocation/ctrls/lucknow/; 0.4 MW MVA (current) https://www.ocolo.io/colocation/ctrls/lucknow/; 1 MW MVA (design/build-out) https://www.ocolo.io/colocation/ctrls/lucknow/,0.18,0.18,reported (see mw_basis),https://www.datacentermap.com/india/lucknow/ctrls-lucknow-edge-dc/,http://web.archive.org/web/20250423140345/https://www.datacentermap.com/india/lucknow/ctrls-lucknow-edge-dc/,Data Center Map: CtrlS Lucknow Edge DC1,directory,https://www.ocolo.io/colocation/ctrls/lucknow/,http://web.archive.org/web/20260113082624/https://www.ocolo.io/colocation/ctrls/lucknow/,Ocolo: CtrlS Lucknow,directory,confirmed,fetched,Operational,TRUE,"Row 0.18 MW = DCM IT load (49 racks). Ocolo lists 5.00 MW / 120 racks / 400 KVA expandable to 1 MVA, conflicting.",2026-09-30,same operator,CtrlS Datacenters Ltd Uttar Pradesh,operating,Operational,Small (<10 MW),"",,,,v2,CC BY-NC 4.0
IN074,CtrlS Mumbai DC1,CtrlS,colocation,operating,high,"Facility matched on a fetched page, with a second source. Capacity: PeeringDB gives 42 MW for DC1 and DC2 alike (probably campus total).","reported, but uncertain (see mw_note)",Basis: capacity per DCM (20 MW). Caution: PeeringDB gives 42 MW for DC1 and DC2 alike (probably campus total).,,"Mahape, Navi Mumbai",Thane,Maharashtra,Maharashtra,building,operator census (operator's own facility list),20,20,capacity per DCM (20 MW),PeeringDB gives 42 MW for DC1 and DC2 alike (probably campus total),20 MW other (unclear) https://www.datacentermap.com/india/mumbai/ctrls-datacenters1/; 42 MW total power (unclear) https://www.peeringdb.com/fac/1259,20,20,reported (see mw_basis),https://www.datacentermap.com/india/mumbai/ctrls-datacenters1/,https://web.archive.org/web/20241009221410/https://www.datacentermap.com/india/mumbai/ctrls-datacenters1/,DCM CtrlS Mumbai DC1,directory,https://www.peeringdb.com/fac/1259,https://web.archive.org/web/20261001004734/https://www.peeringdb.com/fac/1259,PeeringDB CtrlS Mumbai DC1,directory,confirmed,fetched,Operational,TRUE,Conflict 20 vs 42 MW; PeeringDB 42 MW appears on both DC1 and DC2 (campus). | Double-check 30 Sep 2026 (sources support: yes; exists: confirmed): Row's own source is a DCM listing - this facility is in DCM; check it is not duplicated in backbone. Part of CtrlS Mumbai campus. Data Center Map listing: https://www.datacentermap.com/india/mumbai/ctrls-datacenters1/,2026-09-30,same operator,CtrlS Datacenters Ltd Mumbai Campus,operating,Operational/Under Construction,Hyperscale (100-999 MW),"",,,,v2,CC BY-NC 4.0
IN075,CtrlS Mumbai DC2,CtrlS,colocation,operating,medium,"Facility matched on a fetched page, with a second source. Capacity: NOT RE-FOUND: 16 MW not on any page fetched 30 Sep 2026; PeeringDB 42 MW looks campus-wide. Open issue: [capacity] 16 MW for CtrlS Mumbai DC2 could not be re-found (PeeringDB gives 42 MW, apparently campus-wide)","reported, but uncertain (see mw_note)","Basis: 16 MW (source not re-found). Caution: NOT RE-FOUND: 16 MW not on any page fetched 30 Sep 2026; PeeringDB 42 MW looks campus-wide. Open issue: [capacity] 16 MW for CtrlS Mumbai DC2 could not be re-found (PeeringDB gives 42 MW, apparently campus-wide)",,"Mahape, Navi Mumbai",Thane,Maharashtra,Maharashtra,building,operator census (operator's own facility list),16,16,16 MW (source not re-found),NOT RE-FOUND: 16 MW not on any page fetched 30 Sep 2026; PeeringDB 42 MW looks campus-wide,42 MW total power (unclear) https://www.peeringdb.com/fac/9725,16,16,reported (see mw_basis),https://www.peeringdb.com/fac/9725,https://web.archive.org/web/20261001004846/https://www.peeringdb.com/fac/9725,PeeringDB CtrlS Mumbai DC2,directory,https://www.datacentermap.com/india/mumbai/ctrls-mumbai-dc2/,https://web.archive.org/web/20250316085723/https://www.datacentermap.com/india/mumbai/ctrls-mumbai-dc2/,DCM CtrlS Mumbai DC2 (listed on city index; page not opened),directory,confirmed,fetched,Operational,TRUE,"16 MW unverified (lead cited it from PeeringDB but fetch showed 42 MW). | Independent check 30 Sep 2026 (confirmed): PeeringDB: Plot GEN-72/1/A TTC/MIDC Mahape, Rated-4, ~5,555 racks, 42 MW; Baxtel: launched 2019. Source_url is already PeeringDB, not DCM. | Double-check 30 Sep 2026 (sources support: yes; exists: confirmed): DCM gives 16 MW (measure unspecified); PeeringDB gives 42 MW (unspecified). No operator IT-load figure found (ctrls.com page unreadable). Treat 16 MW as unspecified. Data Center Map listing: https://www.datacentermap.com/india/mumbai/ctrls-mumbai-dc2/",2026-09-30,same operator,CtrlS Datacenters Ltd Mumbai Campus,operating,Operational/Under Construction,Hyperscale (100-999 MW),"",,,"[capacity] 16 MW for CtrlS Mumbai DC2 could not be re-found (PeeringDB gives 42 MW, apparently campus-wide)",v2,CC BY-NC 4.0
IN076,CtrlS Noida,CtrlS,colocation,operating,high,"Facility matched on a fetched page, with a second source.",reported IT load,Basis: current IT.,,"Sector 127, Noida",Gautam Buddha Nagar,Uttar Pradesh,Uttar Pradesh,building,operator census (operator's own facility list),8,8,current IT,"",8 MW IT load (current) https://www.peeringdb.com/fac/3941,8,8,reported (see mw_basis),https://www.peeringdb.com/fac/3941,https://web.archive.org/web/20261001005316/https://www.peeringdb.com/fac/3941,PeeringDB CtrlS Noida DC1,directory,"","","","",confirmed,fetched,Operational (listed),TRUE,Double-check 30 Sep 2026 (sources support: yes; exists: confirmed): PeeringDB states 8 MW IT load; no status stated but listed live. DCM lists CtrlS Noida DC1 (possible directory duplicate). Data Center Map listing: https://www.datacentermap.com/india/noida/ctrls-noida-dc1/,2026-09-30,same operator,CtrlS Datacenters Ltd Uttar Pradesh Campus,operating,Operational,Large (10-99 MW),"",,,,v2,CC BY-NC 4.0
IN077,CtrlS Patna Edge DC1,CtrlS Datacenters Pvt Ltd,colocation,operating,high,"Facility matched on a fetched page, with a second source. Corrected in this revision (see correction_applied and correction_evidence).",reported IT load,"Basis: current 0.5 MW: operator: 109 racks, 0.50 MW IT load; build-out 0.5 MW: operator: 0.50 MW IT load (updated 30 Sep 2026).",,"Patliputra Industrial Area, Patna",Patna,Bihar,Bihar,campus,Data Center Map directory (datacentermap.com),0.5,0.5,"current 0.5 MW: operator: 109 racks, 0.50 MW IT load; build-out 0.5 MW: operator: 0.50 MW IT load (updated 30 Sep 2026)","",0.5 MW IT (current) https://ctrls.com/patna-datacenter/; 0.5 MW IT (build-out) https://ctrls.com/patna-datacenter/,0.5,0.5,reported (see mw_basis),https://www.datacentermap.com/india/patna/ctrls-patna-edge-dc1/,http://archive.today/2026.10.10-143528/https://www.datacentermap.com/india/patna/ctrls-patna-edge-dc1/,CtrlS Patna Edge DC1 - Data Center Map,directory,https://baxtel.com/data-center/ctrls-patna-1,https://web.archive.org/web/20261001041829/https://baxtel.com/data-center/ctrls-patna-1,"",baxtel,confirmed,fetched,"","","Listed on DCM city index; facility page not opened (no MW in row). | Independent check 30 Sep 2026 (confirmed): Baxtel: CtrlS Patna 1, Pataliputra Industrial Area, fully operational; Patna 2 (10MW) under construction 300m away (don't merge).",2026-09-30,same operator,CtrlS Datacenters Ltd Bihar,operating,Under Construction,Large (10-99 MW),"","mw_reported: blank -> 0.5 (operator: 109 racks, 0.50 MW IT load) | mw_reported_buildout: blank -> 0.5 (operator: 0.50 MW IT load)",https://ctrls.com/patna-datacenter/,,v2,CC BY-NC 4.0
IN078,Cyfuture Bangalore Data Center,Cyfuture Data Center,colocation,operating,high,"Facility matched on a fetched page, with a second source. No published IT load; the capacity used is modelled.",not published: modelled,"No current (live) IT load is published for this facility. The MW used is modelled (class weight x 3.22 MW per weight unit) and is an allocation, not a measurement.",,Bengaluru,Bangalore,Karnataka,Karnataka,locality,Data Center Map directory (datacentermap.com),,,"","","",9.671,9.671,"modelled: class weight x MW per weight unit (commercial, anchored to 1,800 MW)",https://www.datacentermap.com/india/bangalore/cyfuture-bangalore/,http://web.archive.org/web/20250516174655/https://www.datacentermap.com/india/bangalore/cyfuture-bangalore/,Cyfuture Bangalore Data Center - Data Center Map,directory,https://cyfuture.com/data-center-bangalore.html,https://web.archive.org/web/20261001034856/https://cyfuture.com/data-center-bangalore.html,"",operator,confirmed,fetched,"","","Matched by name on DCM city index page (fetched); facility page not opened; no second source sought. | Independent check 30 Sep 2026 (confirmed): Cyfuture page describes its own Tier III Bangalore DC (35,000 sq ft). DCM addr Akshaya Commercial Complex, Victoria Layout - small DC in a commercial building.",2026-09-30,none,"","","","","",,,,v2,CC BY-NC 4.0
IN079,Cyfuture Mumbai Data Center,Cyfuture Data Center,colocation,operating,high,"Facility matched on a fetched page, with a second source. No published IT load; the capacity used is modelled.",not published: modelled,"No current (live) IT load is published for this facility. The MW used is modelled (class weight x 3.22 MW per weight unit) and is an allocation, not a measurement.",,Mumbai,Thane,Maharashtra,Maharashtra,locality,Data Center Map directory (datacentermap.com),,,"","","",9.671,9.671,"modelled: class weight x MW per weight unit (commercial, anchored to 1,800 MW)",https://www.datacentermap.com/india/mumbai/cyfuture-mumbai/,http://web.archive.org/web/20240908163414/https://www.datacentermap.com/india/mumbai/cyfuture-mumbai/,Cyfuture Mumbai Data Center - Data Center Map,directory,https://cyfuture.com/data-center-mumbai.html,https://web.archive.org/web/20261001024049/https://cyfuture.com/data-center-mumbai.html,"",operator,confirmed,fetched,"","","DCM name 'Cyfuture Mumbai'; listed in Mumbai index; our row district Thane (Navi Mumbai?) not verified. | Independent check 30 Sep 2026 (confirmed): Operator: owns Mumbai DC 'in Mhape Navi Mumbai', 30,000 sq ft, 500 racks, 3.0 MVA IT load, Tier III. DCM addr EL-3 TTC, Mahape. City field says Mumbai.",2026-09-30,none,"","","","","",,,,v2,CC BY-NC 4.0
IN080,Cyfuture Noida Data Center,Cyfuture Data Center,colocation,operating,high,"Facility matched on a fetched page, with a second source. No published IT load; the capacity used is modelled.",not published: modelled,"No current (live) IT load is published for this facility. The MW used is modelled (class weight x 3.22 MW per weight unit) and is an allocation, not a measurement.",,"NSEZ Phase 2, Noida",Gautam Buddha Nagar,Uttar Pradesh,Uttar Pradesh,campus,Data Center Map directory (datacentermap.com),,,"","","",9.671,9.671,"modelled: class weight x MW per weight unit (commercial, anchored to 1,800 MW)",https://www.datacentermap.com/india/noida/cyfuture/,https://web.archive.org/web/20250517113701/https://www.datacentermap.com/india/noida/cyfuture/,Data Center Map: Cyfuture Noida Data Center,directory,"","","","",confirmed,fetched,"","",DCM only. (matched on fetched DCM city index; facility page itself not opened.),2026-09-30,none,"","","","","",,,,v2,CC BY-NC 4.0
IN081,DC10G,DC10G,enterprise,operating,high,"Facility matched on a fetched page, with a second source. No published IT load; the capacity used is modelled.",not published: modelled,"No current (live) IT load is published for this facility. The MW used is modelled (class weight x 3.22 MW per weight unit) and is an allocation, not a measurement.",,"Sector 63, Noida",Gautam Buddha Nagar,Uttar Pradesh,Uttar Pradesh,locality,Data Center Map directory (datacentermap.com),,,"","","",0,0,"modelled: class weight x MW per weight unit (non-commercial, not anchored)",https://www.datacentermap.com/india/noida/dc10g/,https://web.archive.org/web/20250523054905/https://www.datacentermap.com/india/noida/dc10g/,Data Center Map: DC10G,directory,"","","","",confirmed,fetched,"","",DCM only. (matched on fetched DCM city index; facility page itself not opened.),2026-09-30,none,"","","","","",,,,v2,CC BY-NC 4.0
IN082,DEVPETER DATACENTER,DEVPETER DATACENTER PVT. LTD.,enterprise,operating,high,"Facility matched on a fetched page, with a second source. No published IT load; the capacity used is modelled.",not published: modelled,"No current (live) IT load is published for this facility. The MW used is modelled (class weight x 3.22 MW per weight unit) and is an allocation, not a measurement.",,"Money Plant High St, Ahmedabad",Ahmadabad,Gujarat,Gujarat,building,Data Center Map directory (datacentermap.com),,,"","","",3.224,3.224,"modelled: class weight x MW per weight unit (non-commercial, not anchored)",https://www.datacentermap.com/india/ahmedabad/devpeter-datacenter-pvt-ltd/,http://archive.today/2026.10.02-163224/https://www.datacentermap.com/india/ahmedabad/devpeter-datacenter-pvt-ltd/,Data Center Map: DEVPETER DATACENTER,directory,"","","","",confirmed,fetched,"","",Small provider; DCM only. (matched on fetched DCM city index; facility page itself not opened.),2026-09-30,none,"","","","","",,,,v2,CC BY-NC 4.0
IN083,DTS-NET India,DTS-NET,enterprise,operating,low,"Listed in the Data Center Map directory only; no independent source was found. No published IT load; the capacity used is modelled. Corrected in this revision (see correction_applied and correction_evidence). Open issue: [existence] No independent trace beyond the Data Center Map listing (checked 30 Sep 2026): DCM: DTS-NET at Pulappayil Bldg, Mamangalam, Kochi (slug 'datazone-internet-data-center' = renamed listing). dts-net.com is a US web host (since 1997) and mentions no Kochi DC.",not published: modelled,"No current (live) IT load is published for this facility. The MW used is modelled (class weight x 3.22 MW per weight unit) and is an allocation, not a measurement.",,Cochin,Ernakulam,Kerala,Kerala,locality,Data Center Map directory (datacentermap.com),,,"","","",3.224,3.224,"modelled: class weight x MW per weight unit (non-commercial, not anchored)",https://www.datacentermap.com/india/cochin/datazone-internet-data-center/,https://web.archive.org/web/20250518074623/https://www.datacentermap.com/india/cochin/datazone-internet-data-center/,DTS-NET India - Data Center Map,directory,https://www.dts-net.com/,https://web.archive.org/web/20260623010237/http://www.dts-net.com/,"",operator,directory_only,fetched,"","","Listed on DCM city index; facility page not opened (no MW in row). | Independent check 30 Sep 2026 (doubtful): DCM: DTS-NET at Pulappayil Bldg, Mamangalam, Kochi (slug 'datazone-internet-data-center' = renamed listing). dts-net.com is a US web host (since 1997) and mentions no Kochi DC.",2026-09-30,none,"","","","","",dist_name_frozen: Alappuzha -> Ernakulam (Kochi facility; city centroid lies outside the generalised 2015 coastline and was assigned by nearest polygon to Alappuzha; Kochi is in Ernakulam district),"","[existence] No independent trace beyond the Data Center Map listing (checked 30 Sep 2026): DCM: DTS-NET at Pulappayil Bldg, Mamangalam, Kochi (slug 'datazone-internet-data-center' = renamed listing). dts-net.com is a US web host (since 1997) and mentions no Kochi DC.",v2,CC BY-NC 4.0
IN084,DataFirst Ahmedabad,Data First,enterprise,operating,high,"Facility matched on a fetched page, with a second source. No published IT load; the capacity used is modelled.",not published: modelled,"No current (live) IT load is published for this facility. The MW used is modelled (class weight x 3.22 MW per weight unit) and is an allocation, not a measurement.",,"Cambay Grand, Ahmedabad",Ahmadabad,Gujarat,Gujarat,building,Data Center Map directory (datacentermap.com),,,"","","",3.224,3.224,"modelled: class weight x MW per weight unit (non-commercial, not anchored)",https://www.datacentermap.com/india/ahmedabad/data-first/,https://web.archive.org/web/20250217053020/https://www.datacentermap.com/india/ahmedabad/data-first/,Data Center Map: DataFirst Ahmedabad,directory,"","","","",confirmed,fetched,tier III data centre,TRUE,DCM only. (matched on fetched DCM city index; facility page itself not opened.),2026-09-30,none,"","","","","",,,,v2,CC BY-NC 4.0
IN085,DataFirst Jaipur,Data First,enterprise,operating,high,"Facility matched on a fetched page, with a second source. No published IT load; the capacity used is modelled.",not published: modelled,"No current (live) IT load is published for this facility. The MW used is modelled (class weight x 3.22 MW per weight unit) and is an allocation, not a measurement.",,"Kukas, Jaipur",Jaipur,Rajasthan,Rajasthan,locality,Data Center Map directory (datacentermap.com),,,"","","",3.224,3.224,"modelled: class weight x MW per weight unit (non-commercial, not anchored)",https://www.datacentermap.com/india/jaipur/datafirst/,https://web.archive.org/web/20250217183037/https://www.datacentermap.com/india/jaipur/datafirst/,Data Center Map: DataFirst Jaipur,directory,"","","","",confirmed,fetched,"","",DCM only. (matched on fetched DCM city index; facility page itself not opened.),2026-09-30,none,"","","","","",,,,v2,CC BY-NC 4.0
IN086,DataGalaxy Data Center,DataGalaxy,enterprise,operating,low,"Listed in the Data Center Map directory only; no independent source was found. No published IT load; the capacity used is modelled. Open issue: [existence] No independent trace beyond the Data Center Map listing (checked 30 Sep 2026): Only IndiaMART: Data Galaxy, Yerwada Pune hosting firm claiming a Tier III DC in India; no independent trace of own facility.",not published: modelled,"No current (live) IT load is published for this facility. The MW used is modelled (class weight x 3.22 MW per weight unit) and is an allocation, not a measurement.",,Pune,Pune,Maharashtra,Maharashtra,locality,Data Center Map directory (datacentermap.com),,,"","","",0,0,"modelled: class weight x MW per weight unit (non-commercial, not anchored)",https://www.datacentermap.com/india/pune/datagalaxy/,http://web.archive.org/web/20240812135601/https://www.datacentermap.com/india/pune/datagalaxy/,DataGalaxy Data Center - Data Center Map,directory,https://m.indiamart.com/datagalaxy/aboutus.html,https://web.archive.org/web/20261001134155/https://www.indiamart.com/datagalaxy/aboutus.html,"",directory,directory_only,fetched,"","","Matched by name on DCM city index page (fetched); facility page itself not opened; status not read. | Independent check 30 Sep 2026 (doubtful): Only IndiaMART: Data Galaxy, Yerwada Pune hosting firm claiming a Tier III DC in India; no independent trace of own facility.",2026-09-30,none,"","","","","",,,"[existence] No independent trace beyond the Data Center Map listing (checked 30 Sep 2026): Only IndiaMART: Data Galaxy, Yerwada Pune hosting firm claiming a Tier III DC in India; no independent trace of own facility.",v2,CC BY-NC 4.0
IN087,DataSamudra,TeleIndia Networks Private Limited,colocation,operating,high,"Facility matched on a fetched page, with a second source. No published IT load; the capacity used is modelled. Corrected in this revision (see correction_applied and correction_evidence).",not published: modelled,"No current (live) IT load is published for this facility. The MW used is modelled (class weight x 3.22 MW per weight unit) and is an allocation, not a measurement.",,Bengaluru,Bangalore,Karnataka,Karnataka,campus,Data Center Map directory (datacentermap.com),,,"","","",9.671,9.671,"modelled: class weight x MW per weight unit (commercial, anchored to 1,800 MW)",https://www.datacentermap.com/india/bangalore/datasamudra/,https://web.archive.org/web/20241009121554/https://www.datacentermap.com/india/bangalore/datasamudra/,DataSamudra - Data Center Map,directory,https://www.datacenterdynamics.com/en/news/teleindia-networks-launches-new-data-center-in-bangalore-india/,https://web.archive.org/web/20251117220521/https://www.datacenterdynamics.com/en/news/teleindia-networks-launches-new-data-center-in-bangalore-india/,"",trade_press,confirmed,fetched,"","","Two DCM entries: 'DataSamudra' (TeleIndia, this URL) and 'Data Samudra' (Data Samudra Data Centre Services, /data-samudra/). | Independent check 30 Sep 2026 (confirmed): DCD Oct 2021: Teleindia's Data Samudra opened 3MW/500-rack, 100k sq ft DC in KIADB IT Park; 25k sq ft colocation space - multi-tenant colo, not enterprise.",2026-09-30,same operator,DataSamudra Bengaluru,operating,Operational,Small (<10 MW),https://datasamudra.com/media/brochure/Datasamudra_Profile_F23_V2.pdf https://www.teleindianetworks.com/-datasamudra.html https://www.datacenterdynamics.com/en/news/teleindia-networks-launches-new-data-center-in-bangalore-india https://w.media/teleindia-networks-launches-hyperscale-data-centre-in-bengaluru https://www.datacentermap.com/india/bangalore/data-samudra,dc_type: enterprise -> colocation (multi-tenant commercial operator / developer),https://www.datacenterdynamics.com/en/news/teleindia-networks-launches-new-data-center-in-bangalore-india/,,v2,CC BY-NC 4.0
IN088,Dbyte 135 EDC,Dbyte Facility Network Private Limited,enterprise,operating,high,"Facility matched on a fetched page, with a second source. No published IT load; the capacity used is modelled.",not published: modelled,"No current (live) IT load is published for this facility. The MW used is modelled (class weight x 3.22 MW per weight unit) and is an allocation, not a measurement.",,"Nagli Wazidpur, Noida",Gautam Buddha Nagar,Uttar Pradesh,Uttar Pradesh,locality,Data Center Map directory (datacentermap.com),,,"","","",3.224,3.224,"modelled: class weight x MW per weight unit (non-commercial, not anchored)",https://www.datacentermap.com/india/noida/dbyte-135-edc/,http://archive.today/2026.10.02-163240/https://www.datacentermap.com/india/noida/dbyte-135-edc/,Data Center Map: Dbyte 135 EDC,directory,"","","","",confirmed,fetched,"","",DCM only. (matched on fetched DCM city index; facility page itself not opened.),2026-09-30,none,"","","","","",,,,v2,CC BY-NC 4.0
IN089,Digital Connexion - Data Center in Chennai,Digital Connexion,colocation,operating,high,"Facility matched on a fetched page, with a second source. Corrected in this revision (see correction_applied and correction_evidence).",reported IT load,"Basis: current 20 MW: phase 1 live, 20 MW IT load (w.media) (updated 30 Sep 2026).",,"Ambattur, Chennai",Thiruvallur,Tamil Nadu,Tamil Nadu,building,Data Center Map directory (datacentermap.com),20,,"current 20 MW: phase 1 live, 20 MW IT load (w.media) (updated 30 Sep 2026)","",20 MW IT (current) https://w.media/?p=23855,20,20,reported (see mw_basis),https://www.datacentermap.com/india/chennai/maa10-digital-connexion/,http://web.archive.org/web/20250317083853/https://www.datacentermap.com/india/chennai/maa10-digital-connexion/,Digital Connexion - Data Center in Chennai - Data Center Map,directory,https://w.media/?p=23855,https://web.archive.org/web/20261001044251/https://w.media/maa-10-digital-connexions-new-data-center-launched-in-chennai/,"",trade_press,confirmed,fetched,"","","Listed on DCM city index; facility page not opened (no MW in row). Possible duplicate of IN139 (Digital Realty MAA10). | Independent check 30 Sep 2026 (confirmed): MAA10 launched 15 Jan 2025, Ambattur; PeeringDB fac 14111. Digital Connexion = Reliance/Brookfield/Digital Realty JV, multi-tenant colo, not a cloud company's own campus. | Same building also listed as 'Madras Thiruvallur High Rd (MAA10)' (IN139, merged): https://www.datacentermap.com/india/chennai/madras-thiruvallur-high-rd-maa10/",2026-09-30,same operator,Digital Connexion Tamil Nadu,operating,Operational,Large (10-99 MW),"","dc_type: hyperscale -> colocation (multi-tenant commercial operator / developer) | mw_reported: blank -> 20 (phase 1 live, 20 MW IT load (w.media))",https://w.media/?p=23855,,v2,CC BY-NC 4.0
IN090,Digital Connexion - Data Center in Mumbai,Digital Connexion,colocation,under construction,low,"Facility matched on a fetched page, with a second source. No published IT load; the capacity used is modelled. Corrected in this revision (see correction_applied and correction_evidence). Open issue: [status] Baxtel lists Digital Connexion BOM10 as operational (opened 2026); Data Center Map says launch planned Q1 2026 (kept).",not published: modelled,"No IT load is published for this facility. The MW used is modelled (class weight x 3.22 MW per weight unit) and is an allocation, not a measurement. Other figures found (not used: not a live IT load, or its measure is not stated): 40 MW other (unclear) https://www.datacentermap.com/india/mumbai/bom10/",,Mumbai,Mumbai Suburban,Maharashtra,Maharashtra,building,Data Center Map directory (datacentermap.com),,,"","",40 MW other (unclear) https://www.datacentermap.com/india/mumbai/bom10/,,9.671,"modelled: class weight x MW per weight unit (commercial, anchored to 1,800 MW)",https://www.datacentermap.com/india/mumbai/bom10/,https://web.archive.org/web/20250421085940/https://www.datacentermap.com/india/mumbai/bom10/,Digital Connexion - Data Center in Mumbai - Data Center Map,directory,https://baxtel.com/data-center/digital-connexion-mumbai-chandivali,https://web.archive.org/web/20261001020030/https://baxtel.com/data-center/digital-connexion-mumbai-chandivali,"",directory,confirmed,fetched,"","","DCM name is 'Digital Connexion BOM10' (our row: 'Digital Connexion - Data Center in Mumbai'); matched by operator+city. DCM lists 40MW. | Independent check 30 Sep 2026 (confirmed): BOM10, Boomerang Bldg, Chandivali. Digital Connexion = Brookfield/Reliance/Digital Realty JV colo, not a cloud firm's own campus.",2026-09-30,same operator,Digital Connexion Mumbai Campus,planned,Planned,Large (10-99 MW),"",dc_type: hyperscale -> colocation (multi-tenant commercial operator / developer),https://baxtel.com/data-center/digital-connexion-mumbai-chandivali,[status] Baxtel lists Digital Connexion BOM10 as operational (opened 2026); Data Center Map says launch planned Q1 2026 (kept).,v2,CC BY-NC 4.0
IN091,Digital Edge - Palava,Digital Edge DC,colocation,announced (planned),high,"Facility matched on a fetched page, with a second source. No published IT load; the capacity used is modelled.",not published: modelled,"No IT load is published for this facility. The MW used is modelled (class weight x 3.22 MW per weight unit) and is an allocation, not a measurement. Other figures found (not used: not a live IT load, or its measure is not stated): 270 MW other (unclear) https://www.datacentermap.com/india/mumbai/digital-edge-palava/",,Palava,Thane,Maharashtra,Maharashtra,locality,Data Center Map directory (datacentermap.com),,,"","",270 MW other (unclear) https://www.datacentermap.com/india/mumbai/digital-edge-palava/,,9.671,"modelled: class weight x MW per weight unit (commercial, anchored to 1,800 MW)",https://www.datacentermap.com/india/mumbai/digital-edge-palava/,http://archive.today/2026.10.10-143116/https://www.datacentermap.com/india/mumbai/digital-edge-palava/,Digital Edge - Palava - Data Center Map,directory,https://w.media/palava-land-deal-points-to-digital-edges-second-india-data-center/,https://web.archive.org/web/20261001024139/https://w.media/palava-land-deal-points-to-digital-edges-second-india-data-center/,"",trade_press,confirmed,fetched,"","",DCM lists 270MW (measure unstated); Palava is in Thane district. Digital Edge also has BOM1 in Navi Mumbai (300MW campus). | Independent check 30 Sep 2026 (confirmed): w.media Jul 2026: Digital Edge bought ~30 acres at Palava (Lodha) for reported 270 MW campus; not officially confirmed by Digital Edge.,2026-09-30,same operator,Digital Edge DC Mumbai Campus,planned,Planned,Hyperscale (100-999 MW),"",,,,v2,CC BY-NC 4.0
IN092,Digital Edge BOM1,Digital Edge,colocation,under construction,low,"Facility matched on a fetched page, with a second source. No published IT load; the capacity used is modelled. Open issue: [status] Digital Edge BOM1 completion was due Q1 2025; still recorded as under construction.",not published: modelled,"No IT load is published for this facility. The MW used is modelled (class weight x 3.22 MW per weight unit) and is an allocation, not a measurement. Other figures found (not used: not a live IT load, or its measure is not stated): 300 MW other (design/build-out) https://www.datacenterdynamics.com/en/news/digital-edge-breaks-ground-on-navi-mumbai-campus-in-india; 300 MW other (design/build-out) https://www.digitaledgedc.com/resources/data-center/bom1/",,"Navi Mumbai (Babasaheb Rd, Thane 400708)",Thane,Maharashtra,Maharashtra,campus,operator census (operator's own facility list),,,"","",300 MW other (design/build-out) https://www.datacenterdynamics.com/en/news/digital-edge-breaks-ground-on-navi-mumbai-campus-in-india; 300 MW other (design/build-out) https://www.digitaledgedc.com/resources/data-center/bom1/,,9.671,"modelled: class weight x MW per weight unit (commercial, anchored to 1,800 MW)",https://www.datacentermap.com/india/navi-mumbai/digital-edge-navi-mumbai-bom1/,http://archive.today/2026.10.10-143451/https://www.datacentermap.com/india/navi-mumbai/digital-edge-navi-mumbai-bom1/,Digital Edge - Navi Mumbai BOM1 (DCM),directory,https://www.datacenterdynamics.com/en/news/digital-edge-breaks-ground-on-navi-mumbai-campus-in-india,https://web.archive.org/web/20261001000324/https://www.datacenterdynamics.com/en/news/digital-edge-breaks-ground-on-navi-mumbai-campus-in-india/,Digital Edge breaks ground on Navi Mumbai campus (DCD),trade_press,confirmed,fetched,Under construction; BOM1 phase 1 due Q1 2025 per both; Feb 2026 83 MW solar PPA,TRUE,"Operator page https://www.digitaledgedc.com/resources/data-center/bom1/ also fetched (300 MW full capacity, phase 1 Q1 2025). Status as of the source text; completion not confirmed. | Double-check 30 Sep 2026 (sources support: yes; exists: confirmed): Status 'construction' may be stale: completion was due Q1 2025. 300 MW is campus total, unspecified measure (rightly left blank). Data Center Map listing: https://www.datacentermap.com/india/navi-mumbai/digital-edge-navi-mumbai-bom1/",2026-09-30,same operator,Digital Edge DC Mumbai Campus,planned,Planned,Hyperscale (100-999 MW),"",,,[status] Digital Edge BOM1 completion was due Q1 2025; still recorded as under construction.,v2,CC BY-NC 4.0
IN093,Dinclix GroundWorks,Dinclix GroundWorks,enterprise,operating,high,"Facility matched on a fetched page, with a second source. No published IT load; the capacity used is modelled.",not published: modelled,"No current (live) IT load is published for this facility. The MW used is modelled (class weight x 3.22 MW per weight unit) and is an allocation, not a measurement.",,"Sukhliya, Indore",Indore,Madhya Pradesh,Madhya Pradesh,locality,Data Center Map directory (datacentermap.com),,,"","","",0,0,"modelled: class weight x MW per weight unit (non-commercial, not anchored)",https://www.datacentermap.com/india/indore/dinclix-groundworks/,http://web.archive.org/web/20250420070912/https://www.datacentermap.com/india/indore/dinclix-groundworks/,Data Center Map: Dinclix GroundWorks,directory,"","","","",confirmed,fetched,"","",DCM only. (matched on fetched DCM city index; facility page itself not opened.),2026-09-30,none,"","","","","",,,,v2,CC BY-NC 4.0
IN094,ECS Biztech Data Center,ECS Corporation,enterprise,operating,high,"Facility matched on a fetched page, with a second source. No published IT load; the capacity used is modelled.",not published: modelled,"No current (live) IT load is published for this facility. The MW used is modelled (class weight x 3.22 MW per weight unit) and is an allocation, not a measurement.",,"Sindhubhavan, Ahmedabad",Ahmadabad,Gujarat,Gujarat,locality,Data Center Map directory (datacentermap.com),,,"","","",0,0,"modelled: class weight x MW per weight unit (non-commercial, not anchored)",https://www.datacentermap.com/india/ahmedabad/ecs-data-center/,http://web.archive.org/web/20250513100120/https://www.datacentermap.com/india/ahmedabad/ecs-data-center/,Data Center Map: ECS Biztech Data Center,directory,"","","","",confirmed,fetched,"","",DCM only. (matched on fetched DCM city index; facility page itself not opened.),2026-09-30,none,"","","","","",,,,v2,CC BY-NC 4.0
IN095,ESDS Airoli DC,ESDS Software Solution Pvt. Ltd.,colocation,operating,high,"Facility matched on a fetched page, with a second source. No published IT load; the capacity used is modelled.",not published: modelled,"No current (live) IT load is published for this facility. The MW used is modelled (class weight x 3.22 MW per weight unit) and is an allocation, not a measurement. Other figures found (not used: not a live IT load, or its measure is not stated): 1 MW other (unclear) https://www.datacentermap.com/india/mumbai/esds-airoli-dc/",,"Airoli, Navi Mumbai",Thane,Maharashtra,Maharashtra,locality,Data Center Map directory (datacentermap.com),,,"","",1 MW other (unclear) https://www.datacentermap.com/india/mumbai/esds-airoli-dc/,9.671,9.671,"modelled: class weight x MW per weight unit (commercial, anchored to 1,800 MW)",https://www.datacentermap.com/india/mumbai/esds-airoli-dc/,http://web.archive.org/web/20241211213055/https://www.datacentermap.com/india/mumbai/esds-airoli-dc/,ESDS Airoli DC - Data Center Map,directory,https://www.esds.co.in/data-center-at-airoli,https://web.archive.org/web/20261001024331/https://www.esds.co.in/data-center-at-airoli,"",operator,confirmed,fetched,"","","DCM lists 1MW. | Independent check 30 Sep 2026 (confirmed): DCM page hit view limit. ESDS page: Airoli DC, its 2nd Mumbai DC, Tier 3, MeitY-empanelled, operational. Separate from ESDS Mumbai DC (IN098).",2026-09-30,same operator,ESDS Software Solution Maharashtra,operating,Operational,Small (<10 MW),"",,,,v2,CC BY-NC 4.0
IN096,ESDS Bengaluru DC,ESDS Software Solution Pvt. Ltd.,colocation,operating,high,"Facility matched on a fetched page, with a second source. No published IT load; the capacity used is modelled.",not published: modelled,"No current (live) IT load is published for this facility. The MW used is modelled (class weight x 3.22 MW per weight unit) and is an allocation, not a measurement.",,Bengaluru,Bangalore,Karnataka,Karnataka,building,Data Center Map directory (datacentermap.com),,,"","","",9.671,9.671,"modelled: class weight x MW per weight unit (commercial, anchored to 1,800 MW)",https://www.datacentermap.com/india/bangalore/esds-bengaluru-dc/,http://web.archive.org/web/20241211214153/https://www.datacentermap.com/india/bangalore/esds-bengaluru-dc/,ESDS Bengaluru DC - Data Center Map,directory,https://beta.peeringdb.com/fac/14229,https://web.archive.org/web/20261001035047/https://beta.peeringdb.com/fac/14229,"",peeringdb,confirmed,fetched,"","","Matched by name on DCM city index page (fetched); facility page not opened; no second source sought. | Independent check 30 Sep 2026 (confirmed): PeeringDB fac 14229 ESDS Bengaluru: 1st floor, 76-78(p) New STPI building, Electronic City; operator lists 'ESDS - STPI Bengaluru DC' (hosted in STPI building).",2026-09-30,same operator,ESDS Software Solution Karnataka,operating,Operational,Small (<10 MW),"",,,,v2,CC BY-NC 4.0
IN097,ESDS Mohali DC,ESDS Software Solution Pvt. Ltd.,colocation,operating,high,"Facility matched on a fetched page, with a second source. No published IT load; the capacity used is modelled. Corrected in this revision (see correction_applied and correction_evidence).",not published: modelled,"No current (live) IT load is published for this facility. The MW used is modelled (class weight x 3.22 MW per weight unit) and is an allocation, not a measurement.",,"Sector 75, Mohali",Sahibzada Ajit Singh Nagar,Punjab,Punjab,campus,Data Center Map directory (datacentermap.com),,,"","","",9.671,9.671,"modelled: class weight x MW per weight unit (commercial, anchored to 1,800 MW)",https://www.datacentermap.com/india/ludhiana/esds-mohali-dc/,https://web.archive.org/web/20241214033947/https://www.datacentermap.com/india/ludhiana/esds-mohali-dc/,Data Center Map: ESDS Mohali DC,directory,https://www.esds.co.in/data-center-at-mohali,https://web.archive.org/web/20261001052903/https://www.esds.co.in/data-center-at-mohali,ESDS Mohali data center,operator,confirmed,fetched,state-of-the-art facility,TRUE,DCM files under Ludhiana index but address is Mohali. ESDS page https://www.esds.co.in/data-center-at-mohali seen in search. (matched on fetched DCM city index; facility page itself not opened.),2026-09-30,matched_on_review,ESDS Software Solution Punjab,operating,Operational,Small (<10 MW),"","dist_name_frozen: Jalandhar -> Sahibzada Ajit Singh Nagar (ESDS STPI Mohali DC (Sector 75, Mohali), not Jalandhar) | lon: 75.8573 -> 76.69281 (city-level point moved into the correct district (ESDS Mohali)) | lat: 30.901 -> 30.70288 (city-level point moved into the correct district (ESDS Mohali))",https://www.esds.co.in/data-center-at-mohali,,v2,CC BY-NC 4.0
IN098,ESDS Mumbai DC,ESDS Software Solution Pvt. Ltd.,colocation,operating,high,"Facility matched on a fetched page, with a second source. No published IT load; the capacity used is modelled. Corrected in this revision (see correction_applied and correction_evidence).",not published: modelled,"No current (live) IT load is published for this facility. The MW used is modelled (class weight x 3.22 MW per weight unit) and is an allocation, not a measurement.",,Mumbai,Thane,Maharashtra,Maharashtra,building,Data Center Map directory (datacentermap.com),,,"","","",9.671,9.671,"modelled: class weight x MW per weight unit (commercial, anchored to 1,800 MW)",https://www.datacentermap.com/india/mumbai/esds-mumbai-dc/,https://web.archive.org/web/20250316231154/https://www.datacentermap.com/india/mumbai/esds-mumbai-dc/,ESDS Mumbai DC - Data Center Map,directory,https://www.datacenterdynamics.com/en/news/esds-opens-data-center-in-navi-mumbai-india/,https://web.archive.org/web/20250723021134/https://www.datacenterdynamics.com/en/news/esds-opens-data-center-in-navi-mumbai-india/,"",trade_press,confirmed,fetched,"","","Matched by name on DCM city index page (fetched); facility page itself not opened; status not read. | Independent check 30 Sep 2026 (confirmed): DCD Apr 2016: ESDS opened 80k sq ft DC in Mahape, Navi Mumbai. Baxtel: ESDS planned to move clients from Mahape to new Airoli DC (IN095) - check still live.",2026-09-30,same operator,ESDS Software Solution Maharashtra,operating,Operational,Small (<10 MW),"","dist_name_frozen: Mumbai Suburban -> Thane (ESDS Mumbai DC is in Mahape MIDC, Navi Mumbai) | lon: 72.878 -> 73.03 (city-level point moved into the correct district) | lat: 19.076 -> 19.033 (city-level point moved into the correct district)",https://www.datacenterdynamics.com/en/news/esds-opens-data-center-in-navi-mumbai-india/,,v2,CC BY-NC 4.0
IN099,ESDS Nashik,ESDS,colocation,operating,high,"Facility matched on a fetched page, with a second source. No published IT load; the capacity used is modelled.",not published: modelled,"No current (live) IT load is published for this facility. The MW used is modelled (class weight x 3.22 MW per weight unit) and is an allocation, not a measurement.",,"Plot B-24 & 25, NICE Industrial Area, Satpur MIDC, Nashik",Nashik,Maharashtra,Maharashtra,building,operator census (operator's own facility list),,,"","","",9.671,9.671,"modelled: class weight x MW per weight unit (commercial, anchored to 1,800 MW)",https://datacentermap.com/india/nashik/esds-fully-manager-data-center,https://web.archive.org/web/20240719034351/https://www.datacentermap.com/india/nashik/esds-fully-manager-data-center/,ESDS Nashik DC (DCM),directory,https://forums.esds.co.in/data-center-at-nashik,https://web.archive.org/web/20261001001636/https://forums.esds.co.in/data-center-at-nashik,Nashik Data Centers (ESDS),operator,confirmed,fetched,"Operational, Tier III",TRUE,Second source is an ESDS operator page seen in search results only (not fetched). No capacity figure published. | Double-check 30 Sep 2026 (sources support: yes; exists: confirmed): Address matches both sources; no MW published (racks 4-32 kW). Data Center Map listing: https://datacentermap.com/india/nashik/esds-fully-manager-data-center,2026-09-30,same operator,ESDS Software Solution Maharashtra,operating,Operational,Small (<10 MW),"",,,,v2,CC BY-NC 4.0
IN100,ESR Rabale MU1,ESR Group,colocation,under construction,medium,"Facility matched on a fetched page, with a second source. No published IT load; the capacity used is modelled. Corrected in this revision (see correction_applied and correction_evidence). Open issue: [duplicate] ESR Rabale MU1 houses Sify Rabale DC11/DC12; may overlap the Sify Rabale campus row (IN267).",not published: modelled,"No IT load is published for this facility. The MW used is modelled (class weight x 3.22 MW per weight unit) and is an allocation, not a measurement.",,"Rabale, Navi Mumbai",Thane,Maharashtra,Maharashtra,locality,Data Center Map directory (datacentermap.com),,,"","","",,9.671,"modelled: class weight x MW per weight unit (commercial, anchored to 1,800 MW)",https://www.datacentermap.com/india/navi-mumbai/esr-rabale-mu1/,http://archive.today/2026.10.10-143446/https://www.datacentermap.com/india/navi-mumbai/esr-rabale-mu1/,ESR Rabale MU1 - Data Center Map,directory,https://baxtel.com/data-center/esr-group-rabale-mu1,https://web.archive.org/web/20261001024529/https://baxtel.com/data-center/esr-group-rabale-mu1,"",baxtel,confirmed,fetched,"","","Matched by name on DCM city index page (fetched); facility page itself not opened; status not read. | Independent check 30 Sep 2026 (confirmed): Baxtel/Indian Infra Feb 2026: 60MW powered shell, U/C, pre-leased; houses Sify Rabale DC11/DC12 -> likely duplicate of any Sify Rabale DC11/12 rows.",2026-09-30,same operator,ESR Group MU1,operating,Operational,Large (10-99 MW),https://indianinfrastructure.com/2026/06/05/warburg-pincus-backed-esrs-india-data-centre-asset-sale-in-final-leg/ https://www.esr.com/our-properties/data-centres/ https://www.esr.com/news/mu1-mumbai/,dc_type: enterprise -> colocation (multi-tenant commercial operator / developer),https://baxtel.com/data-center/esr-group-rabale-mu1,[duplicate] ESR Rabale MU1 houses Sify Rabale DC11/DC12; may overlap the Sify Rabale campus row (IN267).,v2,CC BY-NC 4.0
IN101,Equinix CN1,Equinix,colocation,operating,high,"Facility matched on a fetched page, with a second source.",reported IT load,Basis: current = live initial-phase IT (3.24 MW); build-out 24 MW.,,"SIPCOT IT Park, Siruseri, Chennai",Kancheepuram,Tamil Nadu,Tamil Nadu,campus,Data Center Map directory (datacentermap.com),3.24,24,current = live initial-phase IT (3.24 MW); build-out 24 MW,"",3.24 MW IT load (current) https://www.datacentermap.com/india/chennai/equinix-cn1/; 24 MW IT load (design/build-out) https://www.datacentermap.com/india/chennai/equinix-cn1/,3.24,24,reported (see mw_basis),https://www.datacentermap.com/india/chennai/equinix-cn1/,http://archive.today/2026.10.10-142417/https://www.datacentermap.com/india/chennai/equinix-cn1/,Equinix CN1 - Data Center Map,directory,https://equinix.com/data-centers/asia-pacific-colocation/india-colocation/chennai-data-centers/cn1,http://web.archive.org/web/20260610113353/https://www.equinix.com/data-centers/asia-pacific-colocation/india-colocation/chennai-data-centers/cn1,Equinix CN1 Chennai,operator,confirmed,fetched,Operational from Sept 2025 (DCM); Equinix page says opened Q4 2025,TRUE,Equinix operator page gives no MW (only 5 kVA/cabinet). DCM text also says 'set to launch Q3 2024' (stale). Siruseri.,2026-09-30,same operator,Equinix CN1 Campus,operating,Operational/Under Construction,Large (10-99 MW),"",,,,v2,CC BY-NC 4.0
IN102,Equinix MB1 (ex-GPX 1),Equinix,colocation,operating,medium,"Facility matched on a fetched page, with a second source. Capacity: NOT RE-FOUND: Equinix publishes cabinets (1,350 for MB1+MB2), not MW. Open issue: [capacity] 2.6 MW for Equinix MB1 could not be re-found (Equinix publishes cabinets, not MW)","reported, but uncertain (see mw_note)","Basis: 2.6 MW (source not re-found). Caution: NOT RE-FOUND: Equinix publishes cabinets (1,350 for MB1+MB2), not MW. Open issue: [capacity] 2.6 MW for Equinix MB1 could not be re-found (Equinix publishes cabinets, not MW)",,"Chandivali Farm Road, Andheri East, Mumbai",Mumbai Suburban,Maharashtra,Maharashtra,building,operator census (operator's own facility list),2.6,2.6,2.6 MW (source not re-found),"NOT RE-FOUND: Equinix publishes cabinets (1,350 for MB1+MB2), not MW",1350 MW other (current) https://investor.equinix.com/news-events/press-releases/detail/40/equinix-completes-acquisition-of-two-data-centers-in-india,2.6,2.6,reported (see mw_basis),https://www.equinix.com/data-centers/asia-pacific-colocation/india-colocation/mumbai-data-centers,http://web.archive.org/web/20260820070630/https://www.equinix.com/data-centers/asia-pacific-colocation/india-colocation/mumbai-data-centers,Equinix Mumbai data centers (Equinix),operator,https://www.datacentermap.com/india/mumbai/equinix-mb1/,http://web.archive.org/web/20250518192229/https://www.datacentermap.com/india/mumbai/equinix-mb1/,Equinix MB1 (DCM),directory,confirmed,fetched,Operational (GPX Mumbai opened June 2012; acquired by Equinix),TRUE,"Ex-GPX confirmed (MB1 page). Acquisition date: Equinix PR/DCD say completed Sept 2 2021; DCM text says 2020. MB1 ~30,000 sq ft per DCD. Our MW value is unsourced. | Double-check 30 Sep 2026 (sources support: yes; exists: confirmed): Equinix page confirms MB1 operational but gives no MW; DCM gives no MW. 2.6 MW unsupported by any opened source. Data Center Map listing: https://www.datacentermap.com/india/mumbai/equinix-mb1/",2026-09-30,same operator,Equinix Mumbai Campus,operating,Operational,Large (10-99 MW),https://www.zenlayer.com/global/datacenters/bom102 https://www.zenlayer.com/global/locations/mumbai https://www.zenlayer.com/global/datacenters/bom6 https://www.datacenterdynamics.com/en/news/equinix-launches-data-center-in-mumbai-india/ https://newsroom.equinix.com/2026-04-08-Equinix-Launches-Purpose-Built-IBX-Data-Center-in-Mumbai-to-Accelerate-Indias-AI-and-Cloud-Growth https://blog.equinix.com/blog/2026/04/21/step-inside-equinix-mb3-9-photos-of-mumbais-new-ai-ready-data-center/,,,"[capacity] 2.6 MW for Equinix MB1 could not be re-found (Equinix publishes cabinets, not MW)",v2,CC BY-NC 4.0
IN103,Equinix MB2 (ex-GPX 2),Equinix,colocation,operating,medium,"Facility matched on a fetched page, with a second source. Capacity: NOT RE-FOUND: Equinix publishes cabinets (1,350 for MB1+MB2), not MW. Open issue: [capacity] 6.0 MW for Equinix MB2 could not be re-found (Equinix publishes cabinets, not MW)","reported, but uncertain (see mw_note)","Basis: 6.0 MW (source not re-found). Caution: NOT RE-FOUND: Equinix publishes cabinets (1,350 for MB1+MB2), not MW. Open issue: [capacity] 6.0 MW for Equinix MB2 could not be re-found (Equinix publishes cabinets, not MW)",,"Plot 37, Chandivali Farm Road, Andheri East, Mumbai",Mumbai Suburban,Maharashtra,Maharashtra,building,operator census (operator's own facility list),6,6,6.0 MW (source not re-found),"NOT RE-FOUND: Equinix publishes cabinets (1,350 for MB1+MB2), not MW",1350 MW other (current) https://investor.equinix.com/news-events/press-releases/detail/40/equinix-completes-acquisition-of-two-data-centers-in-india,6,6,reported (see mw_basis),https://www.equinix.com/data-centers/asia-pacific-colocation/india-colocation/mumbai-data-centers,http://web.archive.org/web/20260820070630/https://www.equinix.com/data-centers/asia-pacific-colocation/india-colocation/mumbai-data-centers,Equinix Mumbai data centers (Equinix),operator,https://www.datacentermap.com/india/mumbai/equinix-mb2/,https://web.archive.org/web/20250325212954/https://www.datacentermap.com/india/mumbai/equinix-mb2/,Equinix MB2 (DCM),directory,confirmed,fetched,Operational (formerly GPX Mumbai 2),TRUE,Ex-GPX Mumbai 2 confirmed. Our MW value is unsourced; no MW in any fetched source. | Double-check 30 Sep 2026 (sources support: yes; exists: confirmed): 6 MW not stated on Equinix page or DCM MB2 page; mw_current/buildout 6 unsupported -> consider blanking. DCM listing exists (duplicate risk). Data Center Map listing: https://www.datacentermap.com/india/mumbai/equinix-mb2/,2026-09-30,same operator,Equinix Mumbai Campus,operating,Operational,Large (10-99 MW),https://www.zenlayer.com/global/datacenters/bom102 https://www.zenlayer.com/global/locations/mumbai https://www.zenlayer.com/global/datacenters/bom6 https://www.datacenterdynamics.com/en/news/equinix-launches-data-center-in-mumbai-india/ https://newsroom.equinix.com/2026-04-08-Equinix-Launches-Purpose-Built-IBX-Data-Center-in-Mumbai-to-Accelerate-Indias-AI-and-Cloud-Growth https://blog.equinix.com/blog/2026/04/21/step-inside-equinix-mb3-9-photos-of-mumbais-new-ai-ready-data-center/,,,"[capacity] 6.0 MW for Equinix MB2 could not be re-found (Equinix publishes cabinets, not MW)",v2,CC BY-NC 4.0
IN104,Equinix MB3,Equinix,colocation,operating,high,"Facility matched on a fetched page, with a second source. No published IT load; the capacity used is modelled.",not published: modelled,"No current (live) IT load is published for this facility. The MW used is modelled (class weight x 3.22 MW per weight unit) and is an allocation, not a measurement.",,"Plot 15B, Chandivali Farm Road, Chandivali, Mumbai",Mumbai Suburban,Maharashtra,Maharashtra,building,operator census (operator's own facility list),,,"","","",9.671,9.671,"modelled: class weight x MW per weight unit (commercial, anchored to 1,800 MW)",https://www.equinix.com/data-centers/asia-pacific-colocation/india-colocation/mumbai-data-centers,http://web.archive.org/web/20260820070630/https://www.equinix.com/data-centers/asia-pacific-colocation/india-colocation/mumbai-data-centers,Equinix Mumbai data centers (Equinix),operator,https://www.datacentermap.com/india/mumbai/equinix-mb3/,http://archive.today/2026.10.10-143125/https://www.datacentermap.com/india/mumbai/equinix-mb3/,Equinix MB3 (DCM),directory,confirmed,fetched,"Operational per DCM (from Apr 8 2026); Equinix page: 'designed to provide over 5,475 cabinets'",TRUE,"Equinix page wording reads as planned/new build; DCM says operational as of 2026-04-08. MB4 (Navi Mumbai) also exists, not in our batch. | Double-check 30 Sep 2026 (sources support: yes; exists: confirmed): Equinix page: 'more than 5,475 cabinets' at MB3; no MW published. Data Center Map listing: https://www.datacentermap.com/india/mumbai/equinix-mb3/",2026-09-30,same operator,Equinix Mumbai Campus,operating,Operational,Large (10-99 MW),https://www.zenlayer.com/global/datacenters/bom102 https://www.zenlayer.com/global/locations/mumbai https://www.zenlayer.com/global/datacenters/bom6 https://www.datacenterdynamics.com/en/news/equinix-launches-data-center-in-mumbai-india/ https://newsroom.equinix.com/2026-04-08-Equinix-Launches-Purpose-Built-IBX-Data-Center-in-Mumbai-to-Accelerate-Indias-AI-and-Cloud-Growth https://blog.equinix.com/blog/2026/04/21/step-inside-equinix-mb3-9-photos-of-mumbais-new-ai-ready-data-center/,,,,v2,CC BY-NC 4.0
IN105,EverData Delhi NCR,Everdata Technologies Pvt. Ltd.,enterprise,operating,high,"Facility matched on a fetched page, with a second source. No published IT load; the capacity used is modelled.",not published: modelled,"No current (live) IT load is published for this facility. The MW used is modelled (class weight x 3.22 MW per weight unit) and is an allocation, not a measurement.",,"Sector 49, Gurgaon",Gurgaon,Haryana,Haryana,locality,Data Center Map directory (datacentermap.com),,,"","","",3.224,3.224,"modelled: class weight x MW per weight unit (non-commercial, not anchored)",https://www.datacentermap.com/india/new-delhi/everdata-delhi-ncr/,https://web.archive.org/web/20241009131737/https://www.datacentermap.com/india/new-delhi/everdata-delhi-ncr/,Data Center Map: EverData Delhi NCR,directory,"","","","",confirmed,fetched,"","",DCM only. (matched on fetched DCM city index; facility page itself not opened.),2026-09-30,none,"","","","","",,,,v2,CC BY-NC 4.0
IN106,EverData Jaipur,Everdata Technologies Pvt. Ltd.,enterprise,operating,high,"Facility matched on a fetched page, with a second source. No published IT load; the capacity used is modelled.",not published: modelled,"No current (live) IT load is published for this facility. The MW used is modelled (class weight x 3.22 MW per weight unit) and is an allocation, not a measurement.",,"Gopalpura Bypass, Jaipur",Jaipur,Rajasthan,Rajasthan,locality,Data Center Map directory (datacentermap.com),,,"","","",3.224,3.224,"modelled: class weight x MW per weight unit (non-commercial, not anchored)",https://www.datacentermap.com/india/jaipur/everdata-datacenters/,http://web.archive.org/web/20250316214131/https://www.datacentermap.com/india/jaipur/everdata-datacenters/,Data Center Map: EverData Jaipur,directory,"","","","",confirmed,fetched,"","",DCM only. (matched on fetched DCM city index; facility page itself not opened.),2026-09-30,none,"","","","","",,,,v2,CC BY-NC 4.0
IN107,EverData Mumbai,Everdata Technologies Pvt. Ltd.,enterprise,operating,low,"Listed in the Data Center Map directory only; no independent source was found. No published IT load; the capacity used is modelled. Open issue: [existence] No independent trace beyond the Data Center Map listing (checked 30 Sep 2026): datacenterhawk: EverData at 294 CST Road, Kolivery Village (Kalina) - """"not yet commissioned or leased""""; EverData flagship is Jaipur. Likely office/reseller site.",not published: modelled,"No current (live) IT load is published for this facility. The MW used is modelled (class weight x 3.22 MW per weight unit) and is an allocation, not a measurement.",,Mumbai,Mumbai Suburban,Maharashtra,Maharashtra,locality,Data Center Map directory (datacentermap.com),,,"","","",3.224,3.224,"modelled: class weight x MW per weight unit (non-commercial, not anchored)",https://www.datacentermap.com/india/mumbai/everdata-mumbai/,http://web.archive.org/web/20250524100411/https://www.datacentermap.com/india/mumbai/everdata-mumbai/,EverData Mumbai - Data Center Map,directory,https://datacenterhawk.com/marketplace/providers/everdata/294-cst-road-kolivery-village/1064112,https://web.archive.org/web/20250210164137/https://datacenterhawk.com/marketplace/providers/everdata/294-cst-road-kolivery-village/1064112,"",directory,directory_only,fetched,"","","Matched by name on DCM city index page (fetched); facility page itself not opened; status not read. | Independent check 30 Sep 2026 (doubtful): datacenterhawk: EverData at 294 CST Road, Kolivery Village (Kalina) - """"not yet commissioned or leased""""; EverData flagship is Jaipur. Likely office/reseller site.",2026-09-30,none,"","","","","",,,"[existence] No independent trace beyond the Data Center Map listing (checked 30 Sep 2026): datacenterhawk: EverData at 294 CST Road, Kolivery Village (Kalina) - """"not yet commissioned or leased""""; EverData flagship is Jaipur. Likely office/reseller site.",v2,CC BY-NC 4.0
IN108,EverYondr Mumbai 1,EverYondr,colocation,under construction,high,"Facility matched on a fetched page, with a second source. No published IT load; the capacity used is modelled. Corrected in this revision (see correction_applied and correction_evidence).",not published: modelled,"No IT load is published for this facility. The MW used is modelled (class weight x 3.22 MW per weight unit) and is an allocation, not a measurement. Other figures found (not used: not a live IT load, or its measure is not stated): 30 MW MVA (current) https://www.datacentermap.com/india/navi-mumbai/everyondr-mumbai-1/; 60 MW MVA (design/build-out) https://www.datacentermap.com/india/navi-mumbai/everyondr-mumbai-1/",,Navi Mumbai,Thane,Maharashtra,Maharashtra,campus,Data Center Map directory (datacentermap.com),,,"","",30 MW MVA (current) https://www.datacentermap.com/india/navi-mumbai/everyondr-mumbai-1/; 60 MW MVA (design/build-out) https://www.datacentermap.com/india/navi-mumbai/everyondr-mumbai-1/,,9.671,"modelled: class weight x MW per weight unit (commercial, anchored to 1,800 MW)",https://www.datacentermap.com/india/navi-mumbai/everyondr-mumbai-1/,http://web.archive.org/web/20250522101454/https://www.datacentermap.com/india/navi-mumbai/everyondr-mumbai-1/,EverYondr Mumbai 1 - Data Center Map,directory,https://baxtel.com/data-center/everyondr-mumbai-1,https://web.archive.org/web/20261001024623/https://baxtel.com/data-center/everyondr-mumbai-1,"",directory,confirmed,fetched,"","","DCM: 30 MVA Phase 1, 60 MVA Phase 2 (MVA, not MW); row has no MW. | Independent check 30 Sep 2026 (confirmed): Baxtel: EverYondr Mumbai 1, Yondr-Everstone JV, under construction/planned 2027, land and power acquired. DCM addr Plot D/31-32, Turbhe MIDC, TTC.",2026-09-30,same operator,Everyondr Mumbai Campus,planned,Planned,Large (10-99 MW),https://www.datacenterdynamics.com/en/news/google-signs-lease-agreement-for-eight-story-data-center-in-navi-mumbai-india/ https://www.yondrgroup.com/newsroom/press-release/yondr-group-and-everstone-group-announce-strategic-partnership-to-develop-and-operate-data-centers-in-india/,dc_type: enterprise -> colocation (multi-tenant commercial operator (sells colocation to third parties)),https://www.datacenterdynamics.com/en/news/google-signs-lease-agreement-for-eight-story-data-center-in-navi-mumbai-india/,,v2,CC BY-NC 4.0
IN109,GDC - Bengaluru 4 Data Center,"NTT DATA, Inc.",colocation,operating,high,"Facility matched on a fetched page, with a second source. Capacity: only building 4A (22.4 MW) reported ready (Dec 2025); 100 MW = total facility load. Corrected in this revision (see correction_applied and correction_evidence).","reported, but uncertain (see mw_note)","Basis: current 22.4 MW: building 4A live, 22.4 MW critical IT (updated 30 Sep 2026). Caution: only building 4A (22.4 MW) reported ready (Dec 2025); 100 MW = total facility load.",,"Prestige Tech Cloud, Navarathna Agrahara / Devanahalli, Bengaluru",Bangalore,Karnataka,Karnataka,campus,Data Center Map directory (datacentermap.com),22.4,67.2,"current 22.4 MW: building 4A live, 22.4 MW critical IT (updated 30 Sep 2026)",only building 4A (22.4 MW) reported ready (Dec 2025); 100 MW = total facility load,67.2 MW IT load (design/build-out) https://www.datacentermap.com/india/bangalore/gdc-bengaluru-4-data-center/; 22.4 MW IT load (current) https://www.theweek.in/wire-updates/business/2025/12/03/dcm43-ntt.html; 100 MW total power (design/build-out) https://www.theweek.in/wire-updates/business/2025/12/03/dcm43-ntt.html; 22.4 MW IT (current) https://www.theweek.in/wire-updates/business/2025/12/03/dcm43-ntt.html,22.4,67.2,reported (see mw_basis),https://www.datacentermap.com/india/bangalore/gdc-bengaluru-4-data-center/,http://archive.today/2026.10.10-142405/https://www.datacentermap.com/india/bangalore/gdc-bengaluru-4-data-center/,GDC - Bengaluru 4 Data Center - Data Center Map,directory,https://www.theweek.in/wire-updates/business/2025/12/03/dcm43-ntt.html,https://web.archive.org/web/20261001035720/https://www.theweek.in/wire-updates/business/2025/12/03/dcm43-ntt.html,NTT Unveils Bengaluru's Largest Data Center Campus - Bengaluru 4,press_release,confirmed,fetched,Under Construction (DCM); 4A 'ready for commissioning' Dec 2025 (press),TRUE,"DCM page lists campus as 4 Data Center with sub-pages 4A/4B/4C (22.4 MW each). Press release location Devanahalli near airport, 8.5 acres; DCM says Electronic City area/562110. Status agreement: partly operational by press. | Same building also listed as 'NTT Bengaluru 4 Campus' (IN155, merged): https://services.global.ntt/en-us/services-and-products/global-data-centers/global-locations/india/bengaluru-4-campus",2026-09-30,same operator,NTT Bengaluru 4B/4C Future Buildout,planned,Planned,Large (10-99 MW),https://services.global.ntt/en-in/services-and-products/global-data-centers/global-locations/india/bengaluru-4-campus https://www.business-standard.com/content/press-releases-ani/ntt-unveils-bengaluru-s-largest-data-center-campus-bengaluru-4-125120300857_1.html https://www.linkedin.com/posts/salmanhamdulay_nttglobaldatacenters-digitalindia-datacenter-activity-7401990129755545602-_MhH,"status: construction -> operating (Bengaluru 4A (22.4 MW IT) launched Dec 2025) | mw_reported: 67.2 -> 22.4 (building 4A live, 22.4 MW critical IT)",https://www.theweek.in/wire-updates/business/2025/12/03/dcm43-ntt.html,,v2,CC BY-NC 4.0
IN110,GDC - Chennai 2B,"NTT DATA, Inc.",colocation,under construction,high,"Facility matched on a fetched page, with a second source.",reported IT load,Basis: design IT for building 2B (17.4 MW).,,"Ambattur, Chennai",Thiruvallur,Tamil Nadu,Tamil Nadu,campus,Data Center Map directory (datacentermap.com),17.4,17.4,design IT for building 2B (17.4 MW),"",17.4 MW IT load (design/build-out) https://www.datacentermap.com/india/chennai/gdc-chennai-2b/; 34.8 MW IT load (design/build-out) https://www.datacenterdynamics.com/en/news/ntt-launches-hyperscale-campus-in-chennai-india/; 17.4 MW IT load (current) https://www.datacenterdynamics.com/en/news/ntt-launches-hyperscale-campus-in-chennai-india/,,17.4,reported (see mw_basis),https://www.datacentermap.com/india/chennai/gdc-chennai-2b/,http://archive.today/2026.10.10-142423/https://www.datacentermap.com/india/chennai/gdc-chennai-2b/,GDC - Chennai 2B - Data Center Map,directory,https://www.datacenterdynamics.com/en/news/ntt-launches-hyperscale-campus-in-chennai-india/,https://web.archive.org/web/20241005131405/https://www.datacenterdynamics.com/en/news/ntt-launches-hyperscale-campus-in-chennai-india/,"NTT launches hyperscale campus in Chennai, India",trade_press,confirmed,fetched,Under construction (DCM),TRUE,DCM Chennai 2 campus: 2A (live) + 2B (under construction). Live 17.4 MW in DDD is building A; do not add to 2B as current.,2026-09-30,same operator,NTT DC1,operating,Operational,Small (<10 MW),"",,,,v2,CC BY-NC 4.0
IN111,GDC - Navi Mumbai 2 Data Center,"NTT DATA, Inc.",colocation,announced (planned),high,"Facility matched on a fetched page, with a second source. Capacity: 500 MW = total power.","reported, but uncertain (see mw_note)","Basis: design IT (336 MW, 3 buildings). Caution: 500 MW = total power.",,"MIDC Rd, Navi Mumbai",Thane,Maharashtra,Maharashtra,campus,Data Center Map directory (datacentermap.com),336,336,"design IT (336 MW, 3 buildings)",500 MW = total power,336 MW IT load (design/build-out) https://datacenterdynamics.com/en/news/ntt-announces-500mw-nav2-data-center-in-navi-mumbai-india; 500 MW total power (design/build-out) https://datacenterdynamics.com/en/news/ntt-announces-500mw-nav2-data-center-in-navi-mumbai-india,,336,reported (see mw_basis),https://www.datacentermap.com/india/navi-mumbai/gdc-navi-mumbai-2-data-center/,http://archive.today/2026.10.10-143453/https://www.datacentermap.com/india/navi-mumbai/gdc-navi-mumbai-2-data-center/,GDC - Navi Mumbai 2 Data Center - Data Center Map,directory,https://datacenterdynamics.com/en/news/ntt-announces-500mw-nav2-data-center-in-navi-mumbai-india,http://web.archive.org/web/20250808104115/https://www.datacenterdynamics.com/en/news/ntt-announces-500mw-nav2-data-center-in-navi-mumbai-india/,"NTT announces 500MW NAV2 data center in Navi Mumbai, India (DCD)",trade_press,confirmed,fetched,Announced/planned (DCM stage Mar 2025; DCD 20 Mar 2025),TRUE,Announced campus NAV2; our 336 is planned IT not current. NAV1 campus separately: 30MW operating plus 30.4 and 40MW in development (DCD). Both sources repeat the same NTT announcement.,2026-09-30,same operator,NTT Maharashtra Campus,planned,Planned,Hyperscale (100-999 MW),"",,,,v2,CC BY-NC 4.0
IN112,Go4Hosting Jaipur,Go4Hosting,enterprise,operating,high,"Facility matched on a fetched page, with a second source. No published IT load; the capacity used is modelled.",not published: modelled,"No current (live) IT load is published for this facility. The MW used is modelled (class weight x 3.22 MW per weight unit) and is an allocation, not a measurement.",,"EPIP, Jaipur",Jaipur,Rajasthan,Rajasthan,locality,Data Center Map directory (datacentermap.com),,,"","","",0,0,"modelled: class weight x MW per weight unit (non-commercial, not anchored)",https://www.datacentermap.com/india/jaipur/go4hosting-jaipur1/,https://web.archive.org/web/20250319201640/https://www.datacentermap.com/india/jaipur/go4hosting-jaipur1/,Data Center Map: Go4Hosting Jaipur,directory,"","","","",confirmed,fetched,"","",DCM only. (matched on fetched DCM city index; facility page itself not opened.),2026-09-30,none,"","","","","",,,,v2,CC BY-NC 4.0
IN113,Google Adavivaram (Andhra Pradesh),Google,hyperscale,announced (planned),high,"Facility matched on a fetched page, with a second source. No published IT load; the capacity used is modelled.",not published: modelled,"No IT load is published for this facility. The MW used is modelled (class weight x 3.22 MW per weight unit) and is an allocation, not a measurement.",,Visakhapatnam,Visakhapatnam,Andhra Pradesh,Andhra Pradesh,campus,Data Center Map directory (datacentermap.com),,,"","","",,32.236,"modelled: class weight x MW per weight unit (commercial, anchored to 1,800 MW)",https://www.datacentermap.com/india/visakhapatnam/google-adavivaram-andhra-pradesh/,http://archive.today/2026.10.10-143537/https://www.datacentermap.com/india/visakhapatnam/google-adavivaram-andhra-pradesh/,Google Adavivaram (Andhra Pradesh) - Data Center Map,directory,https://www.datacenterdynamics.com/en/news/google-breaks-ground-on-15bn-data-center-project-in-india/,http://web.archive.org/web/20260531171203/https://www.datacenterdynamics.com/en/news/google-breaks-ground-on-15bn-data-center-project-in-india/,"",trade_press,confirmed,fetched,"","","Matched by name on DCM city index page (fetched); facility page not opened; no second source sought. | Independent check 30 Sep 2026 (confirmed): DCM page view limit. DCD Apr-2026: Google AI hub sites Tarluvada (groundbreaking 28 Apr 2026), Adivivaram 160 ac and Rambilli 174.8 ac planned; target Jul 2028.",2026-09-30,same operator,Google Adivivaram Campus,planned,Under Construction,Hyperscale (100-999 MW),https://www.datacenterdynamics.com/en/news/google-subsidiary-proposes-1gw-data-center-in-visakhapatnam-india/ https://www.datacenterdynamics.com/en/news/google-plans-6bn-1gw-data-center-in-indias-andhra-pradesh-report/ https://blog.google/intl/en-in/company-news/our-first-ai-hub-in-india-powered-by-a-15-billion-investment/ https://www.pib.gov.in/PressReleasePage.aspx?PRID=2179035 https://www.adani.com/newsroom/media-releases/adani-and-google-partner-to-build-indias-largest-data-centre-campus-in-visakhapatnam https://www.datacenterdynamics.com/en/news/google-breaks-ground-on-15bn-data-center-project-in-india/ https://www.datacenterdynamics.com/en/news/google-confirms-15bn-data-center-project-in-andhra-pradesh-india/,,,,v2,CC BY-NC 4.0
IN114,Google Rambilli (Andhra Pradesh),Google,hyperscale,under construction,high,"Facility matched on a fetched page, with a second source. No published IT load; the capacity used is modelled. Corrected in this revision (see correction_applied and correction_evidence).",not published: modelled,"No IT load is published for this facility. The MW used is modelled (class weight x 3.22 MW per weight unit) and is an allocation, not a measurement.",,Visakhapatnam,Visakhapatnam,Andhra Pradesh,Andhra Pradesh,locality,Data Center Map directory (datacentermap.com),,,"","","",,32.236,"modelled: class weight x MW per weight unit (commercial, anchored to 1,800 MW)",https://www.datacentermap.com/india/visakhapatnam/google-rambilli-andhra-pradesh/,http://archive.today/2026.10.10-143536/https://www.datacentermap.com/india/visakhapatnam/google-rambilli-andhra-pradesh/,Google Rambilli (Andhra Pradesh) - Data Center Map,directory,https://www.datacenterdynamics.com/en/news/google-breaks-ground-on-15bn-data-center-project-in-india/,http://web.archive.org/web/20260531171203/https://www.datacenterdynamics.com/en/news/google-breaks-ground-on-15bn-data-center-project-in-india/,"",trade_press,confirmed,fetched,"","","Matched by name on DCM city index page (fetched); facility page not opened; no second source sought. | Independent check 30 Sep 2026 (confirmed): DCM page view limit. Site is Rambilli-Achyutapuram, ~50 km SW of Vizag city (same 2015 district). Built with AdaniConneX/Nxtra.",2026-09-30,same operator,Google Adivivaram Campus,planned,Under Construction,Hyperscale (100-999 MW),https://www.datacenterdynamics.com/en/news/google-subsidiary-proposes-1gw-data-center-in-visakhapatnam-india/ https://www.datacenterdynamics.com/en/news/google-plans-6bn-1gw-data-center-in-indias-andhra-pradesh-report/ https://blog.google/intl/en-in/company-news/our-first-ai-hub-in-india-powered-by-a-15-billion-investment/ https://www.pib.gov.in/PressReleasePage.aspx?PRID=2179035 https://www.adani.com/newsroom/media-releases/adani-and-google-partner-to-build-indias-largest-data-centre-campus-in-visakhapatnam https://www.datacenterdynamics.com/en/news/google-breaks-ground-on-15bn-data-center-project-in-india/ https://www.datacenterdynamics.com/en/news/google-confirms-15bn-data-center-project-in-andhra-pradesh-india/,status: announced -> construction (groundbreaking of the three-campus Google hub incl. Rambilli on 28 Apr 2026 (DCD)),https://www.datacenterdynamics.com/en/news/google-breaks-ground-on-15bn-data-center-project-in-india/,,v2,CC BY-NC 4.0
IN115,Google Tarluvada (Andhra Pradesh),Google,hyperscale,under construction,high,"Facility matched on a fetched page, with a second source. No published IT load; the capacity used is modelled.",not published: modelled,"No IT load is published for this facility. The MW used is modelled (class weight x 3.22 MW per weight unit) and is an allocation, not a measurement.",,Visakhapatnam,Visakhapatnam,Andhra Pradesh,Andhra Pradesh,locality,Data Center Map directory (datacentermap.com),,,"","","",,32.236,"modelled: class weight x MW per weight unit (commercial, anchored to 1,800 MW)",https://www.datacentermap.com/india/visakhapatnam/google-tarluvada-andhra-pradesh/,http://archive.today/2026.10.10-143535/https://www.datacentermap.com/india/visakhapatnam/google-tarluvada-andhra-pradesh/,Google Tarluvada (Andhra Pradesh) - Data Center Map,directory,https://www.datacenterdynamics.com/en/news/google-breaks-ground-on-15bn-data-center-project-in-india/,http://web.archive.org/web/20260531171203/https://www.datacenterdynamics.com/en/news/google-breaks-ground-on-15bn-data-center-project-in-india/,"",trade_press,confirmed,fetched,"","","Matched by name on DCM city index page (fetched); facility page not opened; no second source sought. | Independent check 30 Sep 2026 (confirmed): DCD: Google broke ground 28 Apr 2026 on Tarluvada (266.6 acres), Adavivaram, Rambilli campuses; commissioning by Jul 2028.",2026-09-30,same operator,Google Adivivaram Campus,planned,Under Construction,Hyperscale (100-999 MW),https://www.datacenterdynamics.com/en/news/google-subsidiary-proposes-1gw-data-center-in-visakhapatnam-india/ https://www.datacenterdynamics.com/en/news/google-plans-6bn-1gw-data-center-in-indias-andhra-pradesh-report/ https://blog.google/intl/en-in/company-news/our-first-ai-hub-in-india-powered-by-a-15-billion-investment/ https://www.pib.gov.in/PressReleasePage.aspx?PRID=2179035 https://www.adani.com/newsroom/media-releases/adani-and-google-partner-to-build-indias-largest-data-centre-campus-in-visakhapatnam https://www.datacenterdynamics.com/en/news/google-breaks-ground-on-15bn-data-center-project-in-india/ https://www.datacenterdynamics.com/en/news/google-confirms-15bn-data-center-project-in-andhra-pradesh-india/,,,,v2,CC BY-NC 4.0
IN116,Hindustan Global Cloud Data Center,Hindustan Industrial Research Private Limited,enterprise,operating,low,"Listed in the Data Center Map directory only; no independent source was found. No published IT load; the capacity used is modelled. Open issue: [existence] No independent trace beyond the Data Center Map listing (checked 30 Sep 2026): No independent trace found; only DCM. Address is 1st floor, Century Plaza, Anna Salai, Teynampet (office/commercial building). SME hosting firm.",not published: modelled,"No current (live) IT load is published for this facility. The MW used is modelled (class weight x 3.22 MW per weight unit) and is an allocation, not a measurement.",,Chennai,Chennai,Tamil Nadu,Tamil Nadu,locality,Data Center Map directory (datacentermap.com),,,"","","",0,0,"modelled: class weight x MW per weight unit (non-commercial, not anchored)",https://www.datacentermap.com/india/chennai/hindustan-gcdc/,https://web.archive.org/web/20241013073950/https://www.datacentermap.com/india/chennai/hindustan-gcdc/,Hindustan Global Cloud Data Center - Data Center Map,directory,"","","","",directory_only,fetched,"","","Listed on DCM city index; facility page not opened (no MW in row). | Independent check 30 Sep 2026 (doubtful): No independent trace found; only DCM. Address is 1st floor, Century Plaza, Anna Salai, Teynampet (office/commercial building). SME hosting firm.",2026-09-30,none,"","","","","",,,"[existence] No independent trace beyond the Data Center Map listing (checked 30 Sep 2026): No independent trace found; only DCM. Address is 1st floor, Century Plaza, Anna Salai, Teynampet (office/commercial building). SME hosting firm.",v2,CC BY-NC 4.0
IN117,ITI Limited Data Center,ITI Limited,colocation,operating,high,"Facility matched on a fetched page, with a second source. No published IT load; the capacity used is modelled. Corrected in this revision (see correction_applied and correction_evidence).",not published: modelled,"No current (live) IT load is published for this facility. The MW used is modelled (class weight x 3.22 MW per weight unit) and is an allocation, not a measurement.",,Bengaluru,Bangalore,Karnataka,Karnataka,campus,Data Center Map directory (datacentermap.com),,,"","","",9.671,9.671,"modelled: class weight x MW per weight unit (commercial, anchored to 1,800 MW)",https://www.datacentermap.com/india/bangalore/iti-ltd/,https://web.archive.org/web/20250517213410/https://www.datacentermap.com/india/bangalore/iti-ltd/,ITI Limited Data Center - Data Center Map,directory,https://www.itiltd.in/,https://web.archive.org/web/20261001035201/https://www.itiltd.in/,"",operator,confirmed,fetched,"","","Matched by name on DCM city index page (fetched); facility page not opened; no second source sought. | Independent check 30 Sep 2026 (confirmed): Operator site: ITI DC at F-86 Bangalore Plant, Dooravaninagar, Tier III, 1,300+ racks, serving govt/PSU/banks/MNCs 12+ yrs, MeitY CSP. Multi-tenant commercial (PSU-owned), not single-company.",2026-09-30,none,"","","","","",dc_type: enterprise -> colocation (multi-tenant commercial operator / developer),https://www.itiltd.in/,,v2,CC BY-NC 4.0
IN118,Iron Mountain Data Centers BLR-1,Iron Mountain Data Centers,colocation,operating,high,"Facility matched on a fetched page, with a second source. No published IT load; the capacity used is modelled.",not published: modelled,"No current (live) IT load is published for this facility. The MW used is modelled (class weight x 3.22 MW per weight unit) and is an allocation, not a measurement.",,Bengaluru,Bangalore,Karnataka,Karnataka,building,Data Center Map directory (datacentermap.com),,,"","","",9.671,9.671,"modelled: class weight x MW per weight unit (commercial, anchored to 1,800 MW)",https://www.datacentermap.com/india/bangalore/iron-mountain-blr-1/,https://web.archive.org/web/20240808144452/https://www.datacentermap.com/india/bangalore/iron-mountain-blr-1/,Iron Mountain Data Centers BLR-1 - Data Center Map,directory,https://www.ironmountain.com/data-centers/locations/bengaluru-data-center,https://web.archive.org/web/20260610113554/https://www.ironmountain.com/data-centers/locations/bengaluru-data-center,"",operator,confirmed,fetched,"","","Matched by name on DCM city index page (fetched); facility page not opened; no second source sought. | Independent check 30 Sep 2026 (confirmed): Iron Mountain BLR-1, 564 Pattandur Agrahara Whitefield, 4.1MW, operational. Ex-Web Werks: check no separate 'Web Werks Bangalore' row duplicates it.",2026-09-30,same operator,Iron Mountain BLR-1,operating,Operational,Small (<10 MW),https://www.ironmountain.com/en-in/data-centers/locations/apac/bengaluru-data-center https://resources.ironmountain.com/blogs-and-articles/d/data-centers-web-werks-india-joins-iron-mountain-data-centers,,,,v2,CC BY-NC 4.0
IN119,Iron Mountain Data Centers CHN-1,Iron Mountain Data Centers,colocation,under construction,high,"Facility matched on a fetched page, with a second source. No published IT load; the capacity used is modelled.",not published: modelled,"No IT load is published for this facility. The MW used is modelled (class weight x 3.22 MW per weight unit) and is an allocation, not a measurement.",,Chennai,Thiruvallur,Tamil Nadu,Tamil Nadu,campus,Data Center Map directory (datacentermap.com),,,"","","",,9.671,"modelled: class weight x MW per weight unit (commercial, anchored to 1,800 MW)",https://www.datacentermap.com/india/chennai/iron-mountain-data-centers-chn-1/,http://archive.today/2026.10.10-142437/https://www.datacentermap.com/india/chennai/iron-mountain-data-centers-chn-1/,Iron Mountain Data Centers CHN-1 - Data Center Map,directory,https://www.ironmountain.com/data-centers/locations/apac/chennai/chn-1,http://archive.today/2026.10.02-155147/https://www.ironmountain.com/data-centers/locations/apac/chennai/chn-1,"",operator,confirmed,fetched,"","","Listed on DCM city index; facility page not opened (no MW in row). | Independent check 30 Sep 2026 (confirmed): Operator: Plot 83, MTH Rd, Ambattur Industrial Estate; under development, opening Q3 2026.",2026-09-30,same operator,Iron Mountain Tamil Nadu Campus,planned,Under Construction,Large (10-99 MW),https://resources.ironmountain.com/solution-guides/d/data-centers-chennai-chn-1 https://www.ironmountain.com/data-centers/about/news-and-events/news/2026/april/data-centers-iron-mountain-tops-out-chennai-data-center-india https://www.datacenterdynamics.com/en/news/iron-mountain-tops-out-chennai-data-center-india/ https://www.ironmountain.com/en-in/data-centers/locations/apac/chennai/chn-1 https://www.ironmountain.com/data-centers/locations/chennai-data-center,,,,v2,CC BY-NC 4.0
IN120,Iron Mountain Data Centers CHN-2,Iron Mountain Data Centers,colocation,under construction,high,"Facility matched on a fetched page, with a second source. No published IT load; the capacity used is modelled.",not published: modelled,"No IT load is published for this facility. The MW used is modelled (class weight x 3.22 MW per weight unit) and is an allocation, not a measurement.",,Chennai,Thiruvallur,Tamil Nadu,Tamil Nadu,campus,Data Center Map directory (datacentermap.com),,,"","","",,9.671,"modelled: class weight x MW per weight unit (commercial, anchored to 1,800 MW)",https://www.datacentermap.com/india/chennai/iron-mountain-data-centers-chn-2/,http://archive.today/2026.10.10-142434/https://www.datacentermap.com/india/chennai/iron-mountain-data-centers-chn-2/,Iron Mountain Data Centers CHN-2 - Data Center Map,directory,https://www.ironmountain.com/en-in/data-centers/locations/apac/chennai/chn-2,http://archive.today/2026.10.02-155318/https://www.ironmountain.com/en-in/data-centers/locations/apac/chennai/chn-2,"",operator,confirmed,fetched,"","","Listed on DCM city index; facility page not opened (no MW in row). | Independent check 30 Sep 2026 (confirmed): Iron Mountain: Plot 84 MTH Rd, Ambattur; 2nd building on 4.3-acre campus with CHN-1 (IN119); opening 2028, phased delivery from Q2 2030.",2026-09-30,same operator,Iron Mountain Tamil Nadu Campus,planned,Under Construction,Large (10-99 MW),https://resources.ironmountain.com/solution-guides/d/data-centers-chennai-chn-1 https://www.ironmountain.com/data-centers/about/news-and-events/news/2026/april/data-centers-iron-mountain-tops-out-chennai-data-center-india https://www.datacenterdynamics.com/en/news/iron-mountain-tops-out-chennai-data-center-india/ https://www.ironmountain.com/en-in/data-centers/locations/apac/chennai/chn-1 https://www.ironmountain.com/data-centers/locations/chennai-data-center,,,,v2,CC BY-NC 4.0
IN121,Iron Mountain Data Centers HYD-1,Iron Mountain Data Centers,colocation,operating,high,"Facility matched on a fetched page, with a second source. Capacity: operator page says 5.7 MW.","reported, but uncertain (see mw_note)","Basis: current IT, first phase (5.5 MW, DCM and DCD). Caution: operator page says 5.7 MW.",,"Kondapur, Hyderabad",Rangareddy,Andhra Pradesh,Telangana,campus,Data Center Map directory (datacentermap.com),5.5,5.5,"current IT, first phase (5.5 MW, DCM and DCD)",operator page says 5.7 MW,5.5 MW IT load (design/build-out) https://www.datacentermap.com/india/hyderabad/iron-mountain-hyd-1/; 5.5 MW IT load (current) https://www.datacenterdynamics.com/en/news/web-werks-launches-data-center-in-hyderabad-india; 5.7 MW IT load (current) https://www.ironmountain.com/data-centers/locations/hyderabad-data-center,5.5,5.5,reported (see mw_basis),https://www.datacentermap.com/india/hyderabad/iron-mountain-hyd-1/,https://web.archive.org/web/20250420064532/https://www.datacentermap.com/india/hyderabad/iron-mountain-hyd-1/,Iron Mountain Data Centers HYD-1 - Data Center Map,directory,https://www.ironmountain.com/data-centers/locations/hyderabad-data-center,http://web.archive.org/web/20260412130520/https://www.ironmountain.com/data-centers/locations/hyderabad-data-center,Iron Mountain Hyderabad data center (HYD-1),operator,confirmed,fetched,Available Now / operational,TRUE,"Web Werks-Iron Mountain JV launched May 2023; Iron Mountain took full ownership of Web Werks Mar 2025. Operator page reports 1,295 racks, 120,000 sq ft.",2026-09-30,same operator,Iron Mountain HYD-1 Hyderabad,operating,Operational,Small (<10 MW),https://digitalresourcecenter.ironmountain.com/data-centers/locations/apac/hyderabad-data-center,,,,v2,CC BY-NC 4.0
IN122,Iron Mountain Data Centers MUM-3,Iron Mountain Data Centers,colocation,under construction,high,"Facility matched on a fetched page, with a second source. No published IT load; the capacity used is modelled.",not published: modelled,"No IT load is published for this facility. The MW used is modelled (class weight x 3.22 MW per weight unit) and is an allocation, not a measurement. Other figures found (not used: not a live IT load, or its measure is not stated): 85 MW other (unclear) https://www.datacentermap.com/india/mumbai/iron-mountain-data-centers-mum-3/",,Mumbai/Navi Mumbai,Thane,Maharashtra,Maharashtra,locality,Data Center Map directory (datacentermap.com),,,"","",85 MW other (unclear) https://www.datacentermap.com/india/mumbai/iron-mountain-data-centers-mum-3/,,9.671,"modelled: class weight x MW per weight unit (commercial, anchored to 1,800 MW)",https://www.datacentermap.com/india/mumbai/iron-mountain-data-centers-mum-3/,http://archive.today/2026.10.10-143129/https://www.datacentermap.com/india/mumbai/iron-mountain-data-centers-mum-3/,Iron Mountain Data Centers MUM-3 - Data Center Map,directory,https://baxtel.com/data-center/iron-mountain-mumbai-3,https://web.archive.org/web/20261001024724/https://baxtel.com/data-center/iron-mountain-mumbai-3,"",directory,confirmed,fetched,"","","DCM lists 85MW (measure unstated). | Independent check 30 Sep 2026 (confirmed): Baxtel: Iron Mountain Mumbai 3, Rabale MIDC, under construction, ops expected 2027. DCM: groundbreaking 18 Jan 2026, R-52 Sector 8 Rabale. Separate from Web Werks MUM-1/2.",2026-09-30,same operator,Iron Mountain Mumbai Campus,planned,Under Construction,Large (10-99 MW),https://datacenter.ironmountain.com/india-data-centers-information-contact https://www.ironmountain.com/data-centers/about/news-and-events/news/2026/january/data-centers-iron-mountain-breaks-ground-on-85mw-ai-ready-data-centre-in-mumbai https://www.datacenterdynamics.com/en/news/iron-mountain-breaks-ground-on-85mw-data-center-in-mumbai-india/ https://www.ironmountain.com/en-in/data-centers/locations/apac/mumbai/mum-3,,,,v2,CC BY-NC 4.0
IN123,Iron Mountain Data Centers NCR-1,Iron Mountain Data Centers,colocation,operating,high,"Facility matched on a fetched page, with a second source. No published IT load; the capacity used is modelled.",not published: modelled,"No current (live) IT load is published for this facility. The MW used is modelled (class weight x 3.22 MW per weight unit) and is an allocation, not a measurement.",,"D-230 Sector 63, Noida",Gautam Buddha Nagar,Uttar Pradesh,Uttar Pradesh,building,Data Center Map directory (datacentermap.com),,,"","","",9.671,9.671,"modelled: class weight x MW per weight unit (commercial, anchored to 1,800 MW)",https://www.datacentermap.com/india/new-delhi/iron-mountain-ncr-1/,https://web.archive.org/web/20240915004206/https://www.datacentermap.com/india/new-delhi/iron-mountain-ncr-1/,Data Center Map: Iron Mountain Data Centers NCR-1,directory,"","","","",confirmed,fetched,"","",DCM only; listed under New Delhi market. (matched on fetched DCM city index; facility page itself not opened.),2026-09-30,same operator,Iron Mountain NCR-1 Noida,operating,Operational,Large (10-99 MW),https://www.ironmountain.com/en-in/data-centers/locations/apac/delhi-ncr-data-center,,,,v2,CC BY-NC 4.0
IN124,Iron Mountain Data Centers PUN-1,Iron Mountain Data Centers,colocation,operating,high,"Facility matched on a fetched page, with a second source. Corrected in this revision (see correction_applied and correction_evidence).",reported IT load,Basis: current 1.6 MW: operator: 1.6 MW IT load; build-out 1.6 MW: operator: 1.6 MW IT load (updated 30 Sep 2026).,,Pune,Pune,Maharashtra,Maharashtra,building,Data Center Map directory (datacentermap.com),1.6,1.6,current 1.6 MW: operator: 1.6 MW IT load; build-out 1.6 MW: operator: 1.6 MW IT load (updated 30 Sep 2026),"",1.6 MW IT (current) https://ironmountain.com/en-in/data-centers/locations/pune-data-center; 1.6 MW IT (build-out) https://ironmountain.com/en-in/data-centers/locations/pune-data-center,1.6,1.6,reported (see mw_basis),https://www.datacentermap.com/india/pune/iron-mountain-pun-1/,http://web.archive.org/web/20240912054425/https://www.datacentermap.com/india/pune/iron-mountain-pun-1/,Iron Mountain Data Centers PUN-1 - Data Center Map,directory,https://ironmountain.com/en-in/data-centers/locations/pune-data-center,http://web.archive.org/web/20260421104138/https://www.ironmountain.com/en-in/data-centers/locations/pune-data-center,"",operator,confirmed,fetched,"","","Matched by name on DCM city index page (fetched); facility page itself not opened; status not read. | Independent check 30 Sep 2026 (confirmed): Operator: PUN-1, Plot 9, Hinjewadi Ph1, ex-Web Werks, 532 racks; PeeringDB fac 13558. DCM says 2 MW.",2026-09-30,same operator,Iron Mountain Maharashtra,operating,Operational,Small (<10 MW),"",mw_reported: blank -> 1.6 (operator: 1.6 MW IT load) | mw_reported_buildout: blank -> 1.6 (operator: 1.6 MW IT load),https://ironmountain.com/en-in/data-centers/locations/pune-data-center,,v2,CC BY-NC 4.0
IN125,Ishan Technologies Chennai,Ishan Infotech Limited,colocation,operating,high,"Facility matched on a fetched page, with a second source. No published IT load; the capacity used is modelled. Corrected in this revision (see correction_applied and correction_evidence).",not published: modelled,"No current (live) IT load is published for this facility. The MW used is modelled (class weight x 3.22 MW per weight unit) and is an allocation, not a measurement.",,Chennai,Chennai,Tamil Nadu,Tamil Nadu,building,Data Center Map directory (datacentermap.com),,,"","","",9.671,9.671,"modelled: class weight x MW per weight unit (commercial, anchored to 1,800 MW)",https://www.datacentermap.com/india/chennai/ishan-technologies-chennai/,http://web.archive.org/web/20241110055407/https://www.datacentermap.com/india/chennai/ishan-technologies-chennai/,Ishan Technologies Chennai - Data Center Map,directory,https://baxtel.com/data-center/ishan-technologies-chennai,https://web.archive.org/web/20261001044910/https://baxtel.com/data-center/ishan-technologies-chennai,"",directory,confirmed,fetched,"","","Listed on DCM city index; facility page not opened (no MW in row). | Independent check 30 Sep 2026 (confirmed): Baxtel: Ishan Technologies Chennai (Fagun Towers, 5th floor), fully operational, Tier 3, retail colocation. Address is Egmore (600008), central Chennai.",2026-09-30,same operator,Ishan Technologies Chennai at Fagun Mansion,operating,Operational,Large (10-99 MW),https://ishantechnologies.com/data-center-services/colocation/chennai https://ishantechnologies.com/data-center-services/colocation https://ishantechnologies.com/location https://ishantechnologies.com/api/static/5020colocation_presentation_pdf.pdf https://etedge-insights.com/press-release/ishan-technologies-launches-meity-certified-saksham-cloud-in-major-push-for-indigenous-cloud-services/ https://www.datacentermap.com/india/chennai/ishan-technologies-chennai https://baxtel.com/data-center/ishan-technologies-chennai,dc_type: enterprise -> colocation (multi-tenant commercial operator / developer),https://baxtel.com/data-center/ishan-technologies-chennai,,v2,CC BY-NC 4.0
IN126,Ishan Technologies Gandhinagar,Ishan Infotech Limited,enterprise,operating,high,"Facility matched on a fetched page, with a second source. No published IT load; the capacity used is modelled.",not published: modelled,"No current (live) IT load is published for this facility. The MW used is modelled (class weight x 3.22 MW per weight unit) and is an allocation, not a measurement.",,"Infotower 1, Gandhinagar",Gandhinagar,Gujarat,Gujarat,campus,Data Center Map directory (datacentermap.com),,,"","","",0,0,"modelled: class weight x MW per weight unit (non-commercial, not anchored)",https://www.datacentermap.com/india/ahmedabad/ishan-technologies-gandhinagar/,https://web.archive.org/web/20241106173323/https://www.datacentermap.com/india/ahmedabad/ishan-technologies-gandhinagar/,Data Center Map: Ishan Technologies Gandhinagar,directory,"","","","",confirmed,fetched,"","",DCM only. (matched on fetched DCM city index; facility page itself not opened.),2026-09-30,same operator,Ishan Technologies Gujarat,operating,Operational,Small (<10 MW),"",,,,v2,CC BY-NC 4.0
IN127,Ishan Technologies Mumbai,Ishan Infotech Limited,enterprise,operating,high,"Facility matched on a fetched page, with a second source. No published IT load; the capacity used is modelled.",not published: modelled,"No current (live) IT load is published for this facility. The MW used is modelled (class weight x 3.22 MW per weight unit) and is an allocation, not a measurement.",,Mumbai,Mumbai Suburban,Maharashtra,Maharashtra,building,Data Center Map directory (datacentermap.com),,,"","","",0,0,"modelled: class weight x MW per weight unit (non-commercial, not anchored)",https://www.datacentermap.com/india/mumbai/ishan-technologies-mumbai/,https://web.archive.org/web/20241106171930/https://www.datacentermap.com/india/mumbai/ishan-technologies-mumbai/,Ishan Technologies Mumbai - Data Center Map,directory,https://auth.peeringdb.com/fac/15715,https://web.archive.org/web/20261001020423/https://auth.peeringdb.com/fac/15715,"",peeringdb,confirmed,fetched,"","","Matched by name on DCM city index page (fetched); facility page itself not opened; status not read. | Independent check 30 Sep 2026 (confirmed): PeeringDB 'Ishan Technologies Mumbai DC1' (400072, Chandivali); launched Feb 2024 (CXOToday). Carrier-neutral colo by an ISP; colocation also defensible.",2026-09-30,same operator,Ishan DC-1 Mumbai,operating,Operational,Unknown,https://ishantechnologies.com/latest-updates/ishan-technologies-expands-its-footprint-with-launch-of-data-centre-in-mumbai https://ishantechnologies.com/data-center-services/colocation/mumbai https://ishantechnologies.com/data-center-services/colocation https://www.de-cix.in/press-release/de-cix-india-partners-with-ishan-data-center-to-strengthen-indias-digital-backbone https://www.enterpriseitworld.com/ishan-technologies-expands-its-footprint-with-launch-of-data-centre-in-mumbai https://www.datacentermap.com/india/mumbai/ishan-technologies-mumbai,,,,v2,CC BY-NC 4.0
IN128,IxoraDC Cochin,Aabasoft Technologies India Pvt Ltd,enterprise,operating,low,"Listed in the Data Center Map directory only; no independent source was found. No published IT load; the capacity used is modelled. Corrected in this revision (see correction_applied and correction_evidence). Open issue: [existence] No independent trace beyond the Data Center Map listing (checked 30 Sep 2026): No independent trace; DCM company page gives address Chakolas Heights, Seaport-Airport Rd near Infopark (office building). Aabasoft is a software firm.",not published: modelled,"No current (live) IT load is published for this facility. The MW used is modelled (class weight x 3.22 MW per weight unit) and is an allocation, not a measurement.",,Cochin,Ernakulam,Kerala,Kerala,building,Data Center Map directory (datacentermap.com),,,"","","",0,0,"modelled: class weight x MW per weight unit (non-commercial, not anchored)",https://www.datacentermap.com/india/cochin/ixoradc/,https://web.archive.org/web/20250520133345/https://www.datacentermap.com/india/cochin/ixoradc/,IxoraDC Cochin - Data Center Map,directory,"","","","",directory_only,fetched,"","","Listed on DCM city index; facility page not opened (no MW in row). | Independent check 30 Sep 2026 (doubtful): No independent trace; DCM company page gives address Chakolas Heights, Seaport-Airport Rd near Infopark (office building). Aabasoft is a software firm.",2026-09-30,none,"","","","","",dist_name_frozen: Alappuzha -> Ernakulam (Kochi facility; city centroid lies outside the generalised 2015 coastline and was assigned by nearest polygon to Alappuzha; Kochi is in Ernakulam district),"","[existence] No independent trace beyond the Data Center Map listing (checked 30 Sep 2026): No independent trace; DCM company page gives address Chakolas Heights, Seaport-Airport Rd near Infopark (office building). Aabasoft is a software firm.",v2,CC BY-NC 4.0
IN129,Kedia Data Center,Kedia Infotech Ltd.,enterprise,operating,low,"Listed in the Data Center Map directory only; no independent source was found. No published IT load; the capacity used is modelled. Open issue: [existence] No independent trace beyond the Data Center Map listing (checked 30 Sep 2026): Only DCM; address 518 Swapnalok Complex, S.D. Road, Secunderabad (office). IndiaMART: Kedia Infotech offers hosting/colocation services but no facility named.",not published: modelled,"No current (live) IT load is published for this facility. The MW used is modelled (class weight x 3.22 MW per weight unit) and is an allocation, not a measurement.",,Hyderabad,Hyderabad,Andhra Pradesh,Telangana,locality,Data Center Map directory (datacentermap.com),,,"","","",0,0,"modelled: class weight x MW per weight unit (non-commercial, not anchored)",https://www.datacentermap.com/india/hyderabad/kedia-data-center/,https://web.archive.org/web/20250518063038/https://www.datacentermap.com/india/hyderabad/kedia-data-center/,Kedia Data Center - Data Center Map,directory,https://m.indiamart.com/kedia-group/aboutus.html,http://archive.today/2026.10.10-230100/https://www.indiamart.com/kedia-group/aboutus.html,"",directory,directory_only,fetched,"","","Matched by name on DCM city index page (fetched); facility page not opened; no second source sought. | Independent check 30 Sep 2026 (doubtful): Only DCM; address 518 Swapnalok Complex, S.D. Road, Secunderabad (office). IndiaMART: Kedia Infotech offers hosting/colocation services but no facility named.",2026-09-30,none,"","","","","",,,"[existence] No independent trace beyond the Data Center Map listing (checked 30 Sep 2026): Only DCM; address 518 Swapnalok Complex, S.D. Road, Secunderabad (office). IndiaMART: Kedia Infotech offers hosting/colocation services but no facility named.",v2,CC BY-NC 4.0
IN130,Kennies IT Delhi-NCR,Kennies IT,enterprise,operating,high,"Facility matched on a fetched page, with a second source. No published IT load; the capacity used is modelled.",not published: modelled,"No current (live) IT load is published for this facility. The MW used is modelled (class weight x 3.22 MW per weight unit) and is an allocation, not a measurement.",,Ghaziabad,Ghaziabad,Uttar Pradesh,Uttar Pradesh,city,Data Center Map directory (datacentermap.com),,,"","","",0,0,"modelled: class weight x MW per weight unit (non-commercial, not anchored)",https://www.datacentermap.com/india/new-delhi/kennies-it-new-delhi/,http://web.archive.org/web/20250207110905/https://www.datacentermap.com/india/new-delhi/kennies-it-new-delhi/,Data Center Map: Kennies IT Delhi-NCR,directory,"","","","",confirmed,fetched,"","",DCM only. (matched on fetched DCM city index; facility page itself not opened.),2026-09-30,name+location,Iron Mountain NCR-1 Noida,operating,Operational,Large (10-99 MW),https://www.ironmountain.com/en-in/data-centers/locations/apac/delhi-ncr-data-center,,,,v2,CC BY-NC 4.0
IN131,Kennies IT Mohali,Kennies IT,enterprise,operating,high,"Facility matched on a fetched page, with a second source. No published IT load; the capacity used is modelled.",not published: modelled,"No current (live) IT load is published for this facility. The MW used is modelled (class weight x 3.22 MW per weight unit) and is an allocation, not a measurement.",,"Jansua, Rajpura, Mohali",Patiala,Punjab,Punjab,locality,Data Center Map directory (datacentermap.com),,,"","","",3.224,3.224,"modelled: class weight x MW per weight unit (non-commercial, not anchored)",https://www.datacentermap.com/india/mohali/kennies-it-mohali/,http://web.archive.org/web/20241007235525/https://www.datacentermap.com/india/mohali/kennies-it-mohali/,Data Center Map: Kennies IT Mohali,directory,"","","","",confirmed,fetched,"","",DCM only. (matched on fetched DCM city index; facility page itself not opened.),2026-09-30,none,"","","","","",,,,v2,CC BY-NC 4.0
IN132,LNT Bengaluru BLR 1,L&T Vyoma,colocation,announced (planned),medium,"Listed in Data Center Map; the operator confirms a data centre in this city, but not this exact building. No published IT load; the capacity used is modelled. Corrected in this revision (see correction_applied and correction_evidence).",not published: modelled,"No IT load is published for this facility. The MW used is modelled (class weight x 3.22 MW per weight unit) and is an allocation, not a measurement.",,Bengaluru,Bangalore,Karnataka,Karnataka,locality,Data Center Map directory (datacentermap.com),,,"","","",,9.671,"modelled: class weight x MW per weight unit (commercial, anchored to 1,800 MW)",https://www.datacentermap.com/india/bangalore/lnt-blr-1/,http://archive.today/2026.10.10-142412/https://www.datacentermap.com/india/bangalore/lnt-blr-1/,LNT Bengaluru BLR 1 - Data Center Map,directory,https://www.larsentoubro.com/pressreleases/2025-11-26-lt-rebrands-data-centre-business-as-larsen-toubro-vyoma/,https://web.archive.org/web/20261001035454/https://www.larsentoubro.com/pressreleases/2025-11-26-lt-rebrands-data-centre-business-as-larsen-toubro-vyoma,"",press_release,partial,fetched,"","","Matched by name on DCM city index page (fetched); facility page not opened; no second source sought. | Independent check 30 Sep 2026 (likely): L&T Nov-2025 press release: Vyoma to expand hyperscale DCs in Mumbai, Chennai and Bengaluru; no Bengaluru site named. L&T-Vyoma is a commercial DC operator, not single-company.",2026-09-30,same operator,L&T BLR1,planned,Planned,Large (10-99 MW),https://annualreview.larsentoubro.com/lt-datacenters.html https://lntcloudfiniti.com/GTC2025/our-data-centers-in-india.html,dc_type: enterprise -> colocation (multi-tenant commercial operator / developer),https://www.larsentoubro.com/pressreleases/2025-11-26-lt-rebrands-data-centre-business-as-larsen-toubro-vyoma/,,v2,CC BY-NC 4.0
IN133,LNT Chennai CHN 1,L&T Vyoma,colocation,operating,high,"Facility matched on a fetched page, with a second source. No published IT load; the capacity used is modelled. Corrected in this revision (see correction_applied and correction_evidence).",not published: modelled,"No current (live) IT load is published for this facility. The MW used is modelled (class weight x 3.22 MW per weight unit) and is an allocation, not a measurement.",,Chennai,Kancheepuram,Tamil Nadu,Tamil Nadu,campus,Data Center Map directory (datacentermap.com),,,"","","",9.671,9.671,"modelled: class weight x MW per weight unit (commercial, anchored to 1,800 MW)",https://www.datacentermap.com/india/chennai/lnt-chn-1/,http://archive.today/2026.10.10-142428/https://www.datacentermap.com/india/chennai/lnt-chn-1/,LNT Chennai CHN 1 - Data Center Map,directory,https://themachinemaker.com/news/lt-cloudfiniti-secures-first-major-client-at-sriperumbudur-data-centre/,https://web.archive.org/web/20261001045032/https://themachinemaker.com/news/lt-cloudfiniti-secures-first-major-client-at-sriperumbudur-data-centre/,"",trade_press,confirmed,fetched,"","","Listed on DCM city index; facility page not opened (no MW in row). | Independent check 30 Sep 2026 (confirmed): L&T-Cloudfiniti Sriperumbudur DC (Kancheepuram dist), 6 MW first client Dec 2024. DCM 30 MW = build-out.",2026-09-30,name+location,AdaniConneX Chennai Campus,operating,Operational,Large (10-99 MW),https://www.datacenterdynamics.com/en/news/adaniconnex-launches-data-center-in-chennai-india/ https://www.edgeconnex.com/news/press-releases/adaniconnex-announces-the-opening-of-its-flagship-data-center-campus-in-chennai-india/,dc_type: enterprise -> colocation (multi-tenant commercial operator (sells colocation to third parties)),https://www.lntcloudfiniti.com/,,v2,CC BY-NC 4.0
IN134,LNT Dholera,L&T Vyoma,enterprise,announced (planned),high,"Facility matched on a fetched page, with a second source. No published IT load; the capacity used is modelled.",not published: modelled,"No IT load is published for this facility. The MW used is modelled (class weight x 3.22 MW per weight unit) and is an allocation, not a measurement. Other figures found (not used: not a live IT load, or its measure is not stated): 250 MW other (design/build-out) https://www.datacentermap.com/india/ahmedabad/lnt-dholera/",,"Dholera SIR, Bhimtalav",Ahmadabad,Gujarat,Gujarat,city,Data Center Map directory (datacentermap.com),,,"","",250 MW other (design/build-out) https://www.datacentermap.com/india/ahmedabad/lnt-dholera/,,3.224,"modelled: class weight x MW per weight unit (non-commercial, not anchored)",https://www.datacentermap.com/india/ahmedabad/lnt-dholera/,http://archive.today/2026.10.10-142253/https://www.datacentermap.com/india/ahmedabad/lnt-dholera/,Data Center Map: LNT Dholera,directory,https://www.datacenterdynamics.com/en/news/indian-construction-conglomerate-larsen-and-toubro-signs-mou-for-250mw-data-center/,http://web.archive.org/web/20260225164637/https://www.datacenterdynamics.com/en/news/indian-construction-conglomerate-larsen-and-toubro-signs-mou-for-250mw-data-center/,DCD: L&T signs MoU for 250MW data center,trade_press,confirmed,search_result,planned 250 MW data center,TRUE,"DCM page flagged 'may not be available'. L&T Vyoma MoU 250 MW AI DC at Dholera (DCD, Feb 2026); announced stage.",2026-09-30,none,"","","","","",,,,v2,CC BY-NC 4.0
IN135,LNT Navi Mumbai NMP 1,L&T Vyoma,colocation,operating,high,"Facility matched on a fetched page, with a second source. No published IT load; the capacity used is modelled. Corrected in this revision (see correction_applied and correction_evidence).",not published: modelled,"No current (live) IT load is published for this facility. The MW used is modelled (class weight x 3.22 MW per weight unit) and is an allocation, not a measurement.",,Navi Mumbai,Raigarh,Maharashtra,Maharashtra,campus,Data Center Map directory (datacentermap.com),,,"","","",9.671,9.671,"modelled: class weight x MW per weight unit (commercial, anchored to 1,800 MW)",https://www.datacentermap.com/india/navi-mumbai/lnt-nmp-1/,http://archive.today/2026.10.10-143451/https://www.datacentermap.com/india/navi-mumbai/lnt-nmp-1/,LNT Navi Mumbai NMP 1 - Data Center Map,directory,https://baxtel.com/data-center/l-t-nmp1,http://archive.today/2026.10.02-141058/https://baxtel.com/data-center/l-t-nmp1,"",directory,confirmed,fetched,"","","Matched by name on DCM city index page (fetched); facility page itself not opened; status not read. | Independent check 30 Sep 2026 (confirmed): Baxtel: L&T NMP1 Navi Mumbai fully operational, built 2023, 285 racks (L&T-Cloudfiniti). L&T Vyoma sells colocation/cloud. Separate 40 MW Mahape DC broke ground Jan 2026.",2026-09-30,same operator,L And T Cloudfiniti NMP1,operating,Operational,Small (<10 MW),"",dc_type: enterprise -> colocation (multi-tenant commercial operator / developer),https://baxtel.com/data-center/l-t-nmp1,,v2,CC BY-NC 4.0
IN136,LNT Navi Mumbai NMP 2,L&T Vyoma,colocation,under construction,medium,"Listed in Data Center Map; the operator confirms a data centre in this city, but not this exact building. No published IT load; the capacity used is modelled. Corrected in this revision (see correction_applied and correction_evidence).",not published: modelled,"No IT load is published for this facility. The MW used is modelled (class weight x 3.22 MW per weight unit) and is an allocation, not a measurement. Other figures found (not used: not a live IT load, or its measure is not stated): 30 MW other (unclear) https://www.datacentermap.com/india/navi-mumbai/lnt-nmp-2/",,Navi Mumbai,Thane,Maharashtra,Maharashtra,locality,Data Center Map directory (datacentermap.com),,,"","",30 MW other (unclear) https://www.datacentermap.com/india/navi-mumbai/lnt-nmp-2/,,9.671,"modelled: class weight x MW per weight unit (commercial, anchored to 1,800 MW)",https://www.datacentermap.com/india/navi-mumbai/lnt-nmp-2/,http://archive.today/2026.10.10-143448/https://www.datacentermap.com/india/navi-mumbai/lnt-nmp-2/,LNT Navi Mumbai NMP 2 - Data Center Map,directory,https://www.larsentoubro.com/pressreleases/2026/2026-01-21-larsen-toubro-vyoma-breaks-ground-on-40-mw-green-ai-ready-data-centre-in-navi-mumbai/,https://web.archive.org/web/20261001024902/https://www.larsentoubro.com/pressreleases/2026/2026-01-21-larsen-toubro-vyoma-breaks-ground-on-40-mw-green-ai-ready-data-centre-in-navi-mumbai,"",press_release,partial,fetched,"","","DCM lists 30MW. | Independent check 30 Sep 2026 (likely): DCM page hit view limit. L&T broke ground on 40 MW AI-ready DC at Mahape, Navi Mumbai (Jan 2026) - likely NMP 2. L&T Vyoma is multi-tenant/build-to-suit colo. PR implies no existing NM DC (check IN135).",2026-09-30,same operator,L And T Cloudfiniti NMP2,planned,Planned,Large (10-99 MW),"",dc_type: enterprise -> colocation (multi-tenant commercial operator / developer),https://www.larsentoubro.com/pressreleases/2026/2026-01-21-larsen-toubro-vyoma-breaks-ground-on-40-mw-green-ai-ready-data-centre-in-navi-mumbai/,,v2,CC BY-NC 4.0
IN138,LeapSwitch Networks Pune DC,LeapSwitch Networks Private Limited,enterprise,operating,medium,"Listed in Data Center Map; the operator confirms a data centre in this city, but not this exact building. No published IT load; the capacity used is modelled.",not published: modelled,"No current (live) IT load is published for this facility. The MW used is modelled (class weight x 3.22 MW per weight unit) and is an allocation, not a measurement.",,Pune,Pune,Maharashtra,Maharashtra,city,Data Center Map directory (datacentermap.com),,,"","","",3.224,3.224,"modelled: class weight x MW per weight unit (non-commercial, not anchored)",https://www.datacentermap.com/india/pune/leapswitch-networks-pune-dc/,http://web.archive.org/web/20241204085541/https://www.datacentermap.com/india/pune/leapswitch-networks-pune-dc/,LeapSwitch Networks Pune DC - Data Center Map,directory,https://www.leapswitch.com/,http://web.archive.org/web/20260901044333/https://leapswitch.com/,"",operator,partial,fetched,"","","Matched by name on DCM city index page (fetched); facility page itself not opened; status not read. | Independent check 30 Sep 2026 (likely): Operator site lists Pune among hosting/bare-metal locations, no address. DCM address is a 4th-floor office suite in Kothrud: small server room at most.",2026-09-30,none,"","","","","",,,,v2,CC BY-NC 4.0
IN140,Medha Hosting Data Center,Medha Cloud,enterprise,operating,low,"Listed in the Data Center Map directory only; no independent source was found. No published IT load; the capacity used is modelled. Open issue: [existence] No independent trace beyond the Data Center Map listing (checked 30 Sep 2026): DCM address is a residential BTM 2nd Stage plot. medhacloud.com lists only offices (Bangalore 560083, Wyoming) and claims no own DC; likely a reseller.",not published: modelled,"No current (live) IT load is published for this facility. The MW used is modelled (class weight x 3.22 MW per weight unit) and is an allocation, not a measurement.",,Bengaluru,Bangalore,Karnataka,Karnataka,locality,Data Center Map directory (datacentermap.com),,,"","","",0,0,"modelled: class weight x MW per weight unit (non-commercial, not anchored)",https://www.datacentermap.com/india/bangalore/medha-hosting/,http://web.archive.org/web/20250523073346/https://www.datacentermap.com/india/bangalore/medha-hosting/,Medha Hosting Data Center - Data Center Map,directory,https://www.medhacloud.com/,https://web.archive.org/web/20260901023026/https://medhacloud.com/,"",operator,directory_only,fetched,"","","Matched by name on DCM city index page (fetched); facility page not opened; no second source sought. | Independent check 30 Sep 2026 (doubtful): DCM address is a residential BTM 2nd Stage plot. medhacloud.com lists only offices (Bangalore 560083, Wyoming) and claims no own DC; likely a reseller.",2026-09-30,none,"","","","","",,,"[existence] No independent trace beyond the Data Center Map listing (checked 30 Sep 2026): DCM address is a residential BTM 2nd Stage plot. medhacloud.com lists only offices (Bangalore 560083, Wyoming) and claims no own DC; likely a reseller.",v2,CC BY-NC 4.0
IN141,MegaHostZone Data Center,MegaHostZone,enterprise,operating,high,"Facility matched on a fetched page, with a second source. No published IT load; the capacity used is modelled. Corrected in this revision (see correction_applied and correction_evidence).",not published: modelled,"No current (live) IT load is published for this facility. The MW used is modelled (class weight x 3.22 MW per weight unit) and is an allocation, not a measurement.",,"Berhampore, Murshidabad",Murshidabad,West Bengal,West Bengal,building,Data Center Map directory (datacentermap.com),,,"","","",3.224,3.224,"modelled: class weight x MW per weight unit (non-commercial, not anchored)",https://www.datacentermap.com/india/murshidabad/megahostzone/,http://archive.today/2026.10.10-143445/https://www.datacentermap.com/india/murshidabad/megahostzone/,MegaHostZone Data Center - Data Center Map,directory,https://www.peeringdb.com/fac/3372,https://web.archive.org/web/20261001050231/https://www.peeringdb.com/fac/3372,"",peeringdb,confirmed,fetched,"","","Listed on DCM city index; facility page not opened (no MW in row). | Independent check 30 Sep 2026 (confirmed): PeeringDB fac 3372: MegaHostZone, 8/5 Kantanagar Rd, Berhampore 742101; small web-hosting firm (1 network) -> enterprise.",2026-09-30,none,"","","","","","dc_type: colocation -> enterprise (small web-hosting firm, not a multi-tenant colocation operator)",https://www.peeringdb.com/fac/3372,,v2,CC BY-NC 4.0
IN142,Meta Jamnagar,Meta,hyperscale,announced (planned),high,"Facility matched on a fetched page, with a second source. No published IT load; the capacity used is modelled.",not published: modelled,"No IT load is published for this facility. The MW used is modelled (class weight x 3.22 MW per weight unit) and is an allocation, not a measurement. Other figures found (not used: not a live IT load, or its measure is not stated): 168 MW other (design/build-out) https://www.datacentermap.com/india/jamnagar/meta-jamnagar/",,RIL Jamnagar complex,Jamnagar,Gujarat,Gujarat,campus,Data Center Map directory (datacentermap.com),,,"","",168 MW other (design/build-out) https://www.datacentermap.com/india/jamnagar/meta-jamnagar/,,32.236,"modelled: class weight x MW per weight unit (commercial, anchored to 1,800 MW)",https://www.datacentermap.com/india/jamnagar/meta-jamnagar/,http://archive.today/2026.10.10-142809/https://www.datacentermap.com/india/jamnagar/meta-jamnagar/,Data Center Map: Meta Jamnagar,directory,https://www.energetica-india.net/news/reliance-to-develop-168-mw-data-centre-for-meta-in-jamnagar-gujarat,https://web.archive.org/web/20261001051514/https://www.energetica-india.net/news/reliance-to-develop-168-mw-data-centre-for-meta-in-jamnagar-gujarat,Reliance to develop 168 MW data centre for Meta in Jamnagar,trade_press,confirmed,fetched,developing 168 MW AI DC,TRUE,Meta/Reliance 168 MW lease/build per trade press; announced. (matched on fetched DCM city index; facility page itself not opened.),2026-09-30,name+location,Reliance Communications Jamnagar Campus,planned,Planned,Hyperscale (100-999 MW),https://www.datacenterdynamics.com/en/news/meta-inks-deal-for-168mw-of-data-center-space-at-new-reliance-industries-data-center-in-gujarat-india/ https://datacenters.atmeta.com/2026/06/bringing-ai-enabled-infrastructure-to-india/ https://about.fb.com/news/2026/06/meta-partners-with-reliance-on-ai-enabled-data-center-in-india/ https://www.ril.com/sites/default/files/2026-06/10062026_MR_Reliance_and_Meta_to_Develop_AI-Enabled_Data_Centre_in_Jamnagar_Gujarat.pdf,,,,v2,CC BY-NC 4.0
IN143,Micronova Data Center,Micronova Infotex Pvt Ltd,enterprise,operating,medium,"Listed in Data Center Map; the operator confirms a data centre in this city, but not this exact building. No published IT load; the capacity used is modelled.",not published: modelled,"No current (live) IT load is published for this facility. The MW used is modelled (class weight x 3.22 MW per weight unit) and is an allocation, not a measurement.",,Bengaluru,Bangalore,Karnataka,Karnataka,locality,Data Center Map directory (datacentermap.com),,,"","","",3.224,3.224,"modelled: class weight x MW per weight unit (non-commercial, not anchored)",https://www.datacentermap.com/india/bangalore/micronova-infotex/,http://web.archive.org/web/20241114075323/https://www.datacentermap.com/india/bangalore/micronova-infotex/,Micronova Data Center - Data Center Map,directory,https://datacenterhawk.com/marketplace/providers/micronova/17-bull-temple-road/1064232,https://web.archive.org/web/20250211084541/https://datacenterhawk.com/marketplace/providers/micronova/17-bull-temple-road/1064232,"",directory,partial,fetched,"","","Matched by name on DCM city index page (fetched); facility page not opened; no second source sought. | Independent check 30 Sep 2026 (likely): Datacenterhawk lists Micronova facility at #17 Bull Temple Road (ISP since 2012; colo/hosting), no leasable power. Small ISP/hosting room in city building.",2026-09-30,none,"","","","","",,,,v2,CC BY-NC 4.0
IN144,Microsoft HYD01,Microsoft,hyperscale,under construction,medium,"Listed in Data Center Map; the operator confirms a data centre in this city, but not this exact building. No published IT load; the capacity used is modelled.",not published: modelled,"No IT load is published for this facility. The MW used is modelled (class weight x 3.22 MW per weight unit) and is an allocation, not a measurement.",,Hyderabad,Mahbubnagar,Andhra Pradesh,Telangana,campus,Data Center Map directory (datacentermap.com),,,"","","",,32.236,"modelled: class weight x MW per weight unit (commercial, anchored to 1,800 MW)",https://www.datacentermap.com/india/hyderabad/microsoft-mekaguda/,https://web.archive.org/web/20250524092222/https://www.datacentermap.com/india/hyderabad/microsoft-mekaguda/,Microsoft HYD01 - Data Center Map,directory,https://baxtel.com/data-center/microsoft-hyd01,https://web.archive.org/web/20261001032142/https://baxtel.com/data-center/microsoft-hyd01,"",directory,partial,fetched,"","","DCM index lists 'Microsoft HYD01 Campus' (microsoft-mekaguda) plus HYD01 Building 1/2 pages; row is campus-level or ambiguous. | Independent check 30 Sep 2026 (likely): Baxtel: Microsoft HYD01, Mekaguda village (509228), 22 acres, bought 2022, under construction, completion 2025-26. No Microsoft source (does not publish sites).",2026-09-30,same operator,Microsoft HYD01 Campus,operating,Under Construction/Operational,Large (10-99 MW),https://news.microsoft.com/source/asia/features/microsofts-newest-india-datacenter-region-goes-live-to-power-the-countrys-ai-economy-and-enable-frontier-firms/,,,,v2,CC BY-NC 4.0
IN145,Microsoft HYD04,Microsoft,hyperscale,operating,high,"Facility matched on a fetched page, with a second source. No published IT load; the capacity used is modelled.",not published: modelled,"No current (live) IT load is published for this facility. The MW used is modelled (class weight x 3.22 MW per weight unit) and is an allocation, not a measurement.",,Hyderabad,Mahbubnagar,Andhra Pradesh,Telangana,campus,Data Center Map directory (datacentermap.com),,,"","","",32.236,32.236,"modelled: class weight x MW per weight unit (commercial, anchored to 1,800 MW)",https://www.datacentermap.com/india/hyderabad/microsoft-hyd04/,http://web.archive.org/web/20250321202645/https://www.datacentermap.com/india/hyderabad/microsoft-hyd04/,Microsoft HYD04 - Data Center Map,directory,https://baxtel.com/data-center/microsoft-hyd-04,https://web.archive.org/web/20261001032333/https://baxtel.com/data-center/microsoft-hyd-04,"",baxtel,confirmed,fetched,"","","Matched by name on DCM city index page (fetched); facility page not opened; no second source sought. | Independent check 30 Sep 2026 (confirmed): Baxtel: Microsoft HYD 04 Shadnagar, fully operational, built 2025; India South Central region GA 6 Aug 2026 incl. Shadnagar site.",2026-09-30,same operator,Microsoft HYD04 Campus — operating phase,operating,Operational,Large (10-99 MW),https://news.microsoft.com/source/asia/features/microsofts-newest-india-datacenter-region-goes-live-to-power-the-countrys-ai-economy-and-enable-frontier-firms/,,,,v2,CC BY-NC 4.0
IN146,Microsoft HYD11 - Building 1,Microsoft,hyperscale,operating,medium,"Listed in Data Center Map; the operator confirms a data centre in this city, but not this exact building. No published IT load; the capacity used is modelled.",not published: modelled,"No current (live) IT load is published for this facility. The MW used is modelled (class weight x 3.22 MW per weight unit) and is an allocation, not a measurement.",,Hyderabad,Rangareddy,Andhra Pradesh,Telangana,campus,Data Center Map directory (datacentermap.com),,,"","","",32.236,32.236,"modelled: class weight x MW per weight unit (commercial, anchored to 1,800 MW)",https://www.datacentermap.com/india/hyderabad/microsoft-hyd11-building-1/,http://web.archive.org/web/20250208010921/https://www.datacentermap.com/india/hyderabad/microsoft-hyd11-building-1/,Microsoft HYD11 - Building 1 - Data Center Map,directory,https://www.ocolo.io/colocation/microsoft-azure/hyderabad-hyd11/,http://archive.today/2026.10.02-155554/https://www.ocolo.io/colocation/microsoft-azure/hyderabad-hyd11/,"",directory,partial,fetched,"","","Matched by name on DCM city index page (fetched); facility page not opened; no second source sought. | Independent check 30 Sep 2026 (likely): Ocolo lists Microsoft HYD11 at 100 Feet Industrial Rd, Chandanvelly. Indian Infrastructure 7 Aug 2026: Microsoft India South Central (Hyderabad) region launched. Building 1 not separately named.",2026-09-30,same operator,Microsoft HYD11 Campus,operating,Operational,Hyperscale (100-999 MW),https://news.microsoft.com/source/asia/features/microsofts-newest-india-datacenter-region-goes-live-to-power-the-countrys-ai-economy-and-enable-frontier-firms/,,,,v2,CC BY-NC 4.0
IN147,Microsoft HYD11 - Building 2,Microsoft,hyperscale,under construction,medium,"Listed in Data Center Map; the operator confirms a data centre in this city, but not this exact building. No published IT load; the capacity used is modelled.",not published: modelled,"No IT load is published for this facility. The MW used is modelled (class weight x 3.22 MW per weight unit) and is an allocation, not a measurement.",,Hyderabad,Rangareddy,Andhra Pradesh,Telangana,campus,Data Center Map directory (datacentermap.com),,,"","","",,32.236,"modelled: class weight x MW per weight unit (commercial, anchored to 1,800 MW)",https://www.datacentermap.com/india/hyderabad/microsoft-hyd11-building-2/,http://web.archive.org/web/20250208000510/https://www.datacentermap.com/india/hyderabad/microsoft-hyd11-building-2/,Microsoft HYD11 - Building 2 - Data Center Map,directory,https://baxtel.com/data-center/microsoft-hyd11-bldg-2,https://web.archive.org/web/20261001032606/https://baxtel.com/data-center/microsoft-hyd11-bldg-2,"",directory,partial,fetched,"","","Matched by name on DCM city index page (fetched); facility page not opened; no second source sought. | Independent check 30 Sep 2026 (likely): Baxtel: HYD11 Bldg 2, Chandanvelly campus (501503), under construction, completion 2026; Microsoft bought 52 acres there (2022).",2026-09-30,same operator,Microsoft HYD11 Campus,operating,Operational,Hyperscale (100-999 MW),https://news.microsoft.com/source/asia/features/microsofts-newest-india-datacenter-region-goes-live-to-power-the-countrys-ai-economy-and-enable-frontier-firms/,,,,v2,CC BY-NC 4.0
IN148,Microsoft Pune - Bhosari,Microsoft,hyperscale,under construction,high,"Facility matched on a fetched page, with a second source. No published IT load; the capacity used is modelled.",not published: modelled,"No IT load is published for this facility. The MW used is modelled (class weight x 3.22 MW per weight unit) and is an allocation, not a measurement.",,"Bhosari, Pune",Pune,Maharashtra,Maharashtra,locality,Data Center Map directory (datacentermap.com),,,"","","",,32.236,"modelled: class weight x MW per weight unit (commercial, anchored to 1,800 MW)",https://www.datacentermap.com/india/pune/microsoft-pune-bhosari/,https://web.archive.org/web/20241111103108/https://www.datacentermap.com/india/pune/microsoft-pune-bhosari/,Microsoft Pune - Bhosari - Data Center Map,directory,https://baxtel.com/data-center/microsoft-pune-bhosari,https://web.archive.org/web/20261001021727/https://baxtel.com/data-center/microsoft-pune-bhosari,"",directory,confirmed,fetched,"","","Matched by name on DCM city index page (fetched); facility page itself not opened; status not read. | Independent check 30 Sep 2026 (confirmed): Baxtel: Microsoft Pune Bhosari, PCMC 411026, new facility under construction (2026), one of two sites in Pimpri-Chinchwad industrial area (other = Pimpri, IN149).",2026-09-30,same operator,Microsoft Maharashtra,planned,Under Construction,Large (10-99 MW),https://environmentclearance.nic.in/state/Form_8A_PDF.aspx?pid=202712&prono=SIA%2FMH%2FMIS%2F270299%2F2022,,,,v2,CC BY-NC 4.0
IN150,Multify Solutions Pvt Ltd,Multify Solutions Pvt Ltd,enterprise,operating,high,"Facility matched on a fetched page, with a second source. No published IT load; the capacity used is modelled.",not published: modelled,"No current (live) IT load is published for this facility. The MW used is modelled (class weight x 3.22 MW per weight unit) and is an allocation, not a measurement.",,"Anupam Nagar, Raipur",Raipur,Chattisgarh,Chattisgarh,locality,Data Center Map directory (datacentermap.com),,,"","","",3.224,3.224,"modelled: class weight x MW per weight unit (non-commercial, not anchored)",https://www.datacentermap.com/india/raipur/multify-solutions-pvt-ltd/,http://archive.today/2026.10.02-163242/https://www.datacentermap.com/india/raipur/multify-solutions-pvt-ltd/,Data Center Map: Multify Solutions Pvt Ltd,directory,"","","","",confirmed,fetched,"","","Listed on DCM Raipur index; no status/MW text. Raipur city, Chhattisgarh. (matched on fetched DCM city index; facility page itself not opened.)",2026-09-30,none,"","","","","",,,,v2,CC BY-NC 4.0
IN151,NES Data Hinjewadi,NES Data,colocation,announced (planned),high,"Facility matched on a fetched page, with a second source. Capacity: land deal is an MoU; existing NES facility is 4 MW. Corrected in this revision (see correction_applied and correction_evidence).","reported, but uncertain (see mw_note)",Basis: current blank MW: nothing is live at NES Hinjewadi (land MoU Aug 2026); 60 MW is build-out only (updated 30 Sep 2026). Caution: land deal is an MoU; existing NES facility is 4 MW.,,"Rajiv Gandhi Infotech Park, Hinjewadi, Pune",Pune,Maharashtra,Maharashtra,campus,Data Center Map directory (datacentermap.com),,60,current blank MW: nothing is live at NES Hinjewadi (land MoU Aug 2026); 60 MW is build-out only (updated 30 Sep 2026),land deal is an MoU; existing NES facility is 4 MW,60 MW IT load (design/build-out) https://www.datacentermap.com/india/pune/nes-data-hinjewadi/; 4 MW other (current) https://www.constructionworld.in/policy-updates-and-economic-news/tcc-concept-plans-60-mw-data-centre-campus-in-pune/95832; 100 MW other (design/build-out) https://www.constructionworld.in/policy-updates-and-economic-news/tcc-concept-plans-60-mw-data-centre-campus-in-pune/95832,,60,"modelled: class weight x MW per weight unit (commercial, anchored to 1,800 MW)",https://www.datacentermap.com/india/pune/nes-data-hinjewadi/,http://archive.today/2026.10.10-143536/https://www.datacentermap.com/india/pune/nes-data-hinjewadi/,NES Data Hinjewadi - Data Center Map,directory,https://www.constructionworld.in/policy-updates-and-economic-news/tcc-concept-plans-60-mw-data-centre-campus-in-pune/95832,https://web.archive.org/web/20261001022035/https://www.constructionworld.in/policy-updates-and-economic-news/tcc-concept-plans-60-mw-data-centre-campus-in-pune/95832,TCC Concept plans 60 MW data centre campus in Pune (Construction World),trade_press,confirmed,fetched,Planned/proposed; land MoU subject to due diligence,TRUE,"Developer is TCC Concept Ltd (NES Data parent); land deal not yet definitive, so status could be 'proposed'. Our current=60 overstates live capacity (0 for the new campus).",2026-09-30,same operator,NES Data Hinjawadi 60 MW Campus,planned,Site Acquisition,Large (10-99 MW),https://tccltd.in/investor-relations/disclosers-under-regulation-30/ https://bazaarwatch.com/announcement/43670/tcc-concept-limited-press-release https://www.datacenterdynamics.com/en/news/tcc-concept-limiteds-data-center-subsidiary-could-develop-60mw-data-center-in-pune-india/ https://www.google.com/maps/search/Rajiv%20Gandhi%20Infotech%20Park%20Pune%20India%20411057,mw_reported: 60 ->  (nothing is live at NES Hinjewadi (land MoU Aug 2026); 60 MW is build-out only),https://nsearchives.nseindia.com/corporate/TCCLTD_04082026185328_Intimation_of_Press_Release.pdf,,v2,CC BY-NC 4.0
IN152,NTT Balaji IT Park,"NTT DATA, Inc.",colocation,announced (planned),high,"Facility matched on a fetched page, with a second source. No published IT load; the capacity used is modelled.",not published: modelled,"No IT load is published for this facility. The MW used is modelled (class weight x 3.22 MW per weight unit) and is an allocation, not a measurement.",,Mumbai,Mumbai Suburban,Maharashtra,Maharashtra,locality,Data Center Map directory (datacentermap.com),,,"","","",,9.671,"modelled: class weight x MW per weight unit (commercial, anchored to 1,800 MW)",https://www.datacentermap.com/india/mumbai/ntt-balaji-it-park/,http://archive.today/2026.10.10-143204/https://www.datacentermap.com/india/mumbai/ntt-balaji-it-park/,NTT Balaji IT Park - Data Center Map,directory,https://www.datacenterdynamics.com/en/news/ntt-acquires-business-park-site-in-mumbai-india/,https://web.archive.org/web/20250610203253/https://www.datacenterdynamics.com/en/news/ntt-acquires-business-park-site-in-mumbai-india/,"",trade_press,confirmed,fetched,"","","Matched by name on DCM city index page (fetched); facility page itself not opened; status not read. | Independent check 30 Sep 2026 (confirmed): DCD 8 Jun 2025: NTT GDC bought Balaji IT Park, Andheri (2.39 ac, 3 bldgs, Rs855 cr). DCM: land banked. No build start found.",2026-09-30,same operator,NTT Chandivali Campus,operating,Operational,Hyperscale (100-999 MW),https://www.datacenterdynamics.com/en/news/ntt-gdc-acquires-11-story-data-center-in-it-park-in-mumbai-india/ https://services.global.ntt/en-us/services-and-products/global-data-centers/global-locations/india/mumbai-5-data-center,,,,v2,CC BY-NC 4.0
IN153,NTT Bengaluru 2,NTT GDC,colocation,operating,high,"Facility matched on a fetched page, with a second source. Corrected in this revision (see correction_applied and correction_evidence).",reported IT load,Basis: current 4.5 MW: NTT facility page: critical IT load (updated 30 Sep 2026).,,"Electronic City, Bengaluru",Bangalore,Karnataka,Karnataka,building,operator census (operator's own facility list),4.5,,current 4.5 MW: NTT facility page: critical IT load (updated 30 Sep 2026),"",4.5 MW IT load (current) https://services.global.ntt/en-us/services-and-products/global-data-centers/global-locations/india/bengaluru-2-data-center; 7.5 MW total power (current) https://services.global.ntt/en-us/services-and-products/global-data-centers/global-locations/india/bengaluru-2-data-center; 4.5 MW IT (current) https://services.global.ntt/en-us/services-and-products/global-data-centers/global-locations/india/bengaluru-2-data-center,4.5,4.5,reported (see mw_basis),https://services.global.ntt/en-us/services-and-products/global-data-centers/global-locations/india/bengaluru-2-data-center,https://web.archive.org/web/20261001000437/https://services.global.ntt/en-us/services-and-products/global-data-centers/global-locations/india/bengaluru-2-data-center,NTT GDC Bengaluru 2,operator,https://www.datacentermap.com/india/bangalore/ntt-bangalore2/,http://web.archive.org/web/20250316224604/https://www.datacentermap.com/india/bangalore/ntt-bangalore2/,GDC - Bengaluru 2 Data Center (DCM; index page fetched),directory,confirmed,fetched,Operational (page lists it as live facility),TRUE,"NTT page fetched. DCM individual page not fetched (index only, 4.5 MW). | Double-check 30 Sep 2026 (sources support: yes; exists: confirmed): MW blank but operator publishes 4.5 MW IT (7.5 MW facility) - could be filled. Data Center Map listing: https://www.datacentermap.com/india/bangalore/ntt-bangalore2/",2026-09-30,same operator,NTT DC2,operating,Operational,Small (<10 MW),"",mw_reported: blank -> 4.5 (NTT facility page: critical IT load),https://services.global.ntt/en-us/services-and-products/global-data-centers/global-locations/india/bengaluru-2-data-center,,v2,CC BY-NC 4.0
IN154,NTT Bengaluru 3,NTT GDC,colocation,operating,high,"Facility matched on a fetched page, with a second source. Corrected in this revision (see correction_applied and correction_evidence).",reported IT load,Basis: current 12 MW: operator: 12 MW critical IT load; build-out 12 MW: operator: 12 MW critical IT load (updated 30 Sep 2026).,,"Whitefield, Bengaluru",Bangalore,Karnataka,Karnataka,campus,operator census (operator's own facility list),12,12,current 12 MW: operator: 12 MW critical IT load; build-out 12 MW: operator: 12 MW critical IT load (updated 30 Sep 2026),"",12 MW IT load (current) https://services.global.ntt/en-us/services-and-products/global-data-centers/global-locations/india/bengaluru-3-data-center; 20 MW MVA (current) https://services.global.ntt/en-us/services-and-products/global-data-centers/global-locations/india/bengaluru-3-data-center; 12 MW IT (current) https://services.global.ntt/en-us/services-and-products/global-data-centers/global-locations/india/bengaluru-3-data-center; 12 MW IT (build-out) https://services.global.ntt/en-us/services-and-products/global-data-centers/global-locations/india/bengaluru-3-data-center,12,12,reported (see mw_basis),https://services.global.ntt/en-us/services-and-products/global-data-centers/global-locations/india/bengaluru-3-data-center,https://web.archive.org/web/20261001000549/https://services.global.ntt/en-us/services-and-products/global-data-centers/global-locations/india/bengaluru-3-data-center,NTT GDC Bengaluru 3,operator,https://www.datacentermap.com/india/bangalore/ntt-bengaluru-3/,http://web.archive.org/web/20241104014445/https://www.datacentermap.com/india/bangalore/ntt-bengaluru-3/,GDC - Bengaluru 3 Data Center (DCM; index page fetched),directory,confirmed,fetched,Operational,TRUE,DCM index agrees at 12 MW. Location: NTT page says Whitefield; DCM text for Bengaluru 2 says Electronic City. | Double-check 30 Sep 2026 (sources support: yes; exists: confirmed): Operator and DCM both state 12 MW critical IT load; DCM address Kajisonnenehali/Bidrahalli (Whitefield area). Data Center Map listing: https://www.datacentermap.com/india/bangalore/ntt-bengaluru-3/,2026-09-30,same operator,NTT DC2,operating,Operational,Small (<10 MW),"",mw_reported: blank -> 12 (operator: 12 MW critical IT load) | mw_reported_buildout: blank -> 12 (operator: 12 MW critical IT load),https://services.global.ntt/en-us/services-and-products/global-data-centers/global-locations/india/bengaluru-3-data-center,,v2,CC BY-NC 4.0
IN156,NTT Chennai 1,NTT GDC,colocation,operating,high,"Facility matched on a fetched page, with a second source. Corrected in this revision (see correction_applied and correction_evidence).",reported IT load,Basis: current 2 MW: NTT facility page: critical IT load (updated 30 Sep 2026).,,"Poonamallee / Velappanchavadi, Chennai",Thiruvallur,Tamil Nadu,Tamil Nadu,building,operator census (operator's own facility list),2,,current 2 MW: NTT facility page: critical IT load (updated 30 Sep 2026),"",2 MW IT load (current) https://services.global.ntt/en-us/services-and-products/global-data-centers/global-locations/india/chennai-1-data-center; 2 MW IT (current) https://services.global.ntt/en-us/services-and-products/global-data-centers/global-locations/india/chennai-1-data-center,2,2,reported (see mw_basis),https://services.global.ntt/en-us/services-and-products/global-data-centers/global-locations/india/chennai-1-data-center,https://web.archive.org/web/20260616114410/https://services.global.ntt/en-us/services-and-products/global-data-centers/global-locations/india/chennai-1-data-center,NTT GDC Chennai 1,operator,https://www.datacentermap.com/india/chennai/netmagic-chennai/,https://web.archive.org/web/20240227194306/https://www.datacentermap.com/india/chennai/netmagic-chennai/,GDC - Chennai 1 Data Center (DCM; index page fetched),directory,confirmed,fetched,Operational,TRUE,Ex-Netmagic facility. DCM individual page not fetched. | Double-check 30 Sep 2026 (sources support: yes; exists: confirmed): NTT and DCM both state 2 MW critical IT load; our MW blank -> could fill 2 MW IT. DCM listing exists (duplicate risk). Data Center Map listing: https://www.datacentermap.com/india/chennai/netmagic-chennai/,2026-09-30,same operator,NTT DC1,operating,Operational,Small (<10 MW),"",mw_reported: blank -> 2 (NTT facility page: critical IT load),https://services.global.ntt/en-us/services-and-products/global-data-centers/global-locations/india/chennai-1-data-center,,v2,CC BY-NC 4.0
IN157,NTT Chennai 2,NTT GDC,colocation,operating,high,"Facility matched on a fetched page, with a second source. Corrected in this revision (see correction_applied and correction_evidence).",reported IT load,"Basis: live IT load of building A (17.4 MW, operating since Apr 2023); building B (17.4 MW) is row IN110, under construction.",,"Ambattur, Chennai",Thiruvallur,Tamil Nadu,Tamil Nadu,building,operator census (operator's own facility list),17.4,17.4,"live IT load of building A (17.4 MW, operating since Apr 2023); building B (17.4 MW) is row IN110, under construction","",34.8 MW IT load (design/build-out) https://services.global.ntt/en-us/services-and-products/global-data-centers/global-locations/india/chennai-2-data-center; 17.4 MW IT load (current) https://www.datacenterdynamics.com/en/news/ntt-launches-hyperscale-campus-in-chennai-india/; 17.4 MW IT load (design/build-out) https://www.datacentermap.com/india/chennai/ntt-chennai-2/,17.4,17.4,reported (see mw_basis),https://services.global.ntt/en-us/services-and-products/global-data-centers/global-locations/india/chennai-2-data-center,https://web.archive.org/web/20261001000703/https://services.global.ntt/en-us/services-and-products/global-data-centers/global-locations/india/chennai-2-data-center,NTT GDC Chennai 2,operator,https://www.datacenterdynamics.com/en/news/ntt-launches-hyperscale-campus-in-chennai-india/,https://web.archive.org/web/20241005131405/https://www.datacenterdynamics.com/en/news/ntt-launches-hyperscale-campus-in-chennai-india/,"NTT launches hyperscale campus in Chennai, India (DCD)",directory,confirmed,fetched,Building A operational April 2023 (operator); campus launched June 2023 (DCD); Building B planned,TRUE,"34.8 = full two-building build-out (design), not live; live is 17.4 MW (Building A). Our mw_reported 34.8 overstates current by 17.4 MW. | Double-check 30 Sep 2026 (sources support: yes; exists: confirmed): Correction to 17.4 MW is supported. DCM also has campus page ntt-chennai-2 and gdc-chennai-2b. Data Center Map listing: https://www.datacentermap.com/india/chennai/gdc-chennai-2a/",2026-09-30,same operator,NTT Chennai Campus,operating,Operational/Under Construction,Large (10-99 MW),"","mw_reported: 34.8 -> 17.4 (only building A (17.4 MW) is live; building B is row IN110) | mw_reported_buildout: 34.8 -> 17.4 (building B is carried by row IN110 (17.4 MW), so the 34.8 MW campus figure double-counted it)",https://www.datacentermap.com/india/chennai/ntt-chennai-2/ https://www.datacentermap.com/india/chennai/gdc-chennai-2b/,,v2,CC BY-NC 4.0
IN158,NTT Kolkata 1,NTT GDC,colocation,operating,high,"Facility matched on a fetched page, with a second source. Corrected in this revision (see correction_applied and correction_evidence).",reported IT load,Basis: current 6.4 MW: NTT facility page: critical IT load (first building) (updated 30 Sep 2026).,,"New Town (Bengal Silicon Valley), Kolkata",North Twenty Four Parganas,West Bengal,West Bengal,campus,operator census (operator's own facility list),6.4,,current 6.4 MW: NTT facility page: critical IT load (first building) (updated 30 Sep 2026),"",25 MW IT load (design/build-out) https://services.global.ntt/en-us/services-and-products/global-data-centers/global-locations/india/kolkata-1-data-center; 6.4 MW IT load (current) https://services.global.ntt/en-us/services-and-products/global-data-centers/global-locations/india/kolkata-1-data-center; 40 MW other (design/build-out) https://datacenterdynamics.com/en/news/ntt-launches-kolkata-data-center-campus-in-west-bengal-india; 6 MW IT load (current) https://datacenterdynamics.com/en/news/ntt-launches-kolkata-data-center-campus-in-west-bengal-india; 6.4 MW IT (current) https://services.global.ntt/en-us/services-and-products/global-data-centers/global-locations/india/kolkata-1-data-center,6.4,6.4,reported (see mw_basis),https://services.global.ntt/en-us/services-and-products/global-data-centers/global-locations/india/kolkata-1-data-center,https://web.archive.org/web/20261001000829/https://services.global.ntt/en-us/services-and-products/global-data-centers/global-locations/india/kolkata-1-data-center,NTT GDC Kolkata 1,operator,https://datacenterdynamics.com/en/news/ntt-launches-kolkata-data-center-campus-in-west-bengal-india,https://web.archive.org/web/20261001000855/https://www.datacenterdynamics.com/en/news/ntt-launches-kolkata-data-center-campus-in-west-bengal-india/,NTT launches Kolkata data center campus (DCD),directory,confirmed,fetched,Operational (first building KOL1-A; launched Feb 2025 per DCD),TRUE,"Conflict: operator 25+ MW IT full build-out (first bldg 6.4 MW) vs DCD 40 MW campus (first bldg 6 MW IT/9 MW facility). Our row has no MW. | Double-check 30 Sep 2026 (sources support: yes; exists: confirmed): MW blank; NTT: KOL1-A planned 6.4 MW IT, campus 25+ MW; DCD: 6 MW IT initial. Could be filled. Data Center Map listing: https://www.datacentermap.com/india/kolkata/gdc-kolkata-1-data-center/",2026-09-30,same operator,NTT Kolkata Campus,operating,Partially Operational,Large (10-99 MW),https://www.datacenterdynamics.com/en/news/ntt-launches-kolkata-data-center-campus-in-west-bengal-india/,mw_reported: blank -> 6.4 (NTT facility page: critical IT load (first building)),https://services.global.ntt/en-us/services-and-products/global-data-centers/global-locations/india/kolkata-1-data-center,,v2,CC BY-NC 4.0
IN159,NTT Mumbai 5,NTT GDC,colocation,operating,high,"Facility matched on a fetched page, with a second source. Corrected in this revision (see correction_applied and correction_evidence).",reported IT load,Basis: current 12.5 MW: NTT facility page: critical IT load (updated 30 Sep 2026).,,"Chandivali (Hiranandani Business Park), Mumbai",Mumbai Suburban,Maharashtra,Maharashtra,building,operator census (operator's own facility list),12.5,,current 12.5 MW: NTT facility page: critical IT load (updated 30 Sep 2026),"",12.5 MW IT load (current) https://services.global.ntt/en-us/services-and-products/global-data-centers/global-locations/india/mumbai-5-data-center; 12.5 MW IT load (current) https://www.datacentermap.com/india/mumbai/ntt-mumbai5/; 12.5 MW IT (current) https://services.global.ntt/en-us/services-and-products/global-data-centers/global-locations/india/mumbai-5-data-center,12.5,12.5,reported (see mw_basis),https://services.global.ntt/en-us/services-and-products/global-data-centers/global-locations/india/mumbai-5-data-center,https://web.archive.org/web/20261001000932/https://services.global.ntt/en-us/services-and-products/global-data-centers/global-locations/india/mumbai-5-data-center,NTT GDC Mumbai 5,operator,https://www.datacentermap.com/india/mumbai/ntt-mumbai5/,https://web.archive.org/web/20241006173704/https://www.datacentermap.com/india/mumbai/ntt-mumbai5/,GDC - Mumbai 5 Data Center (DCM),directory,confirmed,fetched,Operational,TRUE,"Consistent across both sources. | Double-check 30 Sep 2026 (sources support: yes; exists: confirmed): MW blank in table but operator and DCM both give 12.5 MW critical IT load (Lighthall C Wing, Hiranandani Business Park); consider filling 12.5/12.5. Data Center Map listing: https://www.datacentermap.com/india/mumbai/ntt-mumbai5/",2026-09-30,same operator,NTT Chandivali Campus,operating,Operational,Hyperscale (100-999 MW),https://www.datacenterdynamics.com/en/news/ntt-gdc-acquires-11-story-data-center-in-it-park-in-mumbai-india/ https://services.global.ntt/en-us/services-and-products/global-data-centers/global-locations/india/mumbai-5-data-center,mw_reported: blank -> 12.5 (NTT facility page: critical IT load),https://services.global.ntt/en-us/services-and-products/global-data-centers/global-locations/india/mumbai-5-data-center,,v2,CC BY-NC 4.0
IN160,NTT Mumbai 6,NTT GDC,colocation,operating,high,"Facility matched on a fetched page, with a second source. Corrected in this revision (see correction_applied and correction_evidence).",reported IT load,Basis: current 19.2 MW: NTT facility page: critical IT load (updated 30 Sep 2026).,,"Andheri (E) / Saki Vihar, Mumbai",Mumbai Suburban,Maharashtra,Maharashtra,locality,operator census (operator's own facility list),19.2,,current 19.2 MW: NTT facility page: critical IT load (updated 30 Sep 2026),"",19.2 MW IT load (current) https://services.global.ntt/en-us/services-and-products/global-data-centers/global-locations/india/mumbai-6-data-center; 19.2 MW IT load (current) https://www.datacentermap.com/india/mumbai/netmagic-andheri/; 19.2 MW IT (current) https://services.global.ntt/en-us/services-and-products/global-data-centers/global-locations/india/mumbai-6-data-center,19.2,19.2,reported (see mw_basis),https://services.global.ntt/en-us/services-and-products/global-data-centers/global-locations/india/mumbai-6-data-center,https://web.archive.org/web/20261001001005/https://services.global.ntt/en-us/services-and-products/global-data-centers/global-locations/india/mumbai-6-data-center,NTT GDC Mumbai 6,operator,https://www.datacentermap.com/india/mumbai/netmagic-andheri/,https://web.archive.org/web/20241016011638/https://www.datacentermap.com/india/mumbai/netmagic-andheri/,GDC - Mumbai 6 Data Center (DCM),directory,confirmed,fetched,Operational,TRUE,"Operator page says Chandivali, DCM says Mehra Centre, Andheri (E), both Saki Vihar area. | Double-check 30 Sep 2026 (sources support: yes; exists: confirmed): NTT states 19.2 MW critical IT load; our MW blank -> could fill 19.2. DCM listing exists (duplicate risk). Data Center Map listing: https://www.datacentermap.com/india/mumbai/netmagic-andheri/",2026-09-30,same operator,NTT Chandivali Campus,operating,Operational,Hyperscale (100-999 MW),https://www.datacenterdynamics.com/en/news/ntt-gdc-acquires-11-story-data-center-in-it-park-in-mumbai-india/ https://services.global.ntt/en-us/services-and-products/global-data-centers/global-locations/india/mumbai-5-data-center,mw_reported: blank -> 19.2 (NTT facility page: critical IT load),https://services.global.ntt/en-us/services-and-products/global-data-centers/global-locations/india/mumbai-6-data-center,,v2,CC BY-NC 4.0
IN161,NTT Mumbai 7,NTT GDC,colocation,operating,high,"Facility matched on a fetched page, with a second source. Corrected in this revision (see correction_applied and correction_evidence).",reported IT load,Basis: current 25.6 MW: NTT facility page: critical IT load (updated 30 Sep 2026).,,"Chandivali (Hiranandani Business Park), Mumbai",Mumbai Suburban,Maharashtra,Maharashtra,building,operator census (operator's own facility list),25.6,,current 25.6 MW: NTT facility page: critical IT load (updated 30 Sep 2026),"",25.6 MW IT load (current) https://services.global.ntt/en-us/services-and-products/global-data-centers/global-locations/india/mumbai-7-data-center; 35 MW total power (current) https://cm.euprod.services.global.ntt/-/media/ntt/global/insights-and-resources/brochures/br_gdc_apac_mumbai-7_v2.pdf; 25.6 MW IT (current) https://services.global.ntt/en-us/services-and-products/global-data-centers/global-locations/india/mumbai-7-data-center,25.6,25.6,reported (see mw_basis),https://services.global.ntt/en-us/services-and-products/global-data-centers/global-locations/india/mumbai-7-data-center,https://web.archive.org/web/20261001001117/https://services.global.ntt/en-us/services-and-products/global-data-centers/global-locations/india/mumbai-7-data-center,NTT GDC Mumbai 7,operator,https://www.datacentermap.com/india/mumbai/ntt-mumbai-7/,https://web.archive.org/web/20241004031326/https://www.datacentermap.com/india/mumbai/ntt-mumbai-7/,GDC - Mumbai 7 (DCM; index page fetched),directory,confirmed,fetched,Operational,TRUE,Brochure PDF (NTT) gives 25.6 MW IT / 35 MW facility power. | Double-check 30 Sep 2026 (sources support: yes; exists: confirmed): MW left blank although operator publishes 25.6 MW IT load; could be filled. Data Center Map listing: https://www.datacentermap.com/india/mumbai/ntt-mumbai-7/,2026-09-30,same operator,NTT Chandivali Campus,operating,Operational,Hyperscale (100-999 MW),https://www.datacenterdynamics.com/en/news/ntt-gdc-acquires-11-story-data-center-in-it-park-in-mumbai-india/ https://services.global.ntt/en-us/services-and-products/global-data-centers/global-locations/india/mumbai-5-data-center,mw_reported: blank -> 25.6 (NTT facility page: critical IT load),https://services.global.ntt/en-us/services-and-products/global-data-centers/global-locations/india/mumbai-7-data-center,,v2,CC BY-NC 4.0
IN162,NTT Mumbai BSE,NTT GDC,colocation,operating,high,"Facility matched on a fetched page, with a second source. Corrected in this revision (see correction_applied and correction_evidence).",reported IT load,Basis: current 0.3 MW: NTT facility page: critical IT load (updated 30 Sep 2026).,,"Kala Ghoda, Fort, Mumbai",Mumbai,Maharashtra,Maharashtra,building,operator census (operator's own facility list),0.3,,current 0.3 MW: NTT facility page: critical IT load (updated 30 Sep 2026),"",0.3 MW IT load (current) https://services.global.ntt/en-us/services-and-products/global-data-centers/global-locations/india/mumbai-bse-data-center; 1 MW total power (current) https://services.global.ntt/en-us/services-and-products/global-data-centers/global-locations/india/mumbai-bse-data-center; 0.3 MW IT (current) https://services.global.ntt/en-us/services-and-products/global-data-centers/global-locations/india/mumbai-bse-data-center,0.3,0.3,reported (see mw_basis),https://services.global.ntt/en-us/services-and-products/global-data-centers/global-locations/india/mumbai-bse-data-center,https://web.archive.org/web/20261001001214/https://services.global.ntt/en-us/services-and-products/global-data-centers/global-locations/india/mumbai-bse-data-center,NTT GDC Mumbai BSE,operator,https://www.datacentermap.com/india/mumbai/ntt-mumbai-bse/,https://web.archive.org/web/20241111112716/https://www.datacentermap.com/india/mumbai/ntt-mumbai-bse/,GDC - Mumbai 3 Data Center (BSE) (DCM),directory,confirmed,fetched,Operational,TRUE,"DCM calls it Mumbai 3 (BSE). | Double-check 30 Sep 2026 (sources support: yes; exists: confirmed): Operator: 300 kW critical IT, 1 MW facility - could be filled (0.3). Data Center Map listing: https://www.datacentermap.com/india/mumbai/ntt-mumbai-bse/",2026-09-30,same operator,NTT Chandivali Campus,operating,Operational,Hyperscale (100-999 MW),https://www.datacenterdynamics.com/en/news/ntt-gdc-acquires-11-story-data-center-in-it-park-in-mumbai-india/ https://services.global.ntt/en-us/services-and-products/global-data-centers/global-locations/india/mumbai-5-data-center,mw_reported: blank -> 0.3 (NTT facility page: critical IT load),https://services.global.ntt/en-us/services-and-products/global-data-centers/global-locations/india/mumbai-bse-data-center,,v2,CC BY-NC 4.0
IN163,NTT Mumbai Vikhroli IV,NTT GDC,colocation,operating,high,"Facility matched on a fetched page, with a second source. Corrected in this revision (see correction_applied and correction_evidence).",reported IT load,Basis: current 3 MW: NTT facility page: critical IT load (updated 30 Sep 2026).,,"Vikhroli West, Mumbai",Mumbai Suburban,Maharashtra,Maharashtra,campus,operator census (operator's own facility list),3,,current 3 MW: NTT facility page: critical IT load (updated 30 Sep 2026),"",3 MW IT load (current) https://services.global.ntt/en-us/services-and-products/global-data-centers/global-locations/india/mumbai-vikhroli-iv-data-center; 4 MW MVA (current) https://services.global.ntt/en-us/services-and-products/global-data-centers/global-locations/india/mumbai-vikhroli-iv-data-center; 3 MW IT (current) https://services.global.ntt/en-us/services-and-products/global-data-centers/global-locations/india/mumbai-vikhroli-iv-data-center,3,3,reported (see mw_basis),https://services.global.ntt/en-us/services-and-products/global-data-centers/global-locations/india/mumbai-vikhroli-iv-data-center,https://web.archive.org/web/20261001001245/https://services.global.ntt/en-us/services-and-products/global-data-centers/global-locations/india/mumbai-vikhroli-iv-data-center,NTT GDC Mumbai Vikhroli IV,operator,https://www.datacentermap.com/india/mumbai/ntt-vikhroli-iv/,https://web.archive.org/web/20241103165337/https://www.datacentermap.com/india/mumbai/ntt-vikhroli-iv/,GDC - Mumbai 4 Data Center (Vikhroli IV) (DCM),directory,confirmed,fetched,Operational,TRUE,DCM calls it Mumbai 4 (Vikhroli IV). | Double-check 30 Sep 2026 (sources support: yes; exists: confirmed): MW blank in table but operator states 3 MW critical IT load (4 MVA total); DCM 3 MW. Consider filling 3/3. Data Center Map listing: https://www.datacentermap.com/india/mumbai/ntt-vikhroli-iv/,2026-09-30,same operator,NTT Maharashtra,operating,Operational,Small (<10 MW),"",mw_reported: blank -> 3 (NTT facility page: critical IT load),https://services.global.ntt/en-us/services-and-products/global-data-centers/global-locations/india/mumbai-vikhroli-iv-data-center,,v2,CC BY-NC 4.0
IN164,NTT Mumbai Vikhroli,NTT GDC,colocation,operating,high,"Facility matched on a fetched page, with a second source. Corrected in this revision (see correction_applied and correction_evidence).",reported IT load,Basis: current 2.4 MW: NTT facility page: critical IT load (updated 30 Sep 2026).,,"Vikhroli West, Mumbai",Mumbai Suburban,Maharashtra,Maharashtra,building,operator census (operator's own facility list),2.4,,current 2.4 MW: NTT facility page: critical IT load (updated 30 Sep 2026),"",2.4 MW IT load (current) https://services.global.ntt/en-us/services-and-products/global-data-centers/global-locations/india/mumbai-vikhroli-data-center; 6 MW MVA (current) https://services.global.ntt/en-us/services-and-products/global-data-centers/global-locations/india/mumbai-vikhroli-data-center; 2.4 MW IT (current) https://services.global.ntt/en-us/services-and-products/global-data-centers/global-locations/india/mumbai-vikhroli-data-center,2.4,2.4,reported (see mw_basis),https://services.global.ntt/en-us/services-and-products/global-data-centers/global-locations/india/mumbai-vikhroli-data-center,https://web.archive.org/web/20261001002547/https://services.global.ntt/en-us/services-and-products/global-data-centers/global-locations/india/mumbai-vikhroli-data-center,NTT GDC Mumbai Vikhroli,operator,https://www.datacentermap.com/india/mumbai/netmagic-vikhroli/,https://web.archive.org/web/20241204184335/https://www.datacentermap.com/india/mumbai/netmagic-vikhroli/,GDC - Mumbai 2 Data Center (Vikhroli) (DCM),directory,confirmed,fetched,Operational,TRUE,DCM calls it Mumbai 2 (Vikhroli). | Double-check 30 Sep 2026 (sources support: yes; exists: confirmed): NTT states 2.4 MW critical IT (6 MVA total); our MW blank -> could fill 2.4. DCM calls it 'GDC - Mumbai 2 (Vikhroli)'. Data Center Map listing: https://www.datacentermap.com/india/mumbai/netmagic-vikhroli/,2026-09-30,same operator,NTT Chandivali Campus,operating,Operational,Hyperscale (100-999 MW),https://www.datacenterdynamics.com/en/news/ntt-gdc-acquires-11-story-data-center-in-it-park-in-mumbai-india/ https://services.global.ntt/en-us/services-and-products/global-data-centers/global-locations/india/mumbai-5-data-center,mw_reported: blank -> 2.4 (NTT facility page: critical IT load),https://services.global.ntt/en-us/services-and-products/global-data-centers/global-locations/india/mumbai-vikhroli-data-center,,v2,CC BY-NC 4.0
IN165,NTT Navi Mumbai (NAV1),NTT GDC,colocation,operating,high,"Facility matched on a fetched page, with a second source. Corrected in this revision (see correction_applied and correction_evidence).",reported IT load,Basis: current 30 MW: NTT facility page: critical IT load; build-out 60.4 MW: NTT: NAV1A 30 MW + NAV1B 30.4 MW IT (updated 30 Sep 2026).,,Navi Mumbai (Rabale/Airoli area),Thane,Maharashtra,Maharashtra,campus,operator census (operator's own facility list),30,60.4,current 30 MW: NTT facility page: critical IT load; build-out 60.4 MW: NTT: NAV1A 30 MW + NAV1B 30.4 MW IT (updated 30 Sep 2026),"",30 MW IT load (current) https://services.global.ntt/en-us/services-and-products/global-data-centers/global-locations/india/navi-mumbai-data-center; 45 MW total power (current) https://services.global.ntt/en-us/services-and-products/global-data-centers/global-locations/india/navi-mumbai-data-center; 30.4 MW IT load (design/build-out) https://services.global.ntt/en-us/services-and-products/global-data-centers/global-locations/india/navi-mumbai-data-center; 40 MW IT load (design/build-out) https://services.global.ntt/en-us/services-and-products/global-data-centers/global-locations/india/navi-mumbai-data-center; 30 MW IT (current) https://services.global.ntt/en-us/services-and-products/global-data-centers/global-locations/india/navi-mumbai-data-center; 60.4 MW IT (build-out) https://services.global.ntt/en-us/services-and-products/global-data-centers/global-locations/india/navi-mumbai-data-center,30,60.4,reported (see mw_basis),https://services.global.ntt/en-us/services-and-products/global-data-centers/global-locations/india/navi-mumbai-data-center,https://web.archive.org/web/20261001002709/https://services.global.ntt/en-us/services-and-products/global-data-centers/global-locations/india/navi-mumbai-data-center,NTT GDC Navi Mumbai,operator,https://www.datacentermap.com/india/navi-mumbai/,https://web.archive.org/web/20221128214031/https://www.datacentermap.com/india/navi-mumbai/,"Navi Mumbai data centers index (DCM; lists GDC Navi Mumbai 1 Campus, 1A-1D)",directory,confirmed,fetched,"NAV1A operational; NAV1B launching FY22, NAV1C/D planned (page likely stale)",TRUE,"Campus has multiple buildings (DCM 1A-1D, plus a 'Navi Mumbai 2'); our single row covers NAV1 campus. Operator page dates appear outdated (FY22/FY23). | Double-check 30 Sep 2026 (sources support: partly; exists: confirmed): MW blank although NTT publishes 30 MW IT for NAV1A. source_url_2 is a city index page, not a facility page. Data Center Map listing: https://www.datacentermap.com/india/navi-mumbai/ntt-navi-mumbai-1/",2026-09-30,same operator,NTT NAV1 Campus,operating,Operational,Large (10-99 MW),"",mw_reported: blank -> 30 (NTT facility page: critical IT load) | mw_reported_buildout: blank -> 60.4 (NTT: NAV1A 30 MW + NAV1B 30.4 MW IT),https://services.global.ntt/en-us/services-and-products/global-data-centers/global-locations/india/navi-mumbai-data-center,,v2,CC BY-NC 4.0
IN166,NTT Noida 1,NTT GDC,colocation,operating,high,"Facility matched on a fetched page, with a second source. Corrected in this revision (see correction_applied and correction_evidence).",reported IT load,Basis: current 1.5 MW: NTT facility page: critical IT load (updated 30 Sep 2026).,,Noida,Gautam Buddha Nagar,Uttar Pradesh,Uttar Pradesh,building,operator census (operator's own facility list),1.5,,current 1.5 MW: NTT facility page: critical IT load (updated 30 Sep 2026),"",1.5 MW IT load (current) https://services.global.ntt/en-us/services-and-products/global-data-centers/global-locations/india/noida-1-data-center; 1.5 MW IT (current) https://services.global.ntt/en-us/services-and-products/global-data-centers/global-locations/india/noida-1-data-center,1.5,1.5,reported (see mw_basis),https://services.global.ntt/en-us/services-and-products/global-data-centers/global-locations/india/noida-1-data-center,https://web.archive.org/web/20261001002846/https://services.global.ntt/en-us/services-and-products/global-data-centers/global-locations/india/noida-1-data-center,NTT GDC Noida 1,operator,https://www.datacentermap.com/india/noida/ntt-noida/,https://web.archive.org/web/20241007014933/https://www.datacentermap.com/india/noida/ntt-noida/,GDC - Noida 1 (DCM; index page fetched),directory,confirmed,fetched,Operational,TRUE,"Consistent with DCM index (1.5 MW). | Double-check 30 Sep 2026 (sources support: yes; exists: confirmed): DCM gives address H223, Sector 63 Noida - SAME address as HostDime India Noida (IN309); possible duplicate pair. 1.5 MW IT could be filled. Data Center Map listing: https://www.datacentermap.com/india/noida/ntt-noida/",2026-09-30,same operator,NTT Uttar Pradesh,operating,Operational,Small (<10 MW),"",mw_reported: blank -> 1.5 (NTT facility page: critical IT load),https://services.global.ntt/en-us/services-and-products/global-data-centers/global-locations/india/noida-1-data-center,,v2,CC BY-NC 4.0
IN167,NTT Noida 2,NTT GDC,colocation,operating,high,"Facility matched on a fetched page, with a second source. Corrected in this revision (see correction_applied and correction_evidence).",reported IT load,"Basis: current 22.4 MW: Building A live (Jan 2024), 22.4 MW IT; build-out 52.8 MW: campus 52.8 MW IT (A 22.4 + B 30.4) (updated 30 Sep 2026).",,Noida,Gautam Buddha Nagar,Uttar Pradesh,Uttar Pradesh,campus,operator census (operator's own facility list),22.4,52.8,"current 22.4 MW: Building A live (Jan 2024), 22.4 MW IT; build-out 52.8 MW: campus 52.8 MW IT (A 22.4 + B 30.4) (updated 30 Sep 2026)","",52.8 MW IT load (design/build-out) https://services.global.ntt/en-us/services-and-products/global-data-centers/global-locations/india/noida-2-data-center; 22.4 MW IT load (current) https://www.datacenterdynamics.com/en/news/ntt-launches-second-noida-campus-in-india/; 30.4 MW IT load (design/build-out) https://services.global.ntt/en-us/services-and-products/global-data-centers/global-locations/india/noida-2-data-center; 22.4 MW IT (current) https://services.global.ntt/en-in/newsroom/ntt-expands-india-footprint-with-new-data-center-campus-in-noida; 52.8 MW IT (build-out) https://services.global.ntt/en-in/newsroom/ntt-expands-india-footprint-with-new-data-center-campus-in-noida,22.4,52.8,reported (see mw_basis),https://services.global.ntt/en-us/services-and-products/global-data-centers/global-locations/india/noida-2-data-center,https://web.archive.org/web/20261001003009/https://services.global.ntt/en-us/services-and-products/global-data-centers/global-locations/india/noida-2-data-center,NTT GDC Noida 2,operator,https://www.datacenterdynamics.com/en/news/ntt-launches-second-noida-campus-in-india/,https://web.archive.org/web/20260114104558/https://www.datacenterdynamics.com/en/news/ntt-launches-second-noida-campus-in-india/,NTT launches second Noida campus (DCD),directory,confirmed,fetched,Operator page: 'Coming soon'; DCD Jan 12 2024: first building open,TRUE,Operator page is stale ('Coming soon'); first building (22.4 MW) open per DCD. Full campus 52.8 MW (22.4 + 30.4). Earlier reports of 70 MW. | Double-check 30 Sep 2026 (sources support: yes; exists: confirmed): Operator page now reads 'coming soon' for campus but DCD confirms Building A opened Jan 2024. 22.4/52.8 MW IT supported.,2026-09-30,same operator,NTT Noida 2 Campus — Building A,operating,Operational,Large (10-99 MW),https://services.global.ntt/en-in/newsroom/ntt-expands-india-footprint-with-new-data-center-campus-in-noida https://services.global.ntt/en-in/services-and-products/global-data-centers/global-locations/india/noida-2-data-center,"mw_reported: blank -> 22.4 (Building A live (Jan 2024), 22.4 MW IT) | mw_reported_buildout: blank -> 52.8 (campus 52.8 MW IT (A 22.4 + B 30.4))",https://services.global.ntt/en-in/newsroom/ntt-expands-india-footprint-with-new-data-center-campus-in-noida,,v2,CC BY-NC 4.0
IN168,NetDataVault,NGBPS Limited,enterprise,operating,high,"Facility matched on a fetched page, with a second source. No published IT load; the capacity used is modelled.",not published: modelled,"No current (live) IT load is published for this facility. The MW used is modelled (class weight x 3.22 MW per weight unit) and is an allocation, not a measurement.",,"F-19 RIICO Phase-1, Bhiwadi",Alwar,Rajasthan,Rajasthan,city,Data Center Map directory (datacentermap.com),,,"","","",3.224,3.224,"modelled: class weight x MW per weight unit (non-commercial, not anchored)",https://www.datacentermap.com/india/alwar/netdatavault,https://web.archive.org/web/20250518062831/https://www.datacentermap.com/india/alwar/netdatavault/,Data Center Map: NetDataVault,directory,"","","","",confirmed,fetched,"Operational, Tier 3",TRUE,"CONFLICT: DCM puts NetDataVault (NGBPS) in Bhiwadi, Alwar district, Rajasthan, not Gurgaon/Haryana. URL fetched via search result.",2026-09-30,none,"","","","","",,,,v2,CC BY-NC 4.0
IN169,NetForChoice Data Center,NETFORCHOICE SOLUCTION PVT.LTD,enterprise,operating,high,"Facility matched on a fetched page, with a second source. No published IT load; the capacity used is modelled.",not published: modelled,"No current (live) IT load is published for this facility. The MW used is modelled (class weight x 3.22 MW per weight unit) and is an allocation, not a measurement.",,"A-86 Sector 57, Noida",Gautam Buddha Nagar,Uttar Pradesh,Uttar Pradesh,locality,Data Center Map directory (datacentermap.com),,,"","","",0,0,"modelled: class weight x MW per weight unit (non-commercial, not anchored)",https://www.datacentermap.com/india/new-delhi/netforchoice-data-center/,http://web.archive.org/web/20241108172430/https://www.datacentermap.com/india/new-delhi/netforchoice-data-center/,Data Center Map: NetForChoice Data Center,directory,"","","","",confirmed,fetched,"","",DCM only; listed under New Delhi market. (matched on fetched DCM city index; facility page itself not opened.),2026-09-30,none,"","","","","",,,,v2,CC BY-NC 4.0
IN170,Nettlinx Data Center,Nettlinx Limited,colocation,operating,low,"Listed in the Data Center Map directory only; no independent source was found. No published IT load; the capacity used is modelled. Open issue: [existence] No independent trace beyond the Data Center Map listing (checked 30 Sep 2026): Only DCM; addr 3rd floor, My Home Sarovar Plaza, Secretariat Rd (office). Nettlinx (ISP since 1999) site mentions cloud/data centre but no facility or location.",not published: modelled,"No current (live) IT load is published for this facility. The MW used is modelled (class weight x 3.22 MW per weight unit) and is an allocation, not a measurement.",,Hyderabad,Hyderabad,Andhra Pradesh,Telangana,city,Data Center Map directory (datacentermap.com),,,"","","",9.671,9.671,"modelled: class weight x MW per weight unit (commercial, anchored to 1,800 MW)",https://www.datacentermap.com/india/hyderabad/nettlinx/,http://web.archive.org/web/20250108161808/https://www.datacentermap.com/india/hyderabad/nettlinx/,Nettlinx Data Center - Data Center Map,directory,https://www.nettlinx.com/,https://web.archive.org/web/20261001032806/https://www.nettlinx.com/,"",operator,directory_only,fetched,"","","Matched by name on DCM city index page (fetched); facility page not opened; no second source sought. | Independent check 30 Sep 2026 (doubtful): Only DCM; addr 3rd floor, My Home Sarovar Plaza, Secretariat Rd (office). Nettlinx (ISP since 1999) site mentions cloud/data centre but no facility or location.",2026-09-30,none,"","","","","",,,"[existence] No independent trace beyond the Data Center Map listing (checked 30 Sep 2026): Only DCM; addr 3rd floor, My Home Sarovar Plaza, Secretariat Rd (office). Nettlinx (ISP since 1999) site mentions cloud/data centre but no facility or location.",v2,CC BY-NC 4.0
IN171,Nextra Data Center,Nextra Online Services,enterprise,operating,high,"Facility matched on a fetched page, with a second source. No published IT load; the capacity used is modelled.",not published: modelled,"No current (live) IT load is published for this facility. The MW used is modelled (class weight x 3.22 MW per weight unit) and is an allocation, not a measurement.",,"Udyog Vihar Phase 1, Gurugram",Gurgaon,Haryana,Haryana,locality,Data Center Map directory (datacentermap.com),,,"","","",3.224,3.224,"modelled: class weight x MW per weight unit (non-commercial, not anchored)",https://www.datacentermap.com/india/gurgaon/nextra-data-center/,http://web.archive.org/web/20241108184101/https://www.datacentermap.com/india/gurgaon/nextra-data-center/,Data Center Map: Nextra Data Center,directory,"","","","",confirmed,fetched,"","",DCM only; 'Nextra' not Nxtra. (matched on fetched DCM city index; facility page itself not opened.),2026-09-30,same operator,NextraOne Gurgaon Data Center,operating,Operational,Small (<10 MW),https://colocationm.com/india/gurgaon-dc-1 https://insightinfosystem.com/NextraOne.pdf,,,,v2,CC BY-NC 4.0
IN172,Nivid Data Center,Nivid Technologies India Pvt Ltd,enterprise,operating,low,"Listed in the Data Center Map directory only; no independent source was found. No published IT load; the capacity used is modelled. Open issue: [existence] No independent trace beyond the Data Center Map listing (checked 30 Sep 2026): No independent trace of Nivid Technologies DC; DCM address is a 3rd-floor office (Oceana Chambers, Jayanagar). nivid.co is an unrelated Kannur firm.",not published: modelled,"No current (live) IT load is published for this facility. The MW used is modelled (class weight x 3.22 MW per weight unit) and is an allocation, not a measurement.",,Bengaluru,Bangalore,Karnataka,Karnataka,locality,Data Center Map directory (datacentermap.com),,,"","","",0,0,"modelled: class weight x MW per weight unit (non-commercial, not anchored)",https://www.datacentermap.com/india/bangalore/nivid/,https://web.archive.org/web/20241110093416/https://www.datacentermap.com/india/bangalore/nivid/,Nivid Data Center - Data Center Map,directory,"","","","",directory_only,fetched,"","","Matched by name on DCM city index page (fetched); facility page not opened; no second source sought. | Independent check 30 Sep 2026 (no_evidence): No independent trace of Nivid Technologies DC; DCM address is a 3rd-floor office (Oceana Chambers, Jayanagar). nivid.co is an unrelated Kannur firm.",2026-09-30,none,"","","","","",,,"[existence] No independent trace beyond the Data Center Map listing (checked 30 Sep 2026): No independent trace of Nivid Technologies DC; DCM address is a 3rd-floor office (Oceana Chambers, Jayanagar). nivid.co is an unrelated Kannur firm.",v2,CC BY-NC 4.0
IN173,NxtGen HDDC,NxtGen Datacenter and Cloud Technologies,colocation,operating,high,"Facility matched on a fetched page, with a second source. No published IT load; the capacity used is modelled. Corrected in this revision (see correction_applied and correction_evidence).",not published: modelled,"No current (live) IT load is published for this facility. The MW used is modelled (class weight x 3.22 MW per weight unit) and is an allocation, not a measurement.",,Bengaluru,Ramanagara,Karnataka,Karnataka,campus,Data Center Map directory (datacentermap.com),,,"","","",9.671,9.671,"modelled: class weight x MW per weight unit (commercial, anchored to 1,800 MW)",https://www.datacentermap.com/india/bangalore/nxtgen-hddc/,https://web.archive.org/web/20241211040518/https://www.datacentermap.com/india/bangalore/nxtgen-hddc/,NxtGen HDDC - Data Center Map,directory,https://india.entrepreneur.com/technology/nxtgen-bets-big-on-demand-for-high-performance-data-centres/493776,https://web.archive.org/web/20260613065402/https://india.entrepreneur.com/technology/nxtgen-bets-big-on-demand-for-high-performance-data-centres/493776,"",trade_press,confirmed,fetched,"","","Matched by name on DCM city index page (fetched); facility page not opened; no second source sought. | Independent check 30 Sep 2026 (confirmed): DCM addr: Plot 25 P-13, Bidadi Industrial Area 562109. Entrepreneur: NxtGen Bidadi facility, Ramanagar district, 10 acres, operating with GPU expansion.",2026-09-30,same operator,NxtGen High Density Data Centre Bidadi,operating,Operational,Large (10-99 MW),https://www.icra.in/Rating/ShowRationalReportFilePdf/29924 https://nxtgen.co.in/datacenter-services https://www.datacentermap.com/india/bangalore/nxtgen-hddc https://www.datacenters.com/providers/nxtgen-datacenter-and-cloud-technologies https://www.youtube.com/watch?v=s6GNShHFRRg,dist_name_frozen: Bangalore -> Ramanagara (NxtGen HDDC is in Bidadi (Ramanagara district)) | lon: 77.595 -> 77.36988 (city-level point moved into the correct district) | lat: 12.972 -> 12.90169 (city-level point moved into the correct district),https://india.entrepreneur.com/technology/nxtgen-bets-big-on-demand-for-high-performance-data-centres/493776,,v2,CC BY-NC 4.0
IN174,Nxtra Agartala I,Nxtra by Airtel,colocation,under construction,high,"Facility matched on a fetched page, with a second source. No published IT load; the capacity used is modelled. Corrected in this revision (see correction_applied and correction_evidence).",not published: modelled,"No IT load is published for this facility. The MW used is modelled (class weight x 3.22 MW per weight unit) and is an allocation, not a measurement. Other figures found (not used: not a live IT load, or its measure is not stated): 5 MW other (design/build-out) https://www.datacentermap.com/india/agartala/nxtra-agartala-i/; 5 MW other (design/build-out) https://www.datacenterdynamics.com/en/news/5mw-facility-to-be-built-in-northeast-india/",,"Chanmari, Agartala",West Tripura,Tripura,Tripura,city,Data Center Map directory (datacentermap.com),,,"","",5 MW other (design/build-out) https://www.datacentermap.com/india/agartala/nxtra-agartala-i/; 5 MW other (design/build-out) https://www.datacenterdynamics.com/en/news/5mw-facility-to-be-built-in-northeast-india/,,9.671,"modelled: class weight x MW per weight unit (commercial, anchored to 1,800 MW)",https://www.datacentermap.com/india/agartala/nxtra-agartala-i/,http://archive.today/2026.10.10-142142/https://www.datacentermap.com/india/agartala/nxtra-agartala-i/,Nxtra Agartala I - Data Center Map,directory,https://www.datacenterdynamics.com/en/news/5mw-facility-to-be-built-in-northeast-india/,https://web.archive.org/web/20260130162750/https://www.datacenterdynamics.com/en/news/5mw-facility-to-be-built-in-northeast-india/,5MW facility to be built in northeast India,trade_press,confirmed,fetched,Under construction (foundation stone 29 Jan 2026),TRUE,"Row says operating; both sources say under construction / foundation stone laid Jan 2026. 5 MW (IT not specified), Rs 2 bn, ~80,000 sq ft.",2026-09-30,none,"","","","","",status: operating -> construction (under construction; foundation stone 29 Jan 2026),https://www.datacentermap.com/india/agartala/nxtra-agartala-i/,,v2,CC BY-NC 4.0
IN175,Nxtra Bangalore Hoskote 1 (BLR 2),Nxtra by Airtel,colocation,operating,high,"Facility matched on a fetched page, with a second source. Corrected in this revision (see correction_applied and correction_evidence).",reported IT load,Basis: current 14 MW: operator IT load (nxtra.in); build-out 14 MW: operator IT load (nxtra.in) (updated 30 Sep 2026).,,Bengaluru,Bangalore Rural,Karnataka,Karnataka,locality,Data Center Map directory (datacentermap.com),14,14,current 14 MW: operator IT load (nxtra.in); build-out 14 MW: operator IT load (nxtra.in) (updated 30 Sep 2026),"",14 MW IT (current) https://www.nxtra.in/data-center-bangalore; 14 MW IT (build-out) https://www.nxtra.in/data-center-bangalore,14,14,reported (see mw_basis),https://www.datacentermap.com/india/bangalore/nxtra-bengaluru-ii/,http://web.archive.org/web/20250120121001/https://www.datacentermap.com/india/bangalore/nxtra-bengaluru-ii/,Nxtra Bengaluru II - Data Center Map,directory,https://www.nxtra.in/data-center-bangalore,https://web.archive.org/web/20261001040058/https://www.nxtra.in/data-center-bangalore,"",operator,confirmed,fetched,"","","DCM now names it 'Nxtra Bangalore Hoskote 1 (BLR 2)'. | Independent check 30 Sep 2026 (confirmed): Nxtra page: Hoskote 1 (BLR 2) 14 MW operational. But DCM nxtra-bengaluru-ii page now shows 'Nxtra Bengaluru II', under construction, 40 MW, 560066 - may be a different site (Nxtra also lists 'Bangalore DC2' 20 MW).",2026-09-30,same operator,Nxtra Data Karnataka,operating,Under Construction,Large (10-99 MW),"",status: construction -> operating (nxtra.in and the directory list Hoskote 1 (BLR 2) as operational) | name: Nxtra Bengaluru II -> Nxtra Bangalore Hoskote 1 (BLR 2) (operator facility name (nxtra.in)) | mw_reported: blank -> 14 (operator IT load (nxtra.in)) | mw_reported_buildout: blank -> 14 (operator IT load (nxtra.in)) | dist_name_frozen: Bangalore -> Bangalore Rural (Nxtra BLR 2 is in Hoskote (Bangalore Rural district)) | lon: 77.595 -> 77.4422 (city-level point moved into the correct district) | lat: 12.972 -> 13.1761 (city-level point moved into the correct district),https://www.nxtra.in/data-center-bangalore,,v2,CC BY-NC 4.0
IN176,Nxtra Bangalore Whitefield (BLR 1),Nxtra by Airtel,colocation,operating,high,"Facility matched on a fetched page, with a second source. Corrected in this revision (see correction_applied and correction_evidence).",reported IT load,Basis: current 5.4 MW: operator IT load (nxtra.in); build-out 5.4 MW: operator IT load (nxtra.in) (updated 30 Sep 2026).,,Bengaluru,Bangalore,Karnataka,Karnataka,campus,Data Center Map directory (datacentermap.com),5.4,5.4,current 5.4 MW: operator IT load (nxtra.in); build-out 5.4 MW: operator IT load (nxtra.in) (updated 30 Sep 2026),"",5.4 MW IT (current) https://www.nxtra.in/data-center-bangalore; 5.4 MW IT (build-out) https://www.nxtra.in/data-center-bangalore,5.4,5.4,reported (see mw_basis),https://www.datacentermap.com/india/bangalore/nxtra-bangalore-i/,https://web.archive.org/web/20250518083149/https://www.datacentermap.com/india/bangalore/nxtra-bangalore-i/,Nxtra Bengaluru I - Data Center Map,directory,https://www.peeringdb.com/fac/2500,https://web.archive.org/web/20261001040306/https://www.peeringdb.com/fac/2500,"",peeringdb,confirmed,fetched,"","","DCM now names it 'Nxtra Bangalore Whitefield (BLR 1)'. | Independent check 30 Sep 2026 (confirmed): PeeringDB fac 2500: Nxtra Data Bangalore DC 1, Plot 111&112 EPIP Zone Whitefield 560066, active.",2026-09-30,same operator,Nxtra Bangalore Whitefield (BLR1),operating,Operational,Small (<10 MW),https://www.nxtra.in/data-center-bangalore,name: Nxtra Bengaluru I -> Nxtra Bangalore Whitefield (BLR 1) (operator facility name (nxtra.in)) | mw_reported: blank -> 5.4 (operator IT load (nxtra.in)) | mw_reported_buildout: blank -> 5.4 (operator IT load (nxtra.in)),https://www.nxtra.in/data-center-bangalore,,v2,CC BY-NC 4.0
IN177,Nxtra Bhubaneswar I,Nxtra by Airtel,colocation,operating,high,"Facility matched on a fetched page, with a second source. No published IT load; the capacity used is modelled.",not published: modelled,"No current (live) IT load is published for this facility. The MW used is modelled (class weight x 3.22 MW per weight unit) and is an allocation, not a measurement.",,Bhubaneswar,Khordha,Odisha,Odisha,campus,Data Center Map directory (datacentermap.com),,,"","","",9.671,9.671,"modelled: class weight x MW per weight unit (commercial, anchored to 1,800 MW)",https://www.datacentermap.com/india/bhubaneswar/nxtra-bhubaneswar-i/,http://archive.today/2026.10.10-142417/https://www.datacentermap.com/india/bhubaneswar/nxtra-bhubaneswar-i/,Nxtra Bhubaneswar I - Data Center Map,directory,https://baxtel.com/data-center/nxtra-data-bhubaneshwar,https://web.archive.org/web/20261001043235/https://baxtel.com/data-center/nxtra-data-bhubaneshwar,"",directory,confirmed,fetched,"","","Listed on DCM city index; facility page not opened (no MW in row). | Independent check 30 Sep 2026 (confirmed): Baxtel and ocolo: Nxtra Bhubaneswar I, Plot E-13/1 Chandaka Industrial Estate, fully operational.",2026-09-30,same operator,Nxtra Data Odisha,operating,Operational,Small (<10 MW),"",,,,v2,CC BY-NC 4.0
IN178,Nxtra Chennai,Nxtra by Airtel,colocation,operating,medium,"Facility matched on a fetched page, with a second source. Open issue: [capacity] Nxtra Chennai carries 38 MW; nxtra.in now lists three Siruseri buildings (4, 16 and 27 MW IT) plus Santhome (2 MW, added as IN313) | [capacity] 38 MW is not stated as IT load; nxtra.in lists three Siruseri buildings (4, 16, 27 MW IT).","reported, but uncertain (see mw_note)","Basis: capacity stated at launch (38 MW, measure not specified). Open issue: [capacity] Nxtra Chennai carries 38 MW; nxtra.in now lists three Siruseri buildings (4, 16 and 27 MW IT) plus Santhome (2 MW, added as IN313) | [capacity] 38 MW is not stated as IT load; nxtra.in lists three Siruseri buildings (4, 16, 27 MW IT).",,"Siruseri, Chennai",Kancheepuram,Tamil Nadu,Tamil Nadu,campus,operator census (operator's own facility list),38,38,"capacity stated at launch (38 MW, measure not specified)","",38 MW other (unclear) https://w.media/nxtra-by-airtel-launches-its-third-largest-dc-in-chennai,38,38,reported (see mw_basis),https://w.media/nxtra-by-airtel-launches-its-third-largest-dc-in-chennai,https://web.archive.org/web/20261001005431/https://w.media/nxtra-by-airtel-launches-its-third-largest-dc-in-chennai/,W.Media: Nxtra launches third-largest DC in Chennai,trade_press,https://nsearchives.nseindia.com/corporate/BHARTIARTL_23112021134725_PRFinal.pdf,https://web.archive.org/web/20261001005522/https://nsearchives.nseindia.com/corporate/BHARTIARTL_23112021134725_PRFinal.pdf,"Bharti Airtel press release Nov 2021 (seen in search, not fetched)",press_release,confirmed,fetched,Launched Nov 2021,TRUE,Airtel PR URL from search only. 38 MW is a launch-time/full figure; live fill unknown. | Double-check 30 Sep 2026 (sources support: partly; exists: confirmed): Neither source names Siruseri nor says IT load: 38 MW measure unspecified (mw_basis already says so). DCM lists Nxtra Siruseri 1/2/3 + campus; page view limit hit.,2026-09-30,same operator,Nxtra Data Tamil Nadu,operating,Operational,Small (<10 MW),"",,,"[capacity] Nxtra Chennai carries 38 MW; nxtra.in now lists three Siruseri buildings (4, 16 and 27 MW IT) plus Santhome (2 MW, added as IN313) | [capacity] 38 MW is not stated as IT load; nxtra.in lists three Siruseri buildings (4, 16, 27 MW IT).",v2,CC BY-NC 4.0
IN179,Nxtra Hyderabad Kokapet (HYD 1),Nxtra by Airtel,colocation,operating,low,"Listed in Data Center Map; the operator confirms a data centre in this city, but not this exact building. Corrected in this revision (see correction_applied and correction_evidence). Open issue: [status] Nxtra lists Hyderabad HYD 1 as live (10 MW IT, kept); Baxtel lists it under construction at International Tech Park, due 2027.",reported IT load,Basis: current 10 MW: operator IT load (nxtra.in); build-out 10 MW: operator IT load (nxtra.in) (updated 30 Sep 2026).,,Hyderabad,Rangareddy,Andhra Pradesh,Telangana,city,Data Center Map directory (datacentermap.com),10,10,current 10 MW: operator IT load (nxtra.in); build-out 10 MW: operator IT load (nxtra.in) (updated 30 Sep 2026),"",10 MW IT (current) https://www.nxtra.in/data-center-hyderabad; 10 MW IT (build-out) https://www.nxtra.in/data-center-hyderabad,10,10,reported (see mw_basis),https://www.datacentermap.com/india/hyderabad/nxtra-hyderabad-i/,http://web.archive.org/web/20250520221941/https://www.datacentermap.com/india/hyderabad/nxtra-hyderabad-i/,Nxtra Hyderabad I - Data Center Map,directory,https://baxtel.com/data-center/nxtra-hyderabad-i,https://web.archive.org/web/20261001032851/https://baxtel.com/data-center/nxtra-hyderabad-i,"",directory,partial,fetched,"","","DCM now names it 'Nxtra Hyderabad Kokapet (HYD 1)'. | Independent check 30 Sep 2026 (likely): DCM limit. Baxtel 'Nxtra Hyderabad I' (same slug): ITPH, 40 ac, under construction/planned, done 2027; w.media: 200MW Hyd DC 'ready in two years'. Kokapet/10MW/operating not independently found. PeeringDB has only Uppal edge DC.",2026-09-30,same operator,Nxtra Hyderabad Data Center — planned phase,planned,Planned,Unknown,https://www.nxtra.in/data-center-hyderabad,"status: construction -> operating (nxtra.in lists Hyderabad Kokapet (HYD 1) live, 10 MW IT) | name: Nxtra Hyderabad I -> Nxtra Hyderabad Kokapet (HYD 1) (operator facility name (nxtra.in)) | mw_reported: blank -> 10 (operator IT load (nxtra.in)) | mw_reported_buildout: blank -> 10 (operator IT load (nxtra.in))",https://www.nxtra.in/data-center-hyderabad,"[status] Nxtra lists Hyderabad HYD 1 as live (10 MW IT, kept); Baxtel lists it under construction at International Tech Park, due 2027.",v2,CC BY-NC 4.0
IN180,Nxtra Kolkata I,Nxtra by Airtel,colocation,operating,high,"Facility matched on a fetched page, with a second source. No published IT load; the capacity used is modelled. Corrected in this revision (see correction_applied and correction_evidence).",not published: modelled,"No current (live) IT load is published for this facility. The MW used is modelled (class weight x 3.22 MW per weight unit) and is an allocation, not a measurement.",,Kolkata,North Twenty Four Parganas,West Bengal,West Bengal,campus,Data Center Map directory (datacentermap.com),,,"","","",9.671,9.671,"modelled: class weight x MW per weight unit (commercial, anchored to 1,800 MW)",https://www.datacentermap.com/india/kolkata/,https://web.archive.org/web/20241130161652/https://www.datacentermap.com/india/kolkata/,Nxtra Kolkata I - Data Center Map,directory,https://baxtel.com/data-center/nxtra-kolkata,https://web.archive.org/web/20260615073741/https://baxtel.com/data-center/nxtra-kolkata,"",directory,confirmed,fetched,"","","Listed on DCM city index; facility page not opened (no MW in row). Kolkata index gave no per-facility URLs; source_url is the index. | Independent check 30 Sep 2026 (confirmed): Source URL is DCM city index, not opened. Site is New Town (Bengal Silicon Valley) - New Town lies in North 24 Parganas, check district.",2026-09-30,same operator,Nxtra Kolkata KOL1,operating,Operational,Large (10-99 MW),https://www.nxtra.in/data-center-kolkata-bhubaneshwar,status: construction -> operating (Nxtra lists Kolkata KOL 1 among live data centres; Baxtel: opened 2025),https://baxtel.com/data-center/nxtra-kolkata,,v2,CC BY-NC 4.0
IN181,Nxtra Manesar (NCR 3),Nxtra by Airtel,colocation,operating,high,"Facility matched on a fetched page, with a second source. Corrected in this revision (see correction_applied and correction_evidence).",reported IT load,Basis: current 12.5 MW: operator IT load (nxtra.in); build-out 12.5 MW: operator IT load (nxtra.in) (updated 30 Sep 2026).,,Sector 8 IMT Manesar,Gurgaon,Haryana,Haryana,building,Data Center Map directory (datacentermap.com),12.5,12.5,current 12.5 MW: operator IT load (nxtra.in); build-out 12.5 MW: operator IT load (nxtra.in) (updated 30 Sep 2026),"",12.5 MW IT (current) https://www.nxtra.in/data-center-manesar; 12.5 MW IT (build-out) https://www.nxtra.in/data-center-manesar,12.5,12.5,reported (see mw_basis),https://www.datacentermap.com/india/gurgaon/nxtra-manesar-i/,https://web.archive.org/web/20250318041450/https://www.datacentermap.com/india/gurgaon/nxtra-manesar-i/,Data Center Map: Nxtra Manesar I,directory,"","","","",confirmed,fetched,"","",DCM only. (matched on fetched DCM city index; facility page itself not opened.),2026-09-30,same operator,Nxtra Manesar (NCR 3),operating,Operational,Large (10-99 MW),https://www.nxtra.in/data-center-manesar,"name: Nxtra Manesar I -> Nxtra Manesar (NCR 3) (operator facility name (nxtra.in)) | mw_reported: blank -> 12.5 (operator IT load (nxtra.in)) | mw_reported_buildout: blank -> 12.5 (operator IT load (nxtra.in)) | dist_name_frozen: South West -> Gurgaon (Nxtra Manesar (NCR 3) is in Manesar, Haryana, not Delhi) | state_name_frozen: Nct Of Delhi -> Haryana (Manesar is in Haryana) | lon: 77.0266 -> 76.86 (city-level point moved into the correct district (Nxtra Manesar)) | lat: 28.4595 -> 28.21 (city-level point moved into the correct district (Nxtra Manesar))",https://www.nxtra.in/data-center-manesar,,v2,CC BY-NC 4.0
IN182,Nxtra Mumbai Chandivali (MUM 1),Nxtra by Airtel,colocation,operating,high,"Facility matched on a fetched page, with a second source. Corrected in this revision (see correction_applied and correction_evidence).",reported IT load,Basis: current 4 MW: operator IT load (nxtra.in); build-out 4 MW: operator IT load (nxtra.in) (updated 30 Sep 2026).,,"Chandivali, Mumbai",Mumbai Suburban,Maharashtra,Maharashtra,building,operator census (operator's own facility list),4,4,current 4 MW: operator IT load (nxtra.in); build-out 4 MW: operator IT load (nxtra.in) (updated 30 Sep 2026),"",4 MW IT (current) https://www.nxtra.in/data-center-mumbai; 4 MW IT (build-out) https://www.nxtra.in/data-center-mumbai,4,4,reported (see mw_basis),https://www.datacentermap.com/india/mumbai/nxtra-mumbai-ii/,https://web.archive.org/web/20250316023801/https://www.datacentermap.com/india/mumbai/nxtra-mumbai-ii/,DCM Nxtra Chandivali (MUM 1),directory,https://www.peeringdb.com/fac/2498,https://web.archive.org/web/20261001014253/https://www.peeringdb.com/fac/2498,"",peeringdb,confirmed,search_result,"Listed, not opened","","DCM names this Chandivali (MUM 1); page not opened. | Independent check 30 Sep 2026 (confirmed): Exists (B1069 Chandivali Farm Rd), but Nxtra/PeeringDB/DCM call it 'Mumbai II' / 'Mumbai DC 2', not 'MUM 1': rename. | Double-check 30 Sep 2026 (sources support: yes; exists: confirmed): Rename and 4 MW supported by nxtra.in, which is not a cited URL; add it as source. Data Center Map listing: https://www.datacentermap.com/india/mumbai/nxtra-mumbai-ii/",2026-09-30,same operator,Nxtra Data Maharashtra,operating,Operational,Small (<10 MW),"",name: Nxtra Mumbai II -> Nxtra Mumbai Chandivali (MUM 1) (operator facility name (nxtra.in)) | mw_reported: blank -> 4 (operator IT load (nxtra.in)) | mw_reported_buildout: blank -> 4 (operator IT load (nxtra.in)),https://www.nxtra.in/data-center-mumbai,,v2,CC BY-NC 4.0
IN183,Nxtra Mumbai Airoli (MUM 2),Nxtra by Airtel,colocation,operating,high,"Facility matched on a fetched page, with a second source. Corrected in this revision (see correction_applied and correction_evidence).",reported IT load,Basis: current 7 MW: operator IT load (nxtra.in); build-out 7 MW: operator IT load (nxtra.in) (updated 30 Sep 2026).,,"Airoli, Navi Mumbai",Thane,Maharashtra,Maharashtra,building,operator census (operator's own facility list),7,7,current 7 MW: operator IT load (nxtra.in); build-out 7 MW: operator IT load (nxtra.in) (updated 30 Sep 2026),"",7 MW IT (current) https://www.nxtra.in/data-center-mumbai; 7 MW IT (build-out) https://www.nxtra.in/data-center-mumbai,7,7,reported (see mw_basis),https://www.datacentermap.com/india/mumbai/nxtra-mumbai-i/,https://web.archive.org/web/20250209074354/https://www.datacentermap.com/india/mumbai/nxtra-mumbai-i/,DCM Nxtra Airoli (MUM 2),directory,https://www.peeringdb.com/fac/14476,https://web.archive.org/web/20261001014539/https://www.peeringdb.com/fac/14476,"",peeringdb,confirmed,search_result,"Listed, not opened","","DCM names this Airoli (MUM 2); row labels 'Mumbai I'. | Independent check 30 Sep 2026 (confirmed): PeeringDB fac 14476: Nxtra Data Mumbai DC 1 at 14 MIDC Digha, Airoli, Thane-Belapur Rd; DCM slug is nxtra-mumbai-i (MUM 1 naming vs our MUM 2 - check vs IN182). | Double-check 30 Sep 2026 (sources support: yes; exists: confirmed): Cited DCM page only; operator figure found on nxtra.in/locations/mumbai. DCM indexes this as Airoli (MUM 2) - check backbone double count. Data Center Map listing: https://www.datacentermap.com/india/mumbai/nxtra-mumbai-i/",2026-09-30,same operator,Nxtra Data Maharashtra,operating,Operational,Small (<10 MW),"",name: Nxtra Mumbai I -> Nxtra Mumbai Airoli (MUM 2) (operator facility name (nxtra.in)) | mw_reported: blank -> 7 (operator IT load (nxtra.in)) | mw_reported_buildout: blank -> 7 (operator IT load (nxtra.in)),https://www.nxtra.in/data-center-mumbai,,v2,CC BY-NC 4.0
IN184,Nxtra Noida Hyperscale (NCR 4),Nxtra by Airtel,colocation,operating,high,"Facility matched on a fetched page, with a second source. Corrected in this revision (see correction_applied and correction_evidence).",reported IT load,Basis: current 18 MW: operator IT load (nxtra.in); build-out 18 MW: operator IT load (nxtra.in) (updated 30 Sep 2026).,,"Noida (hyperscale, NCR 4)",Gautam Buddha Nagar,Uttar Pradesh,Uttar Pradesh,locality,Data Center Map directory (datacentermap.com),18,18,current 18 MW: operator IT load (nxtra.in); build-out 18 MW: operator IT load (nxtra.in) (updated 30 Sep 2026),"",18 MW IT (current) https://www.nxtra.in/data-center-noida; 18 MW IT (build-out) https://www.nxtra.in/data-center-noida,18,18,reported (see mw_basis),https://www.datacentermap.com/india/noida/nxtra-noida-iii/,http://archive.today/2026.10.02-163326/https://www.datacentermap.com/india/noida/nxtra-noida-iii/,Data Center Map: Nxtra Noida III,directory,"","","","",confirmed,fetched,"","",DCM index title 'Nxtra NCR Noida - Hyperscale (NCR 4)'; status/MW not seen. (matched on fetched DCM city index; facility page itself not opened.),2026-09-30,same operator,Nxtra NCR 4 Noida Hyperscale,operating,Operational,Large (10-99 MW),https://www.nxtra.in/data-center-noida,"status: construction -> operating (nxtra.in lists Noida Hyperscale (NCR 4) live, 18 MW IT) | name: Nxtra Noida III -> Nxtra Noida Hyperscale (NCR 4) (operator facility name (nxtra.in)) | mw_reported: blank -> 18 (operator IT load (nxtra.in)) | mw_reported_buildout: blank -> 18 (operator IT load (nxtra.in))",https://www.nxtra.in/data-center-noida,,v2,CC BY-NC 4.0
IN185,Nxtra Noida Sec 81 (NCR 2),Nxtra by Airtel,colocation,operating,high,"Facility matched on a fetched page, with a second source. Corrected in this revision (see correction_applied and correction_evidence).",reported IT load,Basis: current 3.5 MW: operator IT load (nxtra.in); build-out 3.5 MW: operator IT load (nxtra.in) (updated 30 Sep 2026).,,"Sector 81, Noida",Gautam Buddha Nagar,Uttar Pradesh,Uttar Pradesh,building,Data Center Map directory (datacentermap.com),3.5,3.5,current 3.5 MW: operator IT load (nxtra.in); build-out 3.5 MW: operator IT load (nxtra.in) (updated 30 Sep 2026),"",3.5 MW IT (current) https://www.nxtra.in/data-center-noida; 3.5 MW IT (build-out) https://www.nxtra.in/data-center-noida,3.5,3.5,reported (see mw_basis),https://www.datacentermap.com/india/noida/nxtra-noida-ii/,http://archive.today/2026.10.10-143530/https://www.datacentermap.com/india/noida/nxtra-noida-ii/,Data Center Map: Nxtra Noida II,directory,https://www.ocolo.io/colocation/nxtra-by-airtel/noida-ii,https://web.archive.org/web/20250915221202/https://www.ocolo.io/colocation/nxtra-by-airtel/noida-ii/,Ocolo: Nxtra Noida II,directory,confirmed,search_result,"","",Ocolo listing seen in search.,2026-09-30,same operator,Nxtra NCR 2 Noida Sector 81,operating,Operational,Small (<10 MW),https://www.nxtra.in/data-center-noida,name: Nxtra Noida II -> Nxtra Noida Sec 81 (NCR 2) (operator facility name (nxtra.in)) | mw_reported: blank -> 3.5 (operator IT load (nxtra.in)) | mw_reported_buildout: blank -> 3.5 (operator IT load (nxtra.in)),https://www.nxtra.in/data-center-noida,,v2,CC BY-NC 4.0
IN186,Nxtra Noida Sec 62 (NCR 1),Nxtra by Airtel,colocation,operating,high,"Facility matched on a fetched page, with a second source. Corrected in this revision (see correction_applied and correction_evidence).",reported IT load,Basis: current 4.5 MW: operator IT load (nxtra.in); build-out 4.5 MW: operator IT load (nxtra.in) (updated 30 Sep 2026).,,"Sector 62, Noida",Gautam Buddha Nagar,Uttar Pradesh,Uttar Pradesh,building,Data Center Map directory (datacentermap.com),4.5,4.5,current 4.5 MW: operator IT load (nxtra.in); build-out 4.5 MW: operator IT load (nxtra.in) (updated 30 Sep 2026),"",4.5 MW IT (current) https://www.nxtra.in/data-center-noida; 4.5 MW IT (build-out) https://www.nxtra.in/data-center-noida,4.5,4.5,reported (see mw_basis),https://www.datacentermap.com/india/noida/nxtra-noida-i/,https://web.archive.org/web/20241211032010/https://www.datacentermap.com/india/noida/nxtra-noida-i/,Data Center Map: Nxtra Noida I,directory,https://baxtel.com/data-center/nxtra-data-noida-i,https://web.archive.org/web/20261001053441/https://baxtel.com/data-center/nxtra-data-noida-i,Baxtel: Nxtra Noida I,directory,confirmed,search_result,"","",Baxtel/Ocolo listings seen in search.,2026-09-30,same operator,Nxtra NCR 1 Noida Sector 62,operating,Operational,Small (<10 MW),https://www.nxtra.in/data-center-noida,name: Nxtra Noida I -> Nxtra Noida Sec 62 (NCR 1) (operator facility name (nxtra.in)) | mw_reported: blank -> 4.5 (operator IT load (nxtra.in)) | mw_reported_buildout: blank -> 4.5 (operator IT load (nxtra.in)),https://www.nxtra.in/data-center-noida,,v2,CC BY-NC 4.0
IN187,Nxtra Pune 1 (Kharadi),Nxtra by Airtel,colocation,operating,high,"Facility matched on a fetched page, with a second source. Capacity: DCM gives 3 MW.","reported, but uncertain (see mw_note)",Basis: 4.5 MW (operator list). Caution: DCM gives 3 MW.,,"Kharadi, Pune",Pune,Maharashtra,Maharashtra,building,operator census (operator's own facility list),4.5,4.5,4.5 MW (operator list),DCM gives 3 MW,3 MW other (unclear) https://www.datacentermap.com/india/pune/nxtra-pune-i/,4.5,4.5,reported (see mw_basis),https://www.datacentermap.com/india/pune/nxtra-pune-i/,https://web.archive.org/web/20250211124455/https://www.datacentermap.com/india/pune/nxtra-pune-i/,DCM Nxtra Kharadi (PUN 1),directory,"","","","",confirmed,fetched,Operational,TRUE,"Conflict 4.5 (our lead) vs 3 MW (DCM); 4.5 not found on a fetched page. | Double-check 30 Sep 2026 (sources support: yes; exists: confirmed): DCM shows 3 MW; operator page lists 'Kharadi (PUN 1) 4.5 MW IT power, 1,250 racks' — supports 4.5 MW IT. Cite operator. Data Center Map listing: https://www.datacentermap.com/india/pune/nxtra-pune-i/",2026-09-30,same operator,Nxtra Data Maharashtra,operating,Operational,Small (<10 MW),"",,,,v2,CC BY-NC 4.0
IN188,Nxtra Pune 2 (Hinjewadi 1),Nxtra by Airtel,colocation,operating,high,"Facility matched on a fetched page, with a second source.",reported IT load,Basis: 17 MW (DCM agrees).,,"Hinjewadi Phase 3, Pune",Pune,Maharashtra,Maharashtra,campus,operator census (operator's own facility list),17,17,17 MW (DCM agrees),"",17 MW other (unclear) https://datacentermap.com/india/pune/nxtra-pune-ii,17,17,reported (see mw_basis),https://datacentermap.com/india/pune/nxtra-pune-ii,https://web.archive.org/web/20250421041349/https://www.datacentermap.com/india/pune/nxtra-pune-ii/,DCM Nxtra Hinjewadi 1 (PUN 2),directory,https://baxtel.com/data-center/nxtra-pune-ii,https://web.archive.org/web/20261001005837/https://baxtel.com/data-center/nxtra-pune-ii,Baxtel Nxtra Pune II (search result),directory,confirmed,fetched,Operational,TRUE,Double-check 30 Sep 2026 (sources support: yes; exists: confirmed): DCM gives 17 MW without saying IT; Baxtel gives no MW. Measure unverified. Only sources are directories (duplicate risk). Data Center Map listing: https://www.datacentermap.com/india/pune/nxtra-pune-ii/,2026-09-30,same operator,Nxtra Data Maharashtra,operating,Operational,Small (<10 MW),"",,,,v2,CC BY-NC 4.0
IN189,Nxtra Pune 3 (Hinjewadi 2),Nxtra by Airtel,colocation,operating,high,"Facility matched on a fetched page, with a second source.",reported IT load,Basis: 4 MW (DCM agrees).,,"Hinjewadi, Pune",Pune,Maharashtra,Maharashtra,campus,operator census (operator's own facility list),4,4,4 MW (DCM agrees),"",4 MW other (unclear) https://datacentermap.com/india/pune/nxtra-pune-iii,4,4,reported (see mw_basis),https://datacentermap.com/india/pune/nxtra-pune-iii,https://web.archive.org/web/20250209090431/https://www.datacentermap.com/india/pune/nxtra-pune-iii/,DCM Nxtra Hinjewadi 2 (PUN 3),directory,"","","","",confirmed,fetched,Operational,TRUE,"Same building also listed as 'Nxtra Pune III' (IN191, merged): https://www.datacentermap.com/india/pune/nxtra-pune-iii/ | Double-check 30 Sep 2026 (sources support: yes; exists: confirmed): Only source is DCM, so the 4 MW is not operator-confirmed as IT load. Data Center Map listing: https://datacentermap.com/india/pune/nxtra-pune-iii",2026-09-30,same operator,Nxtra Data Maharashtra,operating,Operational,Small (<10 MW),"",,,,v2,CC BY-NC 4.0
IN190,Nxtra Pune 4 (Hinjewadi 3),Nxtra by Airtel,colocation,operating,high,"Facility matched on a fetched page, with a second source.",reported IT load,"Basis: operator: 24 MW IT power, operational (nxtra.in, 30 Sep 2026).",,"Hinjewadi, Pune",Pune,Maharashtra,Maharashtra,locality,operator census (operator's own facility list),24,24,"operator: 24 MW IT power, operational (nxtra.in, 30 Sep 2026)","","",24,24,reported (see mw_basis),https://www.datacentermap.com/india/pune/,https://web.archive.org/web/20240615073629/https://www.datacentermap.com/india/pune/,DCM Pune index (lists only PUN 1-3),directory,https://www.nxtra.in/locations/pune,https://web.archive.org/web/20261001014613/https://www.nxtra.in/data-center-pune,Nxtra Pune locations (operator),operator,confirmed,fetched,Not listed,"",DCM Pune lists only three Nxtra sites; no PUN 4 / 24 MW source found. Verify via Airtel/Nxtra. | Double-check 30 Sep 2026 (sources support: no; exists: confirmed): Cited source does not support row; replace with operator page which confirms 24 MW IT. nxtra.in homepage calls it 'Hinjewadi 2 (PUN 4)' - naming inconsistent. Not in DCM.,2026-09-30,same operator,Nxtra Data Maharashtra,operating,Operational,Small (<10 MW),"",,,,v2,CC BY-NC 4.0
IN192,Pi Amaravati,Pi Datacenters,colocation,operating,high,"Facility matched on a fetched page, with a second source. No published IT load; the capacity used is modelled.",not published: modelled,"No current (live) IT load is published for this facility. The MW used is modelled (class weight x 3.22 MW per weight unit) and is an allocation, not a measurement. Other figures found (not used: not a live IT load, or its measure is not stated): 3 MW other (unclear) https://www.datacentermap.com/india/guntur/pi-datacenters",,"IT Park, Mangalagiri, Amaravati (Guntur)",Guntur,Andhra Pradesh,Andhra Pradesh,campus,operator census (operator's own facility list),,,"","",3 MW other (unclear) https://www.datacentermap.com/india/guntur/pi-datacenters,9.671,9.671,"modelled: class weight x MW per weight unit (commercial, anchored to 1,800 MW)",https://www.voicendata.com/chandrababu-naidu-inaugurates-asias-largest-data-center-pi-amaravati-in-mangalagiri,https://web.archive.org/web/20261001003150/https://www.voicendata.com/chandrababu-naidu-inaugurates-asias-largest-data-center-pi-amaravati-in-mangalagiri,Chandrababu Naidu inaugurates Pi Amaravati in Mangalagiri (Voice&Data),trade_press,https://www.datacentermap.com/india/guntur/pi-datacenters,https://web.archive.org/web/20230924133029/https://www.datacentermap.com/india/guntur/pi-datacenters/,Pi Datacenters Vijayawada/Mangalagiri (DCM),directory,confirmed,fetched,Inaugurated July 29 2017; DCM: Operational,TRUE,"Inauguration date in article July 29 2017 (lead said July 28). Pi operator page not fetched. | Double-check 30 Sep 2026 (sources support: yes; exists: confirmed): DCM lists 'Pi Datacenters Vijayawada', IT Park Mangalagiri, 3 MW (measure unspecified); MW left blank in table. Data Center Map listing: https://www.datacentermap.com/india/guntur/pi-datacenters",2026-09-30,same operator,Pi Amaravati,operating,Operational,Large (10-99 MW),https://pidatacenters.com/ https://pidatacenters.com/data-center https://pidatacenters.com/about-pi https://www.datacenterdynamics.com/en/news/pi-datacenters-to-invest-24m-developing-hyderabad-data-center-in-india https://www.thenewsminute.com/atom/pi-datacenters-new-enterprise-data-centre-amaravati-employ-2000-people-65936 https://timesofindia.indiatimes.com/city/vijayawada/andhra-pradesh-sets-up-rs-600-crore-pi-data-centre/articleshow/59818418.cms https://www.datacentermap.com/india/amaravati/pi-amravati,,,,v2,CC BY-NC 4.0
IN193,Pi Datacenters Hyderabad,Pi Datacenters,colocation,under construction,high,"Facility matched on a fetched page, with a second source. No published IT load; the capacity used is modelled.",not published: modelled,"No IT load is published for this facility. The MW used is modelled (class weight x 3.22 MW per weight unit) and is an allocation, not a measurement.",,Hyderabad,Rangareddy,Andhra Pradesh,Telangana,locality,Data Center Map directory (datacentermap.com),,,"","","",,9.671,"modelled: class weight x MW per weight unit (commercial, anchored to 1,800 MW)",https://www.datacentermap.com/india/hyderabad/pi-datacenters-hyderabad/,http://archive.today/2026.10.10-142758/https://www.datacentermap.com/india/hyderabad/pi-datacenters-hyderabad/,Pi Datacenters Hyderabad - Data Center Map,directory,https://w.media/pi-data-centers-launches-new-dc-in-mumbai-plans-23-mw-expansion-across-india/,https://web.archive.org/web/20261001020627/https://w.media/pi-data-centers-launches-new-dc-in-mumbai-plans-23-mw-expansion-across-india/,"",trade_press,confirmed,fetched,"","","Matched by name on DCM city index page (fetched); facility page not opened; no second source sought. | Independent check 30 Sep 2026 (confirmed): DCM page hit view limit. w.media Apr 2026: Pi's 3 MW Hyderabad facility slated for Oct 2026. DCD Sep 2023: Rs200cr Hyderabad DC/HQ, 2-year build.",2026-09-30,none,"","","","","",,,,v2,CC BY-NC 4.0
IN194,Pi Datacenters Kochi,Pi Datacenters,colocation,operating,medium,"Listed in Data Center Map; the operator confirms a data centre in this city, but not this exact building. No published IT load; the capacity used is modelled. Corrected in this revision (see correction_applied and correction_evidence).",not published: modelled,"No current (live) IT load is published for this facility. The MW used is modelled (class weight x 3.22 MW per weight unit) and is an allocation, not a measurement.",,Cochin,Ernakulam,Kerala,Kerala,city,Data Center Map directory (datacentermap.com),,,"","","",9.671,9.671,"modelled: class weight x MW per weight unit (commercial, anchored to 1,800 MW)",https://www.datacentermap.com/india/cochin/pi-datacenters-kochi/,http://archive.today/2026.10.10-142757/https://www.datacentermap.com/india/cochin/pi-datacenters-kochi/,Pi Datacenters Kochi - Data Center Map,directory,https://www.pidatacenters.com/,https://web.archive.org/web/20261001042656/https://www.pidatacenters.com/,"",operator,partial,fetched,"","",Listed on DCM city index; facility page not opened (no MW in row). | Independent check 30 Sep 2026 (likely): DCM limit. Operator site lists Kochi (Tier III design compliant) among Pi locations without operating status; Inc42 Aug-2017: Series B to fund proposed Kochi DC.,2026-09-30,none,"","","","","",dist_name_frozen: Alappuzha -> Ernakulam (Kochi facility; city centroid lies outside the generalised 2015 coastline and was assigned by nearest polygon to Alappuzha; Kochi is in Ernakulam district),"",,v2,CC BY-NC 4.0
IN195,Pi Datacenters Mumbai,Pi Datacenters,colocation,under construction,high,"Facility matched on a fetched page, with a second source. No published IT load; the capacity used is modelled.",not published: modelled,"No IT load is published for this facility. The MW used is modelled (class weight x 3.22 MW per weight unit) and is an allocation, not a measurement. Other figures found (not used: not a live IT load, or its measure is not stated): 23 MW other (unclear) https://www.datacentermap.com/india/mumbai/pi-datacenters-mumbai/",,Mumbai,Mumbai,Maharashtra,Maharashtra,locality,Data Center Map directory (datacentermap.com),,,"","",23 MW other (unclear) https://www.datacentermap.com/india/mumbai/pi-datacenters-mumbai/,,9.671,"modelled: class weight x MW per weight unit (commercial, anchored to 1,800 MW)",https://www.datacentermap.com/india/mumbai/pi-datacenters-mumbai/,http://archive.today/2026.10.10-143211/https://www.datacentermap.com/india/mumbai/pi-datacenters-mumbai/,Pi Datacenters Mumbai - Data Center Map,directory,https://w.media/pi-data-centers-launches-new-dc-in-mumbai-plans-23-mw-expansion-across-india/,https://web.archive.org/web/20261001020627/https://w.media/pi-data-centers-launches-new-dc-in-mumbai-plans-23-mw-expansion-across-india/,"",trade_press,confirmed,fetched,"","","DCM lists 23MW (measure unstated); our row has no MW. | Independent check 30 Sep 2026 (confirmed): w.media 13 Apr 2026: Pi building 3 MW phase I in Central Mumbai (400008, Mumbai City), go-live set for Aug 2026 - may now be operating.",2026-09-30,none,"","","","","",,,,v2,CC BY-NC 4.0
IN196,Princeton Digital CH1,Princeton Digital Group,colocation,announced (planned),high,"Facility matched on a fetched page, with a second source. No published IT load; the capacity used is modelled.",not published: modelled,"No IT load is published for this facility. The MW used is modelled (class weight x 3.22 MW per weight unit) and is an allocation, not a measurement.",,Chennai,Kancheepuram,Tamil Nadu,Tamil Nadu,city,Data Center Map directory (datacentermap.com),,,"","","",,9.671,"modelled: class weight x MW per weight unit (commercial, anchored to 1,800 MW)",https://www.datacentermap.com/india/chennai/princeton-digital-ch1/,http://archive.today/2026.10.10-142428/https://www.datacentermap.com/india/chennai/princeton-digital-ch1/,Princeton Digital CH1 - Data Center Map,directory,https://cxotoday.com/press-release/princeton-digital-group-unveils-major-india-expansion-taking-total-capacity-to-230-mw-in-mumbai-and-chennai/,https://web.archive.org/web/20261001045140/https://cxotoday.com/media-coverage/princeton-digital-group-unveils-major-india-expansion-taking-total-capacity-to-230-mw-in-mumbai-and-chennai/,"",press_release,confirmed,fetched,"","","Listed on DCM city index; facility page not opened (no MW in row). | Independent check 30 Sep 2026 (confirmed): PDG press release Sep 2024: CH1, 72 MW on 9.3 acres, northern Chennai, planned. Baxtel now lists under construction, completion 2026.",2026-09-30,same operator,Princeton Digital CH1 Campus,planned,Planned,Large (10-99 MW),"",,,,v2,CC BY-NC 4.0
IN197,Princeton Digital HY1,Princeton Digital Group,colocation,announced (planned),high,"Facility matched on a fetched page, with a second source. No published IT load; the capacity used is modelled.",not published: modelled,"No IT load is published for this facility. The MW used is modelled (class weight x 3.22 MW per weight unit) and is an allocation, not a measurement.",,Hyderabad,Hyderabad,Andhra Pradesh,Telangana,city,Data Center Map directory (datacentermap.com),,,"","","",,9.671,"modelled: class weight x MW per weight unit (commercial, anchored to 1,800 MW)",https://www.datacentermap.com/india/hyderabad/princeton-digital-hy1/,http://archive.today/2026.10.10-142808/https://www.datacentermap.com/india/hyderabad/princeton-digital-hy1/,Princeton Digital HY1 - Data Center Map,directory,https://baxtel.com/data-center/princeton-pdg-hy1,https://web.archive.org/web/20261001033011/https://baxtel.com/data-center/princeton-pdg-hy1,"",directory,confirmed,fetched,"","","Matched by name on DCM city index page (fetched); facility page not opened; no second source sought. | Independent check 30 Sep 2026 (confirmed): DCM page hit view limit. Baxtel: PDG HY1 planned, 3-building campus on 16 acres, site 2027-28; land and power approvals confirmed Mar 2026.",2026-09-30,same operator,Princeton Digital HY1,planned,Planned,Large (10-99 MW),https://princetondg.com/locations/india/,,,,v2,CC BY-NC 4.0
IN198,Princeton Digital MU1 DC3,Princeton Digital Group,colocation,under construction,high,"Facility matched on a fetched page, with a second source. No published IT load; the capacity used is modelled.",not published: modelled,"No IT load is published for this facility. The MW used is modelled (class weight x 3.22 MW per weight unit) and is an allocation, not a measurement.",,"Airoli, Navi Mumbai",Thane,Maharashtra,Maharashtra,campus,Data Center Map directory (datacentermap.com),,,"","","",,9.671,"modelled: class weight x MW per weight unit (commercial, anchored to 1,800 MW)",https://www.datacentermap.com/india/mumbai/princeton-digital-mu1-dc3/,http://archive.today/2026.10.10-143159/https://www.datacentermap.com/india/mumbai/princeton-digital-mu1-dc3/,Princeton Digital MU1 DC3 - Data Center Map,directory,https://baxtel.com/data-center/princeton-mu1-dc3,http://archive.today/2026.10.02-141222/https://baxtel.com/data-center/princeton-mu1-dc3,"",baxtel,confirmed,fetched,"","","Matched by name on DCM city index page (fetched); facility page itself not opened; status not read. | Independent check 30 Sep 2026 (confirmed): Baxtel: PDG MU1 DC3, Airoli campus, under construction, planned 2026 (DC1 live 2022). DCM page hit view-limit wall.",2026-09-30,same operator,Princeton Digital MU1 Campus,planned,Under Construction,Hyperscale (100-999 MW),https://princetondg.com/newsroom/princeton-digital-group-secures-usd-160-million-green-loan-for-mumbai-data-center-campus/ https://princetondg.com/newsroom-ja/princeton-digital-group-unveils-major-india-expansion-taking-total-capacity-to-230-mw-in-mumbai-and-chennai/?lang=ja,,,,v2,CC BY-NC 4.0
IN199,Princeton Digital MU1 DC4,Princeton Digital Group,colocation,announced (planned),medium,"Listed in Data Center Map; the operator confirms a data centre in this city, but not this exact building. No published IT load; the capacity used is modelled.",not published: modelled,"No IT load is published for this facility. The MW used is modelled (class weight x 3.22 MW per weight unit) and is an allocation, not a measurement.",,"Airoli, Navi Mumbai",Thane,Maharashtra,Maharashtra,campus,Data Center Map directory (datacentermap.com),,,"","","",,9.671,"modelled: class weight x MW per weight unit (commercial, anchored to 1,800 MW)",https://www.datacentermap.com/india/mumbai/princeton-digital-mu1-dc4/,http://archive.today/2026.10.10-143206/https://www.datacentermap.com/india/mumbai/princeton-digital-mu1-dc4/,Princeton Digital MU1 DC4 - Data Center Map,directory,https://baxtel.com/data-center/princeton-mu1-dc4,https://web.archive.org/web/20261001025304/https://baxtel.com/data-center/princeton-mu1-dc4,"",directory,partial,fetched,"","","Matched by name on DCM city index page (fetched); facility page itself not opened; status not read. | Independent check 30 Sep 2026 (likely): DCM: MU1 campus sublisting, planned; MU1 campus 125 MW. Baxtel MU1 DC4: planned 2027, one of five buildings at Airoli. PeeringDB fac 13124 MU1 Gigaplex. No operator page for DC4.",2026-09-30,same operator,Princeton Digital MU1 Campus,planned,Under Construction,Hyperscale (100-999 MW),https://princetondg.com/newsroom/princeton-digital-group-secures-usd-160-million-green-loan-for-mumbai-data-center-campus/ https://princetondg.com/newsroom-ja/princeton-digital-group-unveils-major-india-expansion-taking-total-capacity-to-230-mw-in-mumbai-and-chennai/?lang=ja,,,,v2,CC BY-NC 4.0
IN200,Princeton Digital MU1 DC5,Princeton Digital Group,colocation,announced (planned),medium,"Listed in Data Center Map; the operator confirms a data centre in this city, but not this exact building. No published IT load; the capacity used is modelled.",not published: modelled,"No IT load is published for this facility. The MW used is modelled (class weight x 3.22 MW per weight unit) and is an allocation, not a measurement.",,"Airoli, Navi Mumbai",Thane,Maharashtra,Maharashtra,campus,Data Center Map directory (datacentermap.com),,,"","","",,9.671,"modelled: class weight x MW per weight unit (commercial, anchored to 1,800 MW)",https://www.datacentermap.com/india/mumbai/princeton-digital-mu1-dc5/,http://archive.today/2026.10.10-143417/https://www.datacentermap.com/india/mumbai/princeton-digital-mu1-dc5/,Princeton Digital MU1 DC5 - Data Center Map,directory,https://www.datacenterdynamics.com/en/news/pdg-breaks-ground-on-latest-mumbai-data-center/,https://web.archive.org/web/20260410183715/https://www.datacenterdynamics.com/en/news/pdg-breaks-ground-on-latest-mumbai-data-center/,"",trade_press,partial,fetched,"","","MU1 campus listed at 48MW on DCM (campus level). | Independent check 30 Sep 2026 (likely): DCD Apr 2026: MU1 Airoli to have five buildings; DC1 (2022), DC2 (2025) live, 50 MW; 100 MW phase under construction. DC5 not individually named; DCM: Planned.",2026-09-30,same operator,Princeton Digital MU1 Campus,planned,Under Construction,Hyperscale (100-999 MW),https://princetondg.com/newsroom/princeton-digital-group-secures-usd-160-million-green-loan-for-mumbai-data-center-campus/ https://princetondg.com/newsroom-ja/princeton-digital-group-unveils-major-india-expansion-taking-total-capacity-to-230-mw-in-mumbai-and-chennai/?lang=ja,,,,v2,CC BY-NC 4.0
IN201,Princeton Digital MU2,Princeton Digital Group,colocation,under construction,high,"Facility matched on a fetched page, with a second source. Capacity: construction began Apr 2026.","reported, but uncertain (see mw_note)",Basis: design IT (120 MW). Caution: construction began Apr 2026.,,Navi Mumbai (exact site not public),Thane,Maharashtra,Maharashtra,locality,Data Center Map directory (datacentermap.com),120,120,design IT (120 MW),construction began Apr 2026,120 MW IT load (design/build-out) https://www.datacenterdynamics.com/en/news/pdg-breaks-ground-on-latest-mumbai-data-center/,,120,reported (see mw_basis),https://www.datacentermap.com/india/navi-mumbai/princeton-digital-mu2/,http://archive.today/2026.10.10-143509/https://www.datacentermap.com/india/navi-mumbai/princeton-digital-mu2/,Princeton Digital MU2 - Data Center Map,directory,https://www.datacenterdynamics.com/en/news/pdg-breaks-ground-on-latest-mumbai-data-center/,https://web.archive.org/web/20260410183715/https://www.datacenterdynamics.com/en/news/pdg-breaks-ground-on-latest-mumbai-data-center/,PDG breaks ground on latest Mumbai data center (DCD),trade_press,confirmed,fetched,Under construction; groundbreaking 10 Apr 2026,TRUE,Single-campus figure. Don't confuse with MU1 campus (48MW on DCM).,2026-09-30,same operator,Princeton Digital MU2 Campus,planned,Under Construction,Hyperscale (100-999 MW),https://princetondg.com/newsroom/pdg-acquires-210-mw-in-india-advancing-toward-a-1-gw-portfolio-in-the-country/ https://www.linkedin.com/posts/princetondg-datacenter-india-share-7447960032689807361-q7e_/ https://www.datacenterdynamics.com/en/news/pdg-plans-two-more-data-center-campuses-in-india-totaling-210mw/ https://princetondg.com/locations/india/ https://www.datacenterdynamics.com/en/news/pdg-breaks-ground-on-latest-mumbai-data-center/,,,,v2,CC BY-NC 4.0
IN202,Princeton MU1,Princeton Digital Group,colocation,operating,high,"Facility matched on a fetched page, with a second source.",reported IT load,"Basis: current IT, 2-building campus (48 MW).",,"Airoli, Navi Mumbai",Thane,Maharashtra,Maharashtra,campus,operator census (operator's own facility list),48,48,"current IT, 2-building campus (48 MW)","",48 MW IT load (current) https://www.datacentermap.com/india/mumbai/princeton-digital-mu1/; 48 MW other (current) https://www.datacenterdynamics.com/en/news/princeton-digital-group-launches-48mw-data-center-in-navi-mumbai-india/,48,48,reported (see mw_basis),https://www.datacenterdynamics.com/en/news/princeton-digital-group-launches-48mw-data-center-in-navi-mumbai-india/,https://web.archive.org/web/20250720205204/https://www.datacenterdynamics.com/en/news/princeton-digital-group-launches-48mw-data-center-in-navi-mumbai-india/,Princeton Digital Group launches 48MW data center in Navi Mumbai (DCD),trade_press,https://www.datacentermap.com/india/mumbai/princeton-digital-mu1/,https://web.archive.org/web/20250512044410/https://www.datacentermap.com/india/mumbai/princeton-digital-mu1/,Princeton Digital MU1 Campus (DCM),directory,confirmed,fetched,Launched Dec 2022; DCM: Operational,TRUE,Operator page (princetondg.com) only seen in search results. DCM lists five sub-entries (DC1-DC5) for MU1; 48 MW is campus not per building. | Double-check 30 Sep 2026 (sources support: yes; exists: confirmed): DCM also lists MU1 DC1-DC5 sub-pages; check not double-counted with directory rows. Data Center Map listing: https://www.datacentermap.com/india/mumbai/princeton-digital-mu1/,2026-09-30,same operator,Princeton Digital MU1 Campus,operating,Operational,Large (10-99 MW),https://princetondg.com/newsroom/princeton-digital-group-secures-usd-160-million-green-loan-for-mumbai-data-center-campus/ https://princetondg.com/newsroom/princeton-digital-group-launches-flagship-data-center-in-mumbai/,,,,v2,CC BY-NC 4.0
IN203,Progression Infonet Data Center,Progression Infonet,enterprise,operating,high,"Facility matched on a fetched page, with a second source. No published IT load; the capacity used is modelled.",not published: modelled,"No current (live) IT load is published for this facility. The MW used is modelled (class weight x 3.22 MW per weight unit) and is an allocation, not a measurement.",,"Electronic City Sector 18, Gurgaon",Gurgaon,Haryana,Haryana,campus,Data Center Map directory (datacentermap.com),,,"","","",0,0,"modelled: class weight x MW per weight unit (non-commercial, not anchored)",https://www.datacentermap.com/india/gurgaon/progression-infonet/,http://web.archive.org/web/20241204133511/https://www.datacentermap.com/india/gurgaon/progression-infonet/,Data Center Map: Progression Infonet Data Center,directory,"","","","",confirmed,fetched,"","",DCM only. (matched on fetched DCM city index; facility page itself not opened.),2026-09-30,same operator,Progression Infonet Gurgaon Data Center,operating,Operational,Small (<10 MW),https://progression.com/about-us/ https://progression.com/contact/ https://neoncloud.com/about-us/,,,,v2,CC BY-NC 4.0
IN204,R3esolution Private Limited,R3esolution Infotech Pvt LTD,enterprise,operating,low,Listed in the Data Center Map directory only; no independent source was found. No published IT load; the capacity used is modelled. Open issue: [existence] No independent trace beyond the Data Center Map listing (checked 30 Sep 2026): IndiaMART: R3esolution Infotech is a Jaipur web-hosting/IT firm; no trace of own Mumbai DC (likely rented rack).,not published: modelled,"No current (live) IT load is published for this facility. The MW used is modelled (class weight x 3.22 MW per weight unit) and is an allocation, not a measurement.",,Mumbai,Mumbai Suburban,Maharashtra,Maharashtra,city,Data Center Map directory (datacentermap.com),,,"","","",0,0,"modelled: class weight x MW per weight unit (non-commercial, not anchored)",https://www.datacentermap.com/india/mumbai/r3esolution/,http://archive.today/2026.10.10-143418/https://www.datacentermap.com/india/mumbai/r3esolution/,R3esolution Private Limited - Data Center Map,directory,https://m.indiamart.com/r3esolution,https://web.archive.org/web/20261001133725/https://www.indiamart.com/r3esolution/,"",directory,directory_only,fetched,"","",Matched by name on DCM city index page (fetched); facility page itself not opened; status not read. | Independent check 30 Sep 2026 (doubtful): IndiaMART: R3esolution Infotech is a Jaipur web-hosting/IT firm; no trace of own Mumbai DC (likely rented rack).,2026-09-30,none,"","","","","",,,[existence] No independent trace beyond the Data Center Map listing (checked 30 Sep 2026): IndiaMART: R3esolution Infotech is a Jaipur web-hosting/IT firm; no trace of own Mumbai DC (likely rented rack).,v2,CC BY-NC 4.0
IN205,RackBank DC Madya Pradesh,Rackbank Datacenters Pvt. Ltd.,colocation,announced (planned),high,"Facility matched on a fetched page, with a second source. No published IT load; the capacity used is modelled.",not published: modelled,"No IT load is published for this facility. The MW used is modelled (class weight x 3.22 MW per weight unit) and is an allocation, not a measurement. Other figures found (not used: not a live IT load, or its measure is not stated): 80 MW other (design/build-out) https://www.datacentermap.com/india/indore/rackbank-madya-pradesh/",,Indore,Dhar,Madhya Pradesh,Madhya Pradesh,campus,Data Center Map directory (datacentermap.com),,,"","",80 MW other (design/build-out) https://www.datacentermap.com/india/indore/rackbank-madya-pradesh/,,9.671,"modelled: class weight x MW per weight unit (commercial, anchored to 1,800 MW)",https://www.datacentermap.com/india/indore/rackbank-madya-pradesh/,http://web.archive.org/web/20241214025316/https://www.datacentermap.com/india/indore/rackbank-madya-pradesh/,Data Center Map: RackBank DC Madya Pradesh,directory,https://w.media/rackbank-announces-launch-of-ai-data-center-in-indore/,https://web.archive.org/web/20261001052012/https://w.media/rackbank-announces-launch-of-ai-data-center-in-indore/,W.Media: RackBank announces launch of AI data center in Indore,trade_press,confirmed,fetched,"80 MW AI DC in development; up to 60,000 GPUs",TRUE,Announced stage per DCM; possibly overlaps RackBank Indore campus. (matched on fetched DCM city index; facility page itself not opened.),2026-09-30,same operator,Rackbank Indore Campus,planned,Planned,Large (10-99 MW),"",,,,v2,CC BY-NC 4.0
IN206,RackBank DC SEZ 1,Rackbank Datacenters Pvt. Ltd.,colocation,operating,high,"Facility matched on a fetched page, with a second source. No published IT load; the capacity used is modelled.",not published: modelled,"No current (live) IT load is published for this facility. The MW used is modelled (class weight x 3.22 MW per weight unit) and is an allocation, not a measurement.",,"Crystal IT Park SEZ, Indore",Indore,Madhya Pradesh,Madhya Pradesh,campus,Data Center Map directory (datacentermap.com),,,"","","",9.671,9.671,"modelled: class weight x MW per weight unit (commercial, anchored to 1,800 MW)",https://www.datacentermap.com/india/indore/rack-bank/,https://web.archive.org/web/20250316033901/https://www.datacentermap.com/india/indore/rack-bank/,Data Center Map: RackBank DC SEZ 1,directory,"","","","",confirmed,fetched,"35,000 sq ft, Tier III+",TRUE,DCM only; no MW. (matched on fetched DCM city index; facility page itself not opened.),2026-09-30,same operator,Rackbank Indore Campus,operating,Under Construction,Large (10-99 MW),"",,,,v2,CC BY-NC 4.0
IN207,RackBank Chennai GigaCampus (Sriperumbudur),Rackbank Datacenters Pvt. Ltd.,colocation,announced (planned),medium,"Listed in Data Center Map; the operator confirms a data centre in this city, but not this exact building. No published IT load; the capacity used is modelled. Corrected in this revision (see correction_applied and correction_evidence).",not published: modelled,"No IT load is published for this facility. The MW used is modelled (class weight x 3.22 MW per weight unit) and is an allocation, not a measurement.",,Chennai,Kancheepuram,Tamil Nadu,Tamil Nadu,locality,Data Center Map directory (datacentermap.com),,,"","","",,9.671,"modelled: class weight x MW per weight unit (commercial, anchored to 1,800 MW)",https://www.datacentermap.com/india/chennai/rackbank-gigacampus-one/,https://web.archive.org/web/20241211212248/https://www.datacentermap.com/india/chennai/rackbank-gigacampus-one/,RackBank GigaCampus ONE - Data Center Map,directory,https://baxtel.com/data-center/gigacampus-one,https://web.archive.org/web/20261001045332/https://baxtel.com/data-center/gigacampus-one,"",baxtel,partial,fetched,"","","Listed on DCM city index; facility page not opened (no MW in row). | Independent check 30 Sep 2026 (likely): Announced 2021 (DCD; 500MW, build due late 2021); Baxtel still 'planned, 2027'. No construction evidence in 5 yrs; DCM wrongly says operational. Stale project.",2026-09-30,matched_on_review,Rackbank Tamil Nadu,planned,Planned,Hyperscale (100-999 MW),"","status: operating -> announced (RackBank Chennai (Sriperumbudur) campus planned for 2027; no construction or operation found) | name: RackBank GigaCampus ONE -> RackBank Chennai GigaCampus (Sriperumbudur) (RackBank now uses """"GigaCampus ONE"""" for Raipur (IN208))",https://www.rackbank.com/gigacampus.php,,v2,CC BY-NC 4.0
IN208,RackBank Nava Raipur,Rackbank Datacenters Pvt. Ltd.,colocation,under construction,high,"Facility matched on a fetched page, with a second source. No published IT load; the capacity used is modelled.",not published: modelled,"No IT load is published for this facility. The MW used is modelled (class weight x 3.22 MW per weight unit) and is an allocation, not a measurement. Other figures found (not used: not a live IT load, or its measure is not stated): 80 MW other (design/build-out) https://www.datacentermap.com/india/raipur/rackbank-nava-raipur/; 160 MW other (design/build-out) https://www.datacentermap.com/india/raipur/rackbank-nava-raipur/",,"CBD Naya Raipur, Sector 22",Raipur,Chattisgarh,Chattisgarh,campus,Data Center Map directory (datacentermap.com),,,"","",80 MW other (design/build-out) https://www.datacentermap.com/india/raipur/rackbank-nava-raipur/; 160 MW other (design/build-out) https://www.datacentermap.com/india/raipur/rackbank-nava-raipur/,,9.671,"modelled: class weight x MW per weight unit (commercial, anchored to 1,800 MW)",https://www.datacentermap.com/india/raipur/rackbank-nava-raipur/,http://archive.today/2026.10.10-143537/https://www.datacentermap.com/india/raipur/rackbank-nava-raipur/,Data Center Map: RackBank Nava Raipur,directory,https://www.datacenterdynamics.com/en/news/rackbank-breaks-ground-on-data-center-campus-in-central-india/,http://web.archive.org/web/20250725195930/https://www.datacenterdynamics.com/en/news/rackbank-breaks-ground-on-data-center-campus-in-central-india/,DCD: RackBank breaks ground on data center campus in central India,trade_press,confirmed,fetched,"Phase 1 80 MW, expandable to 160 MW (DCM index text)",TRUE,Groundbreaking 7 May 2025 per DCD; under construction consistent. (matched on fetched DCM city index; facility page itself not opened.),2026-09-30,same operator,Rackbank Raipur Campus,planned,Planned,Hyperscale (100-999 MW),"",,,,v2,CC BY-NC 4.0
IN209,RailTel Secunderabad Data Center,RailTel Corporation of India Ltd.,telecom,operating,high,"Facility matched on a fetched page, with a second source. No published IT load; the capacity used is modelled.",not published: modelled,"No current (live) IT load is published for this facility. The MW used is modelled (class weight x 3.22 MW per weight unit) and is an allocation, not a measurement.",,Hyderabad,Hyderabad,Andhra Pradesh,Telangana,building,Data Center Map directory (datacentermap.com),,,"","","",1.612,1.612,"modelled: class weight x MW per weight unit (non-commercial, not anchored)",https://www.datacentermap.com/india/hyderabad/railtel-corporation-of-india-ltd/,https://web.archive.org/web/20250108140814/https://www.datacentermap.com/india/hyderabad/railtel-corporation-of-india-ltd/,RailTel Secunderabad Data Center - Data Center Map,directory,https://baxtel.com/data-center/railtel-secunderabad-dc,https://web.archive.org/web/20261001033150/https://baxtel.com/data-center/railtel-secunderabad-dc,"",directory,confirmed,fetched,"","","Matched by name on DCM city index page (fetched); facility page not opened; no second source sought. | Independent check 30 Sep 2026 (confirmed): Uptime Institute lists RailTel Secunderabad (Tier III). Baxtel: B-Block 2nd floor Rail Nilayam, operational, built 2014.",2026-09-30,same operator,RailTel Secunderabad Data Center,operating,Partially Operational,Small (<10 MW),https://www.railtel.in/tenders/archive-tenders/railtel-e-tender-ot-sr-dc-2026-27-03-en-gb.html?view=atender,,,,v2,CC BY-NC 4.0
IN210,RailTel Silver Jubilee Data Center,RailTel Corporation of India Ltd.,telecom,under construction,medium,"Facility matched on a fetched page, with a second source. No published IT load; the capacity used is modelled. Corrected in this revision (see correction_applied and correction_evidence). Open issue: [capacity] RailTel Silver Jubilee DC, Noida (built with Techno Digital): 10 MW (RailTel, measure not stated); Techno Digital claims an 800 kW phase 1 is live",not published: modelled,"No IT load is published for this facility. The MW used is modelled (class weight x 3.22 MW per weight unit) and is an allocation, not a measurement. Other figures found (not used: not a live IT load, or its measure is not stated): 10 MW other (unclear) https://www.datacentermap.com/india/noida/railtel-silver-jubilee-data-center/",,"Phase 2, Noida",Gautam Buddha Nagar,Uttar Pradesh,Uttar Pradesh,locality,Data Center Map directory (datacentermap.com),,,"","",10 MW other (unclear) https://www.datacentermap.com/india/noida/railtel-silver-jubilee-data-center/,,1.612,"modelled: class weight x MW per weight unit (non-commercial, not anchored)",https://www.datacentermap.com/india/noida/railtel-silver-jubilee-data-center/,http://archive.today/2026.10.02-163429/https://www.datacentermap.com/india/noida/railtel-silver-jubilee-data-center/,Data Center Map: RailTel Silver Jubilee Data Center,directory,"","","","",confirmed,fetched,10 MW facility (DCM text),"",DCM says 10 MW; row has no MW. (matched on fetched DCM city index; facility page itself not opened.),2026-09-30,same operator,RailTel Silver Jubilee Noida Data Center,planned,Under Construction,Large (10-99 MW),https://psuwatch.com/newsupdates/railtel-performs-bhoomi-puja-for-10-mw-silver-jubilee-data-centre-in-noida https://www.theweek.in/wire-updates/business/2025/11/25/dcm71-biz-railtel-data-centre.html https://www.techno.co.in/business/data-center,"status: operating -> construction (RailTel Silver Jubilee DC, Noida: bhoomi pujan 25 Nov 2025; build 1.5-3 years)",https://www.theweek.in/wire-updates/national/2025/11/25/des35-rail-vaishnaw-data-centre.html,"[capacity] RailTel Silver Jubilee DC, Noida (built with Techno Digital): 10 MW (RailTel, measure not stated); Techno Digital claims an 800 kW phase 1 is live",v2,CC BY-NC 4.0
IN211,Reliance IDC Bengaluru #1,Reliance Data Center,telecom,operating,low,Listed in the Data Center Map directory only; no independent source was found. No published IT load; the capacity used is modelled. Open issue: [status] Reliance IDC Bengaluru #1: Reliance Communications (data centres held by Globalcom IDC) is in insolvency; no evidence of this site after 2020 and not on PeeringDB | [existence] No independent trace beyond the Data Center Map listing (checked 30 Sep 2026): DCM: 49 Race Course Rd Bengaluru; URL slug 'reliance-idc-telangana'. No independent trace: PeeringDB lists RCom IDCs only in Mumbai/Chennai/Hyderabad. Operator (RCom) insolvent; site may be closed.,not published: modelled,"No current (live) IT load is published for this facility. The MW used is modelled (class weight x 3.22 MW per weight unit) and is an allocation, not a measurement.",,Bengaluru,Bangalore,Karnataka,Karnataka,building,Data Center Map directory (datacentermap.com),,,"","","",1.612,1.612,"modelled: class weight x MW per weight unit (non-commercial, not anchored)",https://www.datacentermap.com/india/bangalore/reliance-idc-telangana/,https://web.archive.org/web/20250217174825/https://www.datacentermap.com/india/bangalore/reliance-idc-telangana/,Reliance IDC Bengaluru #1 - Data Center Map,directory,"https://www.peeringdb.com/api/fac?country=IN&city__in=Chennai,Kochi,Cochin,Ernakulam,Hyderabad,Bangalore,Bengaluru,Coimbatore","https://web.archive.org/web/20261001040437/https://www.peeringdb.com/api/fac?country=IN&city__in=Chennai,Kochi,Cochin,Ernakulam,Hyderabad,Bangalore,Bengaluru,Coimbatore","",peeringdb,directory_only,fetched,"","",DCM URL slug for Bengaluru #1 is 'reliance-idc-telangana' (odd slug; name says Bengaluru) - location possibly mislabelled by DCM. | Independent check 30 Sep 2026 (doubtful): DCM: 49 Race Course Rd Bengaluru; URL slug 'reliance-idc-telangana'. No independent trace: PeeringDB lists RCom IDCs only in Mumbai/Chennai/Hyderabad. Operator (RCom) insolvent; site may be closed.,2026-09-30,same operator,Reliance IDC Bengaluru #3 Whitefield,operating,Operational,Unknown,https://www.relianceidc.com/ https://www.datacentermap.com/c/reliance-data-center https://www.datacentermap.com/india/bangalore/reliance-idc-bengaluru3 https://baxtel.com/data-center/reliance-bengaluru-idc3,,,[status] Reliance IDC Bengaluru #1: Reliance Communications (data centres held by Globalcom IDC) is in insolvency; no evidence of this site after 2020 and not on PeeringDB | [existence] No independent trace beyond the Data Center Map listing (checked 30 Sep 2026): DCM: 49 Race Course Rd Bengaluru; URL slug 'reliance-idc-telangana'. No independent trace: PeeringDB lists RCom IDCs only in Mumbai/Chennai/Hyderabad. Operator (RCom) insolvent; site may be closed.,v2,CC BY-NC 4.0
IN212,Reliance IDC Bengaluru #2,Reliance Data Center,telecom,operating,low,"Facility matched on a fetched page, with a second source. No published IT load; the capacity used is modelled. Open issue: [status] Reliance IDC Bengaluru #2: as IN211",not published: modelled,"No current (live) IT load is published for this facility. The MW used is modelled (class weight x 3.22 MW per weight unit) and is an allocation, not a measurement.",,Bengaluru,Bangalore,Karnataka,Karnataka,locality,Data Center Map directory (datacentermap.com),,,"","","",1.612,1.612,"modelled: class weight x MW per weight unit (non-commercial, not anchored)",https://www.datacentermap.com/india/bangalore/reliance-idc-bengaluru2/,http://web.archive.org/web/20250206115552/https://www.datacentermap.com/india/bangalore/reliance-idc-bengaluru2/,Reliance IDC Bengaluru #2 - Data Center Map,directory,https://baxtel.com/data-center/reliance-bengaluru-idc2,https://web.archive.org/web/20261001040518/https://baxtel.com/data-center/reliance-bengaluru-idc2,"",baxtel,confirmed,fetched,"","","Matched by name on DCM city index page (fetched); facility page not opened; no second source sought. | Independent check 30 Sep 2026 (confirmed): Baxtel: Reliance Bengaluru IDC2, Pipeline Rd, fully operational; operator is Reliance Communications (RCom), not Jio. Status undated.",2026-09-30,same operator,Reliance IDC Bengaluru #3 Whitefield,operating,Operational,Unknown,https://www.relianceidc.com/ https://www.datacentermap.com/c/reliance-data-center https://www.datacentermap.com/india/bangalore/reliance-idc-bengaluru3 https://baxtel.com/data-center/reliance-bengaluru-idc3,,,[status] Reliance IDC Bengaluru #2: as IN211,v2,CC BY-NC 4.0
IN213,Reliance IDC Bengaluru #3,Reliance Data Center,telecom,operating,low,"Listed in Data Center Map; the operator confirms a data centre in this city, but not this exact building. No published IT load; the capacity used is modelled. Open issue: [status] Reliance IDC Bengaluru #3: as IN211",not published: modelled,"No current (live) IT load is published for this facility. The MW used is modelled (class weight x 3.22 MW per weight unit) and is an allocation, not a measurement.",,Bengaluru,Bangalore,Karnataka,Karnataka,campus,Data Center Map directory (datacentermap.com),,,"","","",1.612,1.612,"modelled: class weight x MW per weight unit (non-commercial, not anchored)",https://www.datacentermap.com/india/bangalore/reliance-idc-bengaluru/,http://web.archive.org/web/20250424123428/https://www.datacentermap.com/india/bangalore/reliance-idc-bengaluru/,Reliance IDC Bengaluru #3 - Data Center Map,directory,https://baxtel.com/data-center/reliance-bengaluru-idc3,https://web.archive.org/web/20261001040614/https://baxtel.com/data-center/reliance-bengaluru-idc3,"",directory,partial,fetched,"","","Matched by name on DCM city index page (fetched); facility page not opened; no second source sought. | Independent check 30 Sep 2026 (likely): Baxtel and datacenterhawk list Reliance Bengaluru IDC3, 16 Whitefield Main Rd, Sadaramangala (Reliance Communications). No dated status; RCom insolvent since 2019.",2026-09-30,same operator,Reliance IDC Bengaluru #3 Whitefield,operating,Operational,Unknown,https://www.relianceidc.com/ https://www.datacentermap.com/c/reliance-data-center https://www.datacentermap.com/india/bangalore/reliance-idc-bengaluru3 https://baxtel.com/data-center/reliance-bengaluru-idc3,,,[status] Reliance IDC Bengaluru #3: as IN211,v2,CC BY-NC 4.0
IN214,Reliance IDC Chennai,Reliance Data Center,telecom,operating,medium,"Listed in Data Center Map; the operator confirms a data centre in this city, but not this exact building. No published IT load; the capacity used is modelled.",not published: modelled,"No current (live) IT load is published for this facility. The MW used is modelled (class weight x 3.22 MW per weight unit) and is an allocation, not a measurement.",,Chennai,Chennai,Tamil Nadu,Tamil Nadu,building,Data Center Map directory (datacentermap.com),,,"","","",1.612,1.612,"modelled: class weight x MW per weight unit (non-commercial, not anchored)",https://www.datacentermap.com/india/chennai/reliance-idc-chennai/,http://web.archive.org/web/20250318045422/https://www.datacentermap.com/india/chennai/reliance-idc-chennai/,Reliance IDC Chennai - Data Center Map,directory,https://inflect.com/building/10-a-haddows-road-nungambakkam-chennai/reliance-industries/datacenter/reliance-chennai-idc,https://web.archive.org/web/20261001045427/https://inflect.com/building/10-a-haddows-road-nungambakkam-chennai/reliance-industries/datacenter/reliance-chennai-idc,"",directory,partial,fetched,"","","Listed on DCM city index; facility page not opened (no MW in row). | Independent check 30 Sep 2026 (likely): Inflect: Reliance Chennai IDC, 10-A Haddows Rd, Nungambakkam, operational, hosts Extreme IX Chennai (ex-Reliance Comm IDC). Not the 2025 Digital Connexion Ambattur DC.",2026-09-30,same operator,Reliance Jio Siruseri Data Centre,operating,Operational,Unknown,https://www.zenlayer.com/global/datacenters/maa3 https://environmentclearance.nic.in/writereaddata/FormB/agenda/1603202350553139357SEACMINUTES_compressed.pdf https://www.ocmms.nic.in/OCMMS_NEW/getData.action?application=approved&district=MARAIMALAI++NAGAR&state=Tamil+Nadu&status=consent&yearFrom=2014&yearTo=2024,,,,v2,CC BY-NC 4.0
IN215,Reliance IDC Hyderabad,Reliance Data Center,telecom,operating,low,"Facility matched on a fetched page, with a second source. No published IT load; the capacity used is modelled. Open issue: [status] Reliance IDC Hyderabad: operator in insolvency; no evidence newer than 2017",not published: modelled,"No current (live) IT load is published for this facility. The MW used is modelled (class weight x 3.22 MW per weight unit) and is an allocation, not a measurement.",,Hyderabad,Rangareddy,Andhra Pradesh,Telangana,campus,Data Center Map directory (datacentermap.com),,,"","","",1.612,1.612,"modelled: class weight x MW per weight unit (non-commercial, not anchored)",https://www.datacentermap.com/india/hyderabad/reliance-idc-hyderabad/,http://web.archive.org/web/20250108181846/https://www.datacentermap.com/india/hyderabad/reliance-idc-hyderabad/,Reliance IDC Hyderabad - Data Center Map,directory,https://www.peeringdb.com/fac/1014,https://web.archive.org/web/20261001033340/https://www.peeringdb.com/fac/1014,"",peeringdb,confirmed,fetched,"","","Matched by name on DCM city index page (fetched); facility page not opened; no second source sought. | Independent check 30 Sep 2026 (confirmed): PeeringDB fac 1014 (updated Sep 2025): Reliance Communications, Plot 20 Hitec City, Madhapur. RCom in insolvency; no dated evidence of current operation.",2026-09-30,same operator,Reliance Communications Hyderabad Data Center,operating,Operational,Small (<10 MW),https://www.rcom.co.in/solutions/data-center-services/colocation/,,,[status] Reliance IDC Hyderabad: operator in insolvency; no evidence newer than 2017,v2,CC BY-NC 4.0
IN216,Reliance IDC Mumbai #1,Reliance Data Center,telecom,operating,high,"Facility matched on a fetched page, with a second source. No published IT load; the capacity used is modelled.",not published: modelled,"No current (live) IT load is published for this facility. The MW used is modelled (class weight x 3.22 MW per weight unit) and is an allocation, not a measurement.",,Mumbai,Thane,Maharashtra,Maharashtra,campus,Data Center Map directory (datacentermap.com),,,"","","",1.612,1.612,"modelled: class weight x MW per weight unit (non-commercial, not anchored)",https://www.datacentermap.com/india/mumbai/reliance-dc-mumbai/,http://web.archive.org/web/20250217143913/https://www.datacentermap.com/india/mumbai/reliance-dc-mumbai/,Reliance IDC Mumbai #1 - Data Center Map,directory,https://baxtel.com/data-center/reliance-dakc-mumbai-idc-1,https://web.archive.org/web/20261001025538/https://baxtel.com/data-center/reliance-dakc-mumbai-idc-1,"",baxtel,confirmed,fetched,"","","Matched by name on DCM city index page (fetched); facility page itself not opened; status not read. | Independent check 30 Sep 2026 (confirmed): Baxtel: Reliance DAKC Mumbai IDC-1, operational (RCom). Located in DAKC Navi Mumbai (Thane dist) - consistent.",2026-09-30,same operator,Reliance Communications Mumbai Campus,operating,Operational,Large (10-99 MW),"",,,,v2,CC BY-NC 4.0
IN217,Reliance IDC Mumbai #2,Reliance Data Center,telecom,operating,high,"Facility matched on a fetched page, with a second source. No published IT load; the capacity used is modelled.",not published: modelled,"No current (live) IT load is published for this facility. The MW used is modelled (class weight x 3.22 MW per weight unit) and is an allocation, not a measurement.",,Navi Mumbai,Thane,Maharashtra,Maharashtra,campus,Data Center Map directory (datacentermap.com),,,"","","",1.612,1.612,"modelled: class weight x MW per weight unit (non-commercial, not anchored)",https://www.datacentermap.com/india/navi-mumbai/reliance-idc-navi-mumbai/,http://web.archive.org/web/20250218231035/https://www.datacentermap.com/india/navi-mumbai/reliance-idc-navi-mumbai/,Reliance IDC Mumbai #2 - Data Center Map,directory,https://datacenterhawk.com/marketplace/providers/reliance-data-center/dakc-thane-belapur-road/idc-2,http://archive.today/2026.10.02-142116/https://datacenterhawk.com/marketplace/providers/reliance-data-center/dakc-thane-belapur-road/idc-2,"",directory,confirmed,fetched,"","","Matched by name on DCM city index page (fetched); facility page itself not opened; status not read. | Independent check 30 Sep 2026 (confirmed): PeeringDB fac 1006 'Reliance IDC-2', DAKC Thane-Belapur Rd, Navi Mumbai (RCom). datacenterhawk IDC-2: no leaseable power/no plans; current operation unverified.",2026-09-30,same operator,Reliance Communications Mumbai Campus,operating,Operational,Large (10-99 MW),"",,,,v2,CC BY-NC 4.0
IN218,Reliance IDC Mumbai #3,Reliance Data Center,telecom,operating,medium,"Listed in Data Center Map; the operator confirms a data centre in this city, but not this exact building. No published IT load; the capacity used is modelled.",not published: modelled,"No current (live) IT load is published for this facility. The MW used is modelled (class weight x 3.22 MW per weight unit) and is an allocation, not a measurement.",,Navi Mumbai,Thane,Maharashtra,Maharashtra,campus,Data Center Map directory (datacentermap.com),,,"","","",1.612,1.612,"modelled: class weight x MW per weight unit (non-commercial, not anchored)",https://www.datacentermap.com/india/navi-mumbai/reliance-idc-mumbai-3/,https://web.archive.org/web/20240908161223/https://www.datacentermap.com/india/navi-mumbai/reliance-idc-mumbai-3/,Reliance IDC Mumbai #3 - Data Center Map,directory,https://datacenterhawk.com/marketplace/providers/reliance-data-center/internet-data-center-3-dakc/idc-3,https://web.archive.org/web/20241114201042/https://datacenterhawk.com/marketplace/providers/reliance-data-center/internet-data-center-3-dakc/idc-3,"",directory,partial,fetched,"","","Matched by name on DCM city index page (fetched); facility page itself not opened; status not read. | Independent check 30 Sep 2026 (likely): datacenterhawk lists Reliance IDC-3, DAKC, Navi Mumbai (RCom). DCM: NNOC Bldg, DAKC, Thane-Belapur Rd. No dated status; RCom insolvent.",2026-09-30,same operator,Reliance Communications Mumbai Campus,operating,Operational,Large (10-99 MW),"",,,,v2,CC BY-NC 4.0
IN219,Reliance IDC Mumbai #4,Reliance Data Center,telecom,operating,medium,"Listed in Data Center Map; the operator confirms a data centre in this city, but not this exact building. No published IT load; the capacity used is modelled.",not published: modelled,"No current (live) IT load is published for this facility. The MW used is modelled (class weight x 3.22 MW per weight unit) and is an allocation, not a measurement.",,Navi Mumbai,Thane,Maharashtra,Maharashtra,campus,Data Center Map directory (datacentermap.com),,,"","","",1.612,1.612,"modelled: class weight x MW per weight unit (non-commercial, not anchored)",https://www.datacentermap.com/india/navi-mumbai/reliance-idc-mumbai-4/,https://web.archive.org/web/20240908160558/https://www.datacentermap.com/india/navi-mumbai/reliance-idc-mumbai-4/,Reliance IDC Mumbai #4 - Data Center Map,directory,https://datacenterhawk.com/marketplace/providers/reliance-data-center/internet-data-center-3-dakc/idc-3,https://web.archive.org/web/20241114201042/https://datacenterhawk.com/marketplace/providers/reliance-data-center/internet-data-center-3-dakc/idc-3,"",directory,partial,fetched,"","","Matched by name on DCM city index page (fetched); facility page itself not opened; status not read. | Independent check 30 Sep 2026 (likely): Only directory trace of Reliance IDCs at DAKC Navi Mumbai (datacenterhawk IDC-3, no detail); no independent source for #4.",2026-09-30,same operator,Reliance Communications Mumbai Campus,operating,Operational,Large (10-99 MW),"",,,,v2,CC BY-NC 4.0
IN220,Reliance Jamnagar AI DC,Reliance,telecom,announced (planned),high,"Facility matched on a fetched page, with a second source. No published IT load; the capacity used is modelled.",not published: modelled,"No IT load is published for this facility. The MW used is modelled (class weight x 3.22 MW per weight unit) and is an allocation, not a measurement. Other figures found (not used: not a live IT load, or its measure is not stated): 1000 MW other (design/build-out) https://www.businesstoday.in/amp/technology/news/story/ril-agm-2024-jamnagar-to-get-gigawatt-scale-ai-ready-data-centre-powered-by-reliance-green-energy-443516-2024-08-29",,"Jamnagar, Gujarat",Jamnagar,Gujarat,Gujarat,city,operator census (operator's own facility list),,,"","",1000 MW other (design/build-out) https://www.businesstoday.in/amp/technology/news/story/ril-agm-2024-jamnagar-to-get-gigawatt-scale-ai-ready-data-centre-powered-by-reliance-green-energy-443516-2024-08-29,,1.612,"modelled: class weight x MW per weight unit (non-commercial, not anchored)",https://www.businesstoday.in/amp/technology/news/story/ril-agm-2024-jamnagar-to-get-gigawatt-scale-ai-ready-data-centre-powered-by-reliance-green-energy-443516-2024-08-29,https://web.archive.org/web/20261001003340/https://www.businesstoday.in/amp/technology/news/story/ril-agm-2024-jamnagar-to-get-gigawatt-scale-ai-ready-data-centre-powered-by-reliance-green-energy-443516-2024-08-29,RIL AGM 2024: Jamnagar to get Gigawatt-scale AI-ready data centre (Business Today),trade_press,https://w.media/reliance-to-build-gw-scale-ai-ready-data-center-in-gujarat/,https://web.archive.org/web/20261001003445/https://w.media/reliance-to-build-gw-scale-ai-ready-data-center-in-gujarat/,Reliance to build GW-scale AI-ready Data Center in Gujarat (w.media),trade_press,confirmed,fetched,"Announced at 47th AGM Aug 29 2024; gigawatt-scale, no MW figure",TRUE,"Second source seen in search results only. Status reflects 2024 announcement; later progress not checked. Media also cites a $30bn figure (therealtytoday, search only). | Double-check 30 Sep 2026 (sources support: yes; exists: likely): Announcement only; no site or MW detail in either source.",2026-09-30,same operator,Reliance Communications Jamnagar Campus,planned,Planned,Hyperscale (100-999 MW),https://www.datacenterdynamics.com/en/news/meta-inks-deal-for-168mw-of-data-center-space-at-new-reliance-industries-data-center-in-gujarat-india/ https://datacenters.atmeta.com/2026/06/bringing-ai-enabled-infrastructure-to-india/ https://about.fb.com/news/2026/06/meta-partners-with-reliance-on-ai-enabled-data-center-in-india/ https://www.ril.com/sites/default/files/2026-06/10062026_MR_Reliance_and_Meta_to_Develop_AI-Enabled_Data_Centre_in_Jamnagar_Gujarat.pdf,,,,v2,CC BY-NC 4.0
IN221,Renaissance Data Center,Renaissance Technologies,enterprise,operating,medium,"Listed in Data Center Map; the operator confirms a data centre in this city, but not this exact building. No published IT load; the capacity used is modelled.",not published: modelled,"No current (live) IT load is published for this facility. The MW used is modelled (class weight x 3.22 MW per weight unit) and is an allocation, not a measurement.",,Bengaluru,Bangalore,Karnataka,Karnataka,locality,Data Center Map directory (datacentermap.com),,,"","","",3.224,3.224,"modelled: class weight x MW per weight unit (non-commercial, not anchored)",https://www.datacentermap.com/india/bangalore/renaissancedc/,https://web.archive.org/web/20250322162113/https://www.datacentermap.com/india/bangalore/renaissancedc/,Renaissance Data Center - Data Center Map,directory,https://datacenterhawk.com/marketplace/providers/renaissance-technologies/5ac-952-ist-block-hrbr-outer-ring-road/1064248,https://web.archive.org/web/20250121010620/https://datacenterhawk.com/marketplace/providers/renaissance-technologies/5ac-952-ist-block-hrbr-outer-ring-road/1064248,"",directory,partial,fetched,"","",Matched by name on DCM city index page (fetched); facility page not opened; no second source sought. | Independent check 30 Sep 2026 (likely): IndiaMART lists colocation/VPS services; datacenterhawk shows 37k sqft retrofit at same HRBR addr but 'not yet commissioned or leased'. Small firm; status unclear.,2026-09-30,none,"","","","","",,,,v2,CC BY-NC 4.0
IN222,SOLOIDC Noida DC,SOLOIDC Technologies Pvt Ltd,enterprise,operating,high,"Facility matched on a fetched page, with a second source. No published IT load; the capacity used is modelled.",not published: modelled,"No current (live) IT load is published for this facility. The MW used is modelled (class weight x 3.22 MW per weight unit) and is an allocation, not a measurement.",,"Sector 63 area, Noida",Gautam Buddha Nagar,Uttar Pradesh,Uttar Pradesh,locality,Data Center Map directory (datacentermap.com),,,"","","",0,0,"modelled: class weight x MW per weight unit (non-commercial, not anchored)",https://www.datacentermap.com/india/noida/soloidc-technologies/,http://web.archive.org/web/20240814005637/https://www.datacentermap.com/india/noida/soloidc-technologies/,Data Center Map: SOLOIDC Noida DC,directory,"","","","",confirmed,fetched,"","",DCM only. (matched on fetched DCM city index; facility page itself not opened.),2026-09-30,none,"","","","","",,,,v2,CC BY-NC 4.0
IN223,STT Ahmedabad DC 1,STT GDC India,colocation,operating,high,"Facility matched on a fetched page, with a second source. No published IT load; the capacity used is modelled.",not published: modelled,"No current (live) IT load is published for this facility. The MW used is modelled (class weight x 3.22 MW per weight unit) and is an allocation, not a measurement.",,"GIFT City, Gandhinagar",Gandhinagar,Gujarat,Gujarat,campus,Data Center Map directory (datacentermap.com),,,"","","",9.671,9.671,"modelled: class weight x MW per weight unit (commercial, anchored to 1,800 MW)",https://www.datacentermap.com/india/ahmedabad/stt-ahmedabad-dc1/,http://web.archive.org/web/20250211063226/https://www.datacentermap.com/india/ahmedabad/stt-ahmedabad-dc1/,Data Center Map: STT Ahmedabad DC 1,directory,"","","","",confirmed,fetched,enterprise-grade facility in GIFT shared IT hub,TRUE,DCM only; no MW published. (matched on fetched DCM city index; facility page itself not opened.),2026-09-30,same operator,ST Telemedia Global Data Centres Gujarat,operating,Operational,Small (<10 MW),"",,,,v2,CC BY-NC 4.0
IN224,STT Bengaluru DC 1,STT GDC India,colocation,operating,high,"Facility matched on a fetched page, with a second source. Corrected in this revision (see correction_applied and correction_evidence).",reported IT load,Basis: current 0.6 MW: operator IT load (STT location page); build-out 0.6 MW: operator IT load (STT location page) (updated 30 Sep 2026).,,Bengaluru,Bangalore,Karnataka,Karnataka,campus,Data Center Map directory (datacentermap.com),0.6,0.6,current 0.6 MW: operator IT load (STT location page); build-out 0.6 MW: operator IT load (STT location page) (updated 30 Sep 2026),"",0.6 MW IT (current) https://www.sttgdc.com/in-en/locations/bengaluru; 0.6 MW IT (build-out) https://www.sttgdc.com/in-en/locations/bengaluru,0.6,0.6,reported (see mw_basis),https://www.datacentermap.com/india/bangalore/stt-bengaluru-dc1/,http://web.archive.org/web/20250520231652/https://www.datacentermap.com/india/bangalore/stt-bengaluru-dc1/,STT Bengaluru DC 1 - Data Center Map,directory,https://www.sttgdc.com/resources/STT-Bengaluru-DC-1,https://web.archive.org/web/20261001040912/https://www.sttgdc.com/resources/STT-Bengaluru-DC-1,"",operator,confirmed,fetched,"","","Matched by name on DCM city index page (fetched); facility page not opened; no second source sought. | Independent check 30 Sep 2026 (confirmed): Operator page: STT Bengaluru DC 1 at VSB Sanjay Nagar, live. | Same building also listed as 'Tata Communications Bangalore VSB' (IN279, merged): https://www.datacentermap.com/india/bangalore/tata-bangalore-vsb/",2026-09-30,same operator,STT Bengaluru DC1,operating,Operational,Small (<10 MW),https://www.sttelemediagdc.com/in-en/locations/bengaluru,mw_reported: blank -> 0.6 (operator IT load (STT location page)) | mw_reported_buildout: blank -> 0.6 (operator IT load (STT location page)),https://www.sttgdc.com/in-en/locations/bengaluru,,v2,CC BY-NC 4.0
IN225,STT Bengaluru DC 2,STT GDC India,colocation,operating,high,"Facility matched on a fetched page, with a second source. Corrected in this revision (see correction_applied and correction_evidence).",reported IT load,Basis: current 4 MW: operator IT load (STT location page); build-out 4 MW: operator IT load (STT location page) (updated 30 Sep 2026).,,Bengaluru,Bangalore,Karnataka,Karnataka,campus,Data Center Map directory (datacentermap.com),4,4,current 4 MW: operator IT load (STT location page); build-out 4 MW: operator IT load (STT location page) (updated 30 Sep 2026),"",4 MW IT (current) https://www.sttgdc.com/in-en/locations/bengaluru; 4 MW IT (build-out) https://www.sttgdc.com/in-en/locations/bengaluru,4,4,reported (see mw_basis),https://www.datacentermap.com/india/bangalore/stt-bengaluru-dc2/,https://web.archive.org/web/20250318141539/https://www.datacentermap.com/india/bangalore/stt-bengaluru-dc2/,STT Bengaluru DC 2 - Data Center Map,directory,https://www.sttgdc.com/in-en/locations/bengaluru,https://web.archive.org/web/20261001041139/https://www.sttgdc.com/in-en/locations/bengaluru,"",operator,confirmed,fetched,"","","Matched by name on DCM city index page (fetched); facility page not opened; no second source sought. | Independent check 30 Sep 2026 (confirmed): STT site: Bengaluru 2, KIADB (EPIP Whitefield), 100,000 sq ft, 4 MW IT, operational. Baxtel: ex-Tata Comm, built 2009. | Same building also listed as 'Tata Communications Bangalore KIADB' (IN278, merged): https://www.datacentermap.com/india/bangalore/tata-bangalore-kiadb/",2026-09-30,same operator,STT Bengaluru DC2,operating,Operational,Small (<10 MW),https://www.sttelemediagdc.com/in-en/locations/bengaluru,mw_reported: blank -> 4 (operator IT load (STT location page)) | mw_reported_buildout: blank -> 4 (operator IT load (STT location page)),https://www.sttgdc.com/in-en/locations/bengaluru,,v2,CC BY-NC 4.0
IN226,STT Bengaluru DC 3,STT GDC India,colocation,operating,high,"Facility matched on a fetched page, with a second source. Corrected in this revision (see correction_applied and correction_evidence).",reported IT load,Basis: current 18 MW: STT: 18 MW IT load at opening; build-out 18 MW: STT: 18 MW IT load at opening (updated 30 Sep 2026).,,Bengaluru,Bangalore,Karnataka,Karnataka,campus,Data Center Map directory (datacentermap.com),18,18,current 18 MW: STT: 18 MW IT load at opening; build-out 18 MW: STT: 18 MW IT load at opening (updated 30 Sep 2026),"",18 MW IT (current) https://www.sttgdc.com/resources/stt-gdc-india-opens-its-15th-data-centre-in-bengaluru; 18 MW IT (build-out) https://www.sttgdc.com/resources/stt-gdc-india-opens-its-15th-data-centre-in-bengaluru,18,18,reported (see mw_basis),https://www.datacentermap.com/india/bangalore/stt-bengaluru-dc3/,https://web.archive.org/web/20241209135128/https://www.datacentermap.com/india/bangalore/stt-bengaluru-dc3/,STT Bengaluru DC 3 - Data Center Map,directory,https://www.sttgdc.com/resources/stt-gdc-india-opens-its-15th-data-centre-in-bengaluru,https://web.archive.org/web/20261001041346/https://www.sttgdc.com/resources/stt-gdc-india-opens-its-15th-data-centre-in-bengaluru,"",operator,confirmed,fetched,"","","Matched by name on DCM city index page (fetched); facility page not opened; no second source sought. | Independent check 30 Sep 2026 (confirmed): STT GDC release: Bengaluru DC3, Whitefield, 18 MW IT, 400,000 sq ft, inaugurated 31 Dec 2019.",2026-09-30,same operator,STT Bengaluru DC3,operating,Operational,Large (10-99 MW),https://www.sttelemediagdc.com/in-en/newsroom/stt-gdc-india-launches-15th-data-centre https://www.sttelemediagdc.com/in-en/resources/stt-bengaluru-dc-3,mw_reported: blank -> 18 (STT: 18 MW IT load at opening) | mw_reported_buildout: blank -> 18 (STT: 18 MW IT load at opening),https://www.sttgdc.com/resources/stt-gdc-india-opens-its-15th-data-centre-in-bengaluru,,v2,CC BY-NC 4.0
IN227,STT Chennai 2,STT GDC India,colocation,operating,high,"Facility matched on a fetched page, with a second source. Capacity: same page also says """">20 MW design"""" (inconsistent).","reported, but uncertain (see mw_note)","Basis: current IT (26 MW). Caution: same page also says """">20 MW design"""" (inconsistent).",,"Ambattur, Chennai",Thiruvallur,Tamil Nadu,Tamil Nadu,campus,operator census (operator's own facility list),26,26,current IT (26 MW),"same page also says """">20 MW design"""" (inconsistent)",26 MW IT load (current) https://www.sttelemediagdc.com/in-en/locations/chennai,26,26,reported (see mw_basis),https://www.sttelemediagdc.com/in-en/locations/chennai,https://web.archive.org/web/20261001010114/https://www.sttgdc.com/in-en/locations/chennai,STT GDC India location page,operator,https://www.datacentermap.com/company/stt-gdc-india_map_tenant.html,http://archive.today/2026.10.10-141959/https://www.datacentermap.com/c/stt-gdc-india/datacenters/,Data Center Map: STT GDC India facilities,directory,confirmed,fetched,Operational,TRUE,"Same page gives '>20MW design' and 26 MW current. | Same building also listed as 'Tata Communications Ambattur' (IN277, merged): https://www.datacentermap.com/india/chennai/tata-ambattur/ | Double-check 30 Sep 2026 (sources support: yes; exists: confirmed): sttelemediagdc.com redirects to sttgdc.com/in-en/locations/chennai. DCM lists STT Chennai DC2 (226 Surapet Main Rd) - check backbone double count. Data Center Map listing: https://www.datacentermap.com/india/chennai/stt-chennai-dc2/",2026-09-30,same operator,ST Telemedia Global Data Centres Chennai Campus,operating,Operational,Small (<10 MW),"",,,,v2,CC BY-NC 4.0
IN228,STT Chennai DC 4,STT GDC India,colocation,under construction,high,"Facility matched on a fetched page, with a second source. Corrected in this revision (see correction_applied and correction_evidence).",reported IT load,"Basis: build-out 17 MW: STT Chennai 4: 17 MW IT, under development (updated 30 Sep 2026).",,Chennai,Thiruvallur,Tamil Nadu,Tamil Nadu,campus,Data Center Map directory (datacentermap.com),,17,"build-out 17 MW: STT Chennai 4: 17 MW IT, under development (updated 30 Sep 2026)","",17 MW IT (build-out) https://www.sttgdc.com/in-en/locations/chennai,,17,"modelled: class weight x MW per weight unit (commercial, anchored to 1,800 MW)",https://www.datacentermap.com/india/chennai/stt-chennai-dc-4/,https://web.archive.org/web/20250321080221/https://www.datacentermap.com/india/chennai/stt-chennai-dc-4/,STT Chennai DC 4 - Data Center Map,directory,https://www.sttgdc.com/in-en/locations/chennai,https://web.archive.org/web/20261001010114/https://www.sttgdc.com/in-en/locations/chennai,"",operator,confirmed,fetched,"","","Listed on DCM city index; facility page not opened (no MW in row). | Independent check 30 Sep 2026 (confirmed): DCM page view limit. STT site: Chennai 4, Ambattur, 17 MW, under development.",2026-09-30,same operator,ST Telemedia Global Data Centres Chennai Campus,planned,Planned,Large (10-99 MW),"","mw_reported_buildout: blank -> 17 (STT Chennai 4: 17 MW IT, under development)",https://www.sttgdc.com/in-en/locations/chennai,,v2,CC BY-NC 4.0
IN229,STT Delhi 1,STT GDC India,colocation,operating,high,"Facility matched on a fetched page, with a second source.",reported IT load,Basis: current IT.,,Delhi,New Delhi,Nct Of Delhi,Nct Of Delhi,building,operator census (operator's own facility list),0.9,0.9,current IT,"",0.9 MW IT load (current) https://www.sttelemediagdc.com/in-en/locations/delhi,0.9,0.9,reported (see mw_basis),https://www.sttelemediagdc.com/in-en/locations/delhi,https://web.archive.org/web/20261001010206/https://www.sttgdc.com/in-en/locations/delhi,STT GDC India location page,operator,https://www.datacentermap.com/company/stt-gdc-india_map_tenant.html,http://archive.today/2026.10.10-141959/https://www.datacentermap.com/c/stt-gdc-india/datacenters/,Data Center Map: STT GDC India facilities,directory,confirmed,fetched,Operational,TRUE,"Delhi 1-3 combined 12 MW per page. | Same building also listed as 'Tata Communications Delhi VSB' (IN281, merged): https://www.datacentermap.com/india/new-delhi/tata-delhi-vsb | Double-check 30 Sep 2026 (sources support: yes; exists: confirmed): Operator lists 0.9 MW IT; DCM lists 1.6 MW (unspecified) at VSB, Bangla Sahib Rd. source_url redirects to sttgdc.com. Data Center Map listing: https://www.datacentermap.com/india/new-delhi/stt-delhi-dc1/",2026-09-30,same operator,ST Telemedia Global Data Centres Delhi,operating,Operational,Small (<10 MW),"",,,,v2,CC BY-NC 4.0
IN230,STT Delhi 2,STT GDC India,colocation,operating,high,"Facility matched on a fetched page, with a second source.",reported IT load,Basis: current IT.,,"Greater Kailash 1, Delhi",South,Nct Of Delhi,Nct Of Delhi,campus,operator census (operator's own facility list),1,1,current IT,"",1 MW IT load (current) https://www.sttelemediagdc.com/in-en/locations/delhi,1,1,reported (see mw_basis),https://www.sttelemediagdc.com/in-en/locations/delhi,https://web.archive.org/web/20261001010206/https://www.sttgdc.com/in-en/locations/delhi,STT GDC India location page,operator,https://www.datacentermap.com/company/stt-gdc-india_map_tenant.html,http://archive.today/2026.10.10-141959/https://www.datacentermap.com/c/stt-gdc-india/datacenters/,Data Center Map: STT GDC India facilities,directory,confirmed,fetched,Operational,TRUE,"Same building also listed as 'Tata Communications New Delhi GK1' (IN287, merged): https://www.datacentermap.com/india/new-delhi/tata-new-delhi-gk1/ | Double-check 30 Sep 2026 (sources support: yes; exists: confirmed): Operator page confirms 1 MW IT. DCM listing exists (duplicate risk). Greater Kailash is South Delhi, but metro convention -> North West ok. Data Center Map listing: https://www.datacentermap.com/india/new-delhi/stt-delhi-dc2/",2026-09-30,same operator,ST Telemedia Global Data Centres Delhi Campus,operating,Operational,Large (10-99 MW),"",,,,v2,CC BY-NC 4.0
IN231,STT Delhi 3,STT GDC India,colocation,operating,high,"Facility matched on a fetched page, with a second source. Corrected in this revision (see correction_applied and correction_evidence).",reported IT load,Basis: current 10 MW: STT page: 10 MW IT; build-out 10 MW: STT page: 10 MW IT (updated 30 Sep 2026).,,"Greater Kailash, Delhi",South,Nct Of Delhi,Nct Of Delhi,campus,operator census (operator's own facility list),10,10,current 10 MW: STT page: 10 MW IT; build-out 10 MW: STT page: 10 MW IT (updated 30 Sep 2026),"",10.1 MW IT load (current) https://www.sttelemediagdc.com/in-en/locations/delhi; 10 MW IT (current) https://www.sttelemediagdc.com/in-en/locations/delhi; 10 MW IT (build-out) https://www.sttelemediagdc.com/in-en/locations/delhi,10,10,reported (see mw_basis),https://www.sttelemediagdc.com/in-en/locations/delhi,https://web.archive.org/web/20261001010206/https://www.sttgdc.com/in-en/locations/delhi,STT GDC India location page,operator,https://www.datacentermap.com/company/stt-gdc-india_map_tenant.html,http://archive.today/2026.10.10-141959/https://www.datacentermap.com/c/stt-gdc-india/datacenters/,Data Center Map: STT GDC India facilities,directory,confirmed,fetched,Operational,TRUE,Double-check 30 Sep 2026 (sources support: yes; exists: confirmed): source_url redirects to sttgdc.com/in-en/locations/delhi. Minor MW difference (10 vs 10.1). source_url_2 is a company map page. Data Center Map listing: https://www.datacentermap.com/india/new-delhi/stt-delhi-dc3/,2026-09-30,same operator,ST Telemedia Global Data Centres Delhi Campus,operating,Operational,Large (10-99 MW),"",mw_reported: 10.1 -> 10 (STT page: 10 MW IT) | mw_reported_buildout: 10.1 -> 10 (STT page: 10 MW IT),https://www.sttelemediagdc.com/in-en/locations/delhi,,v2,CC BY-NC 4.0
IN232,STT Hyderabad DC 1,STT GDC India,colocation,operating,high,"Facility matched on a fetched page, with a second source. Corrected in this revision (see correction_applied and correction_evidence).",reported IT load,Basis: current 4 MW: operator IT load (STT location page); build-out 4 MW: operator IT load (STT location page) (updated 30 Sep 2026).,,Hyderabad,Rangareddy,Andhra Pradesh,Telangana,building,Data Center Map directory (datacentermap.com),4,4,current 4 MW: operator IT load (STT location page); build-out 4 MW: operator IT load (STT location page) (updated 30 Sep 2026),"",4 MW IT (current) https://www.sttgdc.com/in-en/locations/hyderabad; 4 MW IT (build-out) https://www.sttgdc.com/in-en/locations/hyderabad,4,4,reported (see mw_basis),https://www.datacentermap.com/india/hyderabad/stt-hyderabad-dc1/,https://web.archive.org/web/20250325223030/https://www.datacentermap.com/india/hyderabad/stt-hyderabad-dc1/,STT Hyderabad DC 1 - Data Center Map,directory,https://baxtel.com/data-center/stt-hyderabad-1,https://web.archive.org/web/20261001033457/https://baxtel.com/data-center/stt-hyderabad-1,"",directory,confirmed,fetched,"","","Matched by name on DCM city index page (fetched); facility page not opened; no second source sought. | Independent check 30 Sep 2026 (confirmed): Baxtel: STT Hyderabad 1, Software Units Layout (Madhapur), operational, built 2007 (ex-Tata Comm). | Same building also listed as 'Tata Communications Hyderabad' (IN282, merged): https://www.datacentermap.com/india/hyderabad/tata-hyderabad/",2026-09-30,same operator,STT Hyderabad 1,operating,Operational,Small (<10 MW),https://www.sttelemediagdc.com/in-en/locations/hyderabad,mw_reported: blank -> 4 (operator IT load (STT location page)) | mw_reported_buildout: blank -> 4 (operator IT load (STT location page)),https://www.sttgdc.com/in-en/locations/hyderabad,,v2,CC BY-NC 4.0
IN233,STT Jaipur (edge),STT GDC India,colocation,operating,high,"Facility matched on a fetched page, with a second source. Corrected in this revision (see correction_applied and correction_evidence).",reported IT load,Basis: current IT (6 MW ready for service since 3 Jun 2026); no larger build-out published.,,"Sitapura, Jaipur",Jaipur,Rajasthan,Rajasthan,locality,operator census (operator's own facility list),6,6,current IT (6 MW ready for service since 3 Jun 2026); no larger build-out published,"",6 MW IT load (current) https://www.sttelemediagdc.com/in-en/locations/jaipur,6,6,reported (see mw_basis),https://www.sttelemediagdc.com/in-en/locations/jaipur,https://web.archive.org/web/20261001010430/https://www.sttgdc.com/in-en/locations/jaipur,STT GDC India location page,operator,"","","","",confirmed,fetched,Ready for service since 3 Jun 2026,TRUE,"Source: Ready for Service since 3 June 2026, so row status 'construction' is out of date (now operating). | Double-check 30 Sep 2026 (sources support: yes; exists: confirmed): Name on operator page is 'STT Jaipur 1'; not listed on DCM Jaipur index.",2026-09-30,same operator,ST Telemedia Global Data Centres Rajasthan,operating,Under Construction,Small (<10 MW),"",status: construction -> operating (ready for service since 3 Jun 2026) | mw_reported: blank -> 6 (6 MW IT ready for service) | mw_reported_buildout: blank -> 6 (6 MW IT (no larger build-out published)),https://www.sttelemediagdc.com/in-en/locations/jaipur,,v2,CC BY-NC 4.0
IN234,STT Kolkata DC 1,STT GDC India,colocation,operating,high,"Facility matched on a fetched page, with a second source. Corrected in this revision (see correction_applied and correction_evidence).",reported IT load,Basis: current 3 MW: operator IT load (STT location page); build-out 3 MW: operator IT load (STT location page) (updated 30 Sep 2026).,,Kolkata,Kolkata,West Bengal,West Bengal,building,Data Center Map directory (datacentermap.com),3,3,current 3 MW: operator IT load (STT location page); build-out 3 MW: operator IT load (STT location page) (updated 30 Sep 2026),"",3 MW IT (current) https://www.sttgdc.com/in-en/locations/kolkata; 3 MW IT (build-out) https://www.sttgdc.com/in-en/locations/kolkata,3,3,reported (see mw_basis),https://www.datacentermap.com/india/kolkata/,https://web.archive.org/web/20241130161652/https://www.datacentermap.com/india/kolkata/,STT Kolkata DC 1 - Data Center Map,directory,https://www.sttgdc.com/in-en/locations/kolkata,https://web.archive.org/web/20261001050507/https://www.sttgdc.com/in-en/locations/kolkata,"",operator,confirmed,fetched,"","","Listed on DCM city index; facility page not opened (no MW in row). Kolkata index gave no per-facility URLs; source_url is the index. | Independent check 30 Sep 2026 (confirmed): Source_url is DCM city index; facility page hit limit. STT site: Kolkata 1, VSB Ultadanga, 20,000 sq ft, 3 MW, operational. (Kolkata 2, IN235: STT 'coming soon' 6 MW; w.media Apr 2025 '25MW unveiled'.) | Same building also listed as 'Tata Communications Kolkata' (IN283, merged): https://www.datacentermap.com/india/kolkata/",2026-09-30,same operator,STT Kolkata 1 — Ultadanga,operating,Operational,Small (<10 MW),https://www.sttelemediagdc.com/in-en/locations/kolkata,mw_reported: blank -> 3 (operator IT load (STT location page)) | mw_reported_buildout: blank -> 3 (operator IT load (STT location page)),https://www.sttgdc.com/in-en/locations/kolkata,,v2,CC BY-NC 4.0
IN235,STT Kolkata DC 2,STT GDC India,colocation,operating,high,"Facility matched on a fetched page, with a second source. Corrected in this revision (see correction_applied and correction_evidence).",reported IT load,"Basis: current 6 MW: STT factsheet: ready for service since Jan 2025, up to 6 MW IT (updated 30 Sep 2026).",,Kolkata,North Twenty Four Parganas,West Bengal,West Bengal,campus,Data Center Map directory (datacentermap.com),6,6,"current 6 MW: STT factsheet: ready for service since Jan 2025, up to 6 MW IT (updated 30 Sep 2026)","",6 MW IT (build-out) https://www.sttgdc.com/in-en/locations/kolkata; 6 MW IT (current) https://assets.sttelemediagdc.com/sttgdc/global_en/public/2026-02/STT-GDC-India-Kolkata-2-factsheet.pdf,6,6,reported (see mw_basis),https://www.datacentermap.com/india/kolkata/,https://web.archive.org/web/20241130161652/https://www.datacentermap.com/india/kolkata/,STT Kolkata DC 2 - Data Center Map,directory,https://assets.sttelemediagdc.com/sttgdc/global_en/public/2026-02/STT-GDC-India-Kolkata-2-factsheet.pdf,https://web.archive.org/web/20261001050557/https://assets.sttelemediagdc.com/sttgdc/global_en/public/2026-02/STT-GDC-India-Kolkata-2-factsheet.pdf,"",operator,confirmed,fetched,"","","Listed on DCM city index; facility page not opened (no MW in row). Kolkata index gave no per-facility URLs; source_url is the index. | Independent check 30 Sep 2026 (confirmed): STT Kolkata 2 factsheet (Feb 2026): SV-10 Silicon Valley Hub, New Town; 'Ready for service since January 2025'. w.media 7 Apr 2025 unveiled. We say under construction. DCM URL is city index.",2026-09-30,same operator,STT Kolkata 2,operating,Operational,Small (<10 MW),https://www.sttelemediagdc.com/in-en/locations/kolkata https://assets.sttelemediagdc.com/sttgdc/global_en/public/2026-05/STT-Newsletter-INFRAINTEL.pdf,"mw_reported_buildout: blank -> 6 (operator IT load, coming soon) | mw_reported: blank -> 6 (STT factsheet: ready for service since Jan 2025, up to 6 MW IT)",https://www.sttgdc.com/in-en/locations/kolkata https://assets.sttelemediagdc.com/sttgdc/global_en/public/2026-02/STT-GDC-India-Kolkata-2-factsheet.pdf,,v2,CC BY-NC 4.0
IN236,STT Mumbai 2 (Andheri),STT GDC India,colocation,operating,high,"Facility matched on a fetched page, with a second source. Corrected in this revision (see correction_applied and correction_evidence).",reported IT load,Basis: current 1 MW: operator IT load (STT location page); build-out 1 MW: operator IT load (STT location page) (updated 30 Sep 2026).,,"Andheri, Mumbai",Mumbai Suburban,Maharashtra,Maharashtra,building,Data Center Map directory (datacentermap.com),1,1,current 1 MW: operator IT load (STT location page); build-out 1 MW: operator IT load (STT location page) (updated 30 Sep 2026),"",1 MW IT (current) https://www.sttgdc.com/in-en/locations/mumbai; 1 MW IT (build-out) https://www.sttgdc.com/in-en/locations/mumbai,1,1,reported (see mw_basis),https://www.datacentermap.com/india/mumbai/stt-mumbai-andheri/,https://web.archive.org/web/20250321071039/https://www.datacentermap.com/india/mumbai/stt-mumbai-andheri/,STT Mumbai DC 1 - Data Center Map,directory,https://www.sttgdc.com/in-en/locations/mumbai,https://web.archive.org/web/20261001020917/https://www.sttgdc.com/in-en/locations/mumbai,"",operator,confirmed,fetched,"","","DCM slug stt-mumbai-andheri = 'STT Mumbai DC 1'. | Independent check 30 Sep 2026 (confirmed): STT site: Mumbai 2, Andheri, 1 MW, operational. DCM page now titled 'STT Mumbai DC 1' (Technopolis, Chakala, 1.7 MW) - naming differs from STT's. | Same building also listed as 'Tata Communications Mumbai Andheri' (IN284, merged): https://www.datacentermap.com/india/mumbai/tata-mumbai-andheri/",2026-09-30,same operator,ST Telemedia Global Data Centres Maharashtra,operating,Operational,Small (<10 MW),"",name: STT Mumbai DC 1 -> STT Mumbai 2 (Andheri) (operator numbering (the directory swaps Mumbai 1 and 2)) | mw_reported: blank -> 1 (operator IT load (STT location page)) | mw_reported_buildout: blank -> 1 (operator IT load (STT location page)),https://www.sttgdc.com/in-en/locations/mumbai,,v2,CC BY-NC 4.0
IN237,STT Mumbai 1 (Prabhadevi),STT GDC India,colocation,operating,high,"Facility matched on a fetched page, with a second source. Corrected in this revision (see correction_applied and correction_evidence).",reported IT load,Basis: current 4 MW: operator IT load (STT location page); build-out 4 MW: operator IT load (STT location page) (updated 30 Sep 2026).,,Mumbai,Mumbai,Maharashtra,Maharashtra,building,Data Center Map directory (datacentermap.com),4,4,current 4 MW: operator IT load (STT location page); build-out 4 MW: operator IT load (STT location page) (updated 30 Sep 2026),"",4 MW IT (current) https://www.sttgdc.com/in-en/locations/mumbai; 4 MW IT (build-out) https://www.sttgdc.com/in-en/locations/mumbai,4,4,reported (see mw_basis),https://www.datacentermap.com/india/mumbai/stt-mumbai/,https://web.archive.org/web/20241204093833/https://www.datacentermap.com/india/mumbai/stt-mumbai/,STT Mumbai DC 2 - Data Center Map,directory,https://www.sttgdc.com/in-en/locations/mumbai,https://web.archive.org/web/20261001020917/https://www.sttgdc.com/in-en/locations/mumbai,"",operator,confirmed,fetched,"","","Matched by name on DCM city index page (fetched); facility page itself not opened; status not read. | Independent check 30 Sep 2026 (confirmed): Operator: STT Mumbai 1, Prabhadevi, operational. Prabhadevi (400028) is Mumbai City district, not Mumbai Suburban. | Same building also listed as 'Tata Communications Mumbai LVSB' (IN286, merged): https://www.datacentermap.com/india/mumbai/tata-mumbai-prabhadevi/",2026-09-30,same operator,ST Telemedia Global Data Centres Maharashtra,operating,Operational,Small (<10 MW),"",name: STT Mumbai DC 2 -> STT Mumbai 1 (Prabhadevi) (operator numbering (the directory swaps Mumbai 1 and 2)) | mw_reported: blank -> 4 (operator IT load (STT location page)) | mw_reported_buildout: blank -> 4 (operator IT load (STT location page)),https://www.sttgdc.com/in-en/locations/mumbai,,v2,CC BY-NC 4.0
IN238,STT Mumbai DC 3,STT GDC India,colocation,operating,high,"Facility matched on a fetched page, with a second source. Corrected in this revision (see correction_applied and correction_evidence).",reported IT load,Basis: current 9 MW: operator IT load (STT location page); build-out 9 MW: operator IT load (STT location page) (updated 30 Sep 2026).,,"Bandra, Mumbai",Mumbai Suburban,Maharashtra,Maharashtra,campus,Data Center Map directory (datacentermap.com),9,9,current 9 MW: operator IT load (STT location page); build-out 9 MW: operator IT load (STT location page) (updated 30 Sep 2026),"",9 MW IT (current) https://www.sttgdc.com/in-en/locations/mumbai; 9 MW IT (build-out) https://www.sttgdc.com/in-en/locations/mumbai,9,9,reported (see mw_basis),https://www.datacentermap.com/india/mumbai/stt-mumbai-bandra/,http://archive.today/2026.10.10-143433/https://www.datacentermap.com/india/mumbai/stt-mumbai-bandra/,STT Mumbai DC 3 - Data Center Map,directory,https://www.sttgdc.com/in-en/locations/mumbai,https://web.archive.org/web/20261001020917/https://www.sttgdc.com/in-en/locations/mumbai,"",operator,confirmed,fetched,"","","Matched by name on DCM city index page (fetched); facility page itself not opened; status not read. | Independent check 30 Sep 2026 (confirmed): Operator: STT Mumbai 3, Bandra Kurla Complex, operational. | Same building also listed as 'Tata Communications Mumbai BKC' (IN285, merged): https://www.datacentermap.com/india/mumbai/tata-mumbai-bkc/",2026-09-30,same operator,ST Telemedia Global Data Centres Maharashtra,operating,Operational,Small (<10 MW),"",mw_reported: blank -> 9 (operator IT load (STT location page)) | mw_reported_buildout: blank -> 9 (operator IT load (STT location page)),https://www.sttgdc.com/in-en/locations/mumbai,,v2,CC BY-NC 4.0
IN239,STT Navi Mumbai (Plot No. 50/2),STT GDC India,colocation,announced (planned),high,"Facility matched on a fetched page, with a second source. No published IT load; the capacity used is modelled.",not published: modelled,"No IT load is published for this facility. The MW used is modelled (class weight x 3.22 MW per weight unit) and is an allocation, not a measurement.",,Navi Mumbai,Thane,Maharashtra,Maharashtra,locality,Data Center Map directory (datacentermap.com),,,"","","",,9.671,"modelled: class weight x MW per weight unit (commercial, anchored to 1,800 MW)",https://www.datacentermap.com/india/navi-mumbai/stt-navi-mumbai-plot-no-502/,http://archive.today/2026.10.10-143517/https://www.datacentermap.com/india/navi-mumbai/stt-navi-mumbai-plot-no-502/,STT Navi Mumbai (Plot No. 50/2) - Data Center Map,directory,https://www.freepressjournal.in/amp/mumbai/real-estate-update-stt-global-data-centres-acquires-navi-mumbai-industrial-property-for-282-crore,https://web.archive.org/web/20260728134106/https://www.freepressjournal.in/amp/mumbai/real-estate-update-stt-global-data-centres-acquires-navi-mumbai-industrial-property-for-282-crore,"",trade_press,confirmed,fetched,"","","Matched by name on DCM city index page (fetched); facility page itself not opened; status not read. | Independent check 30 Sep 2026 (confirmed): FPJ: STT bought Plot 50/2 TTC Khairane (14,093 m2, existing 6,828 m2 Repro India building) for Rs282cr, 22 May 2026, for DC redevelopment. Separate from 11.5-acre NM DC1-3 campus.",2026-09-30,same operator,ST Telemedia Global Data Centres Mumbai Campus,operating,Operational/Under Construction,Hyperscale (100-999 MW),"",,,,v2,CC BY-NC 4.0
IN240,STT Navi Mumbai DC 1,STT GDC India,colocation,under construction,high,"Facility matched on a fetched page, with a second source. Corrected in this revision (see correction_applied and correction_evidence).",reported IT load,"Basis: build-out 28 MW: operator IT load, under development (updated 30 Sep 2026).",,Navi Mumbai,Thane,Maharashtra,Maharashtra,campus,Data Center Map directory (datacentermap.com),,28,"build-out 28 MW: operator IT load, under development (updated 30 Sep 2026)","",28 MW IT (build-out) https://www.sttgdc.com/in-en/locations/mumbai,,28,"modelled: class weight x MW per weight unit (commercial, anchored to 1,800 MW)",https://www.datacentermap.com/india/navi-mumbai/stt-navi-mumbai-dc-1/,https://web.archive.org/web/20250420194407/https://www.datacentermap.com/india/navi-mumbai/stt-navi-mumbai-dc-1/,STT Navi Mumbai DC 1 - Data Center Map,directory,https://www.sttgdc.com/in-en/locations/mumbai,https://web.archive.org/web/20261001020917/https://www.sttgdc.com/in-en/locations/mumbai,"",operator,confirmed,fetched,"","","Matched by name on DCM city index page (fetched); facility page itself not opened; status not read. | Independent check 30 Sep 2026 (confirmed): DCM page hit view limit. STT site: Navi Mumbai 1, MIDC Mahape, under development. STT lists NM1-4 at Mahape; IN239 'Plot 50/2' may overlap one of them.",2026-09-30,same operator,ST Telemedia Global Data Centres Mumbai Campus,operating,Operational/Under Construction,Hyperscale (100-999 MW),"","status: operating -> construction (STT lists Navi Mumbai 1 as under development (28 MW IT)) | mw_reported_buildout: blank -> 28 (operator IT load, under development)",https://www.sttgdc.com/in-en/locations/mumbai,,v2,CC BY-NC 4.0
IN241,STT Navi Mumbai DC 2,STT GDC India,colocation,under construction,medium,"Listed in Data Center Map; the operator confirms a data centre in this city, but not this exact building. No published IT load; the capacity used is modelled.",not published: modelled,"No IT load is published for this facility. The MW used is modelled (class weight x 3.22 MW per weight unit) and is an allocation, not a measurement.",,Navi Mumbai,Thane,Maharashtra,Maharashtra,campus,Data Center Map directory (datacentermap.com),,,"","","",,9.671,"modelled: class weight x MW per weight unit (commercial, anchored to 1,800 MW)",https://www.datacentermap.com/india/navi-mumbai/stt-navi-mumbai-dc-2/,http://web.archive.org/web/20250217164443/https://www.datacentermap.com/india/navi-mumbai/stt-navi-mumbai-dc-2/,STT Navi Mumbai DC 2 - Data Center Map,directory,https://baxtel.com/data-center/stt-navi-mumbai-2,https://web.archive.org/web/20261001030133/https://baxtel.com/data-center/stt-navi-mumbai-2,"",directory,partial,fetched,"","","Matched by name on DCM city index page (fetched); facility page itself not opened; status not read. | Independent check 30 Sep 2026 (likely): STT page: Mahape campus 'features two facilities' (we list DC1-DC3). Baxtel 'STT Navi Mumbai 2': under construction, 8 floors, 2026, Mahape.",2026-09-30,same operator,ST Telemedia Global Data Centres Mumbai Campus,operating,Operational/Under Construction,Hyperscale (100-999 MW),"",,,,v2,CC BY-NC 4.0
IN242,STT Navi Mumbai DC 3,STT GDC India,colocation,under construction,high,"Facility matched on a fetched page, with a second source. Corrected in this revision (see correction_applied and correction_evidence).",reported IT load,"Basis: build-out 42 MW: STT: 42 MW IT load, under development (updated 30 Sep 2026).",,Navi Mumbai,Thane,Maharashtra,Maharashtra,campus,Data Center Map directory (datacentermap.com),,42,"build-out 42 MW: STT: 42 MW IT load, under development (updated 30 Sep 2026)","",42 MW IT (build-out) https://www.sttgdc.com/in-en/locations/mumbai,,42,"modelled: class weight x MW per weight unit (commercial, anchored to 1,800 MW)",https://www.datacentermap.com/india/navi-mumbai/stt-navi-mumbai-dc-3/,http://archive.today/2026.10.10-143518/https://www.datacentermap.com/india/navi-mumbai/stt-navi-mumbai-dc-3/,STT Navi Mumbai DC 3 - Data Center Map,directory,https://www.sttgdc.com/in-en/locations/mumbai,https://web.archive.org/web/20261001020917/https://www.sttgdc.com/in-en/locations/mumbai,"",operator,confirmed,fetched,"","","Matched by name on DCM city index page (fetched); facility page itself not opened; status not read. | Independent check 30 Sep 2026 (confirmed): STT site: Navi Mumbai 3, MIDC Mahape, 42 MW, under development.",2026-09-30,same operator,ST Telemedia Global Data Centres Mumbai Campus,operating,Operational/Under Construction,Hyperscale (100-999 MW),"","mw_reported_buildout: blank -> 42 (STT: 42 MW IT load, under development)",https://www.sttgdc.com/in-en/locations/mumbai,,v2,CC BY-NC 4.0
IN243,STT Noida DC 2,STT GDC India,colocation,under construction,high,"Facility matched on a fetched page, with a second source. Corrected in this revision (see correction_applied and correction_evidence).",reported IT load,Basis: build-out 22 MW: STT Noida 2: 22 MW IT (operator) (updated 30 Sep 2026).,,"Sector 143A, Noida",Gautam Buddha Nagar,Uttar Pradesh,Uttar Pradesh,campus,Data Center Map directory (datacentermap.com),,22,build-out 22 MW: STT Noida 2: 22 MW IT (operator) (updated 30 Sep 2026),"",35 MW IT load (design/build-out) https://www.structureresearch.net/?p=68927; 22 MW IT (build-out) https://www.sttgdc.com/in-en/locations/noida,,22,"modelled: class weight x MW per weight unit (commercial, anchored to 1,800 MW)",https://www.datacentermap.com/india/noida/stt-noida-dc-2/,http://web.archive.org/web/20250512174919/https://www.datacentermap.com/india/noida/stt-noida-dc-2/,Data Center Map: STT Noida DC 2,directory,https://www.structureresearch.net/?p=68927,https://web.archive.org/web/20261001053815/https://www.structureresearch.net/2021/06/22/stt-gdc-india-to-build-35mw-greenfield-data-centre-in-noida/,Structure Research: STT GDC India to build 35MW greenfield data centre in Noida,trade_press,confirmed,search_result,"","",DCM page flagged 'may not be available' in search. STT Noida construction of 35 MW greenfield DC (Structure Research) relates to Noida campus.,2026-09-30,same operator,STT Noida 2,planned,Under Construction,Large (10-99 MW),https://www.sttelemediagdc.com/in-en/locations/noida https://www.sttelemediagdc.com/in-en/locations,mw_reported_buildout: blank -> 22 (STT Noida 2: 22 MW IT (operator)),https://www.sttgdc.com/in-en/locations/noida,,v2,CC BY-NC 4.0
IN244,STT Noida DC 3,STT GDC India,colocation,under construction,high,"Facility matched on a fetched page, with a second source. Corrected in this revision (see correction_applied and correction_evidence).",reported IT load,Basis: build-out 28 MW: STT Noida 3: 28 MW IT (operator) (updated 30 Sep 2026).,,"Sector 143A, Noida",Gautam Buddha Nagar,Uttar Pradesh,Uttar Pradesh,campus,Data Center Map directory (datacentermap.com),,28,build-out 28 MW: STT Noida 3: 28 MW IT (operator) (updated 30 Sep 2026),"",28 MW IT (build-out) https://www.sttgdc.com/in-en/locations/noida,,28,"modelled: class weight x MW per weight unit (commercial, anchored to 1,800 MW)",https://www.datacentermap.com/india/noida/stt-noida-dc-3/,http://archive.today/2026.10.02-163431/https://www.datacentermap.com/india/noida/stt-noida-dc-3/,Data Center Map: STT Noida DC 3,directory,"","","","",confirmed,search_result,"","",DCM page flagged 'may not be available'.,2026-09-30,same operator,STT Noida 3,planned,Under Construction,Large (10-99 MW),https://www.sttelemediagdc.com/in-en/locations/noida https://www.sttelemediagdc.com/in-en/locations,mw_reported_buildout: blank -> 28 (STT Noida 3: 28 MW IT (operator)),https://www.sttgdc.com/in-en/locations/noida,,v2,CC BY-NC 4.0
IN245,STT Palava,STT GDC India,colocation,under construction,high,"Facility matched on a fetched page, with a second source. Corrected in this revision (see correction_applied and correction_evidence).",reported IT load,Basis: build-out 50 MW: 50 MW initial IT load (w.media) (updated 30 Sep 2026).,,Palava,Thane,Maharashtra,Maharashtra,locality,Data Center Map directory (datacentermap.com),,50,build-out 50 MW: 50 MW initial IT load (w.media) (updated 30 Sep 2026),"",2000 MW other (design/build-out) https://www.datacentermap.com/india/mumbai/stt-palava/; 50 MW IT (build-out) https://w.media/stt-gdc-india-breaks-ground-for-data-center-campus-in-palava/,,50,"modelled: class weight x MW per weight unit (commercial, anchored to 1,800 MW)",https://www.datacentermap.com/india/mumbai/stt-palava/,http://archive.today/2026.10.10-143433/https://www.datacentermap.com/india/mumbai/stt-palava/,STT Palava - Data Center Map,directory,https://w.media/stt-gdc-india-breaks-ground-for-data-center-campus-in-palava/,https://web.archive.org/web/20261001030320/https://w.media/stt-gdc-india-breaks-ground-for-data-center-campus-in-palava/,"",trade_press,confirmed,fetched,"","","DCM lists 2GW (presumably campus design; measure unstated). | Independent check 30 Sep 2026 (confirmed): w.media 18 Mar 2026: STT broke ground on 46-acre Palava campus, construction underway.",2026-09-30,same operator,ST Telemedia Global Data Centres Palava Campus,planned,Planned,Hyperscale (100-999 MW),https://www.datacenterdynamics.com/en/news/stt-gdc-breaks-ground-on-third-data-center-campus-in-mumbai-india/ https://www.sttelemediagdc.com/in-en/newsroom/st-telemedia-global-data-centres-india-signs-memorandum-understanding-maharashtra https://w.media/stt-gdc-india-breaks-ground-for-data-center-campus-in-palava/,mw_reported_buildout: blank -> 50 (50 MW initial IT load (w.media)),https://w.media/stt-gdc-india-breaks-ground-for-data-center-campus-in-palava/,,v2,CC BY-NC 4.0
IN246,STT Pune 1,STT GDC India,colocation,operating,high,"Facility matched on a fetched page, with a second source.",reported IT load,Basis: current IT.,,Pune,Pune,Maharashtra,Maharashtra,campus,operator census (operator's own facility list),9,9,current IT,"",9 MW IT load (current) https://www.sttgdc.com/in-en/locations/pune,9,9,reported (see mw_basis),https://www.sttgdc.com/in-en/locations/pune,http://web.archive.org/web/20261001014803/https://www.sttgdc.com/in-en/locations/pune,STT GDC India location page,operator,https://www.datacentermap.com/company/stt-gdc-india_map_tenant.html,http://archive.today/2026.10.10-141959/https://www.datacentermap.com/c/stt-gdc-india/datacenters/,Data Center Map: STT GDC India facilities,directory,confirmed,fetched,Operational,TRUE,"STT Pune page also cites campus 'up to 140 MW' and 'scale to 200 MW' (design). Mix of campus figures on page. | Same building also listed as 'STT Pune DC 1' (IN251, merged): https://www.datacentermap.com/india/pune/stt-pune/ | Same building also listed as 'Tata Communications Pune' (IN288, merged): https://www.datacentermap.com/india/pune/tata-pune/ | Double-check 30 Sep 2026 (sources support: yes; exists: confirmed): Operator lists Pune 1 at 9 MW IT; DCM Pune DC1 page (Dighi) shows 40 MW = campus figure. Data Center Map listing: https://www.datacentermap.com/india/pune/stt-pune/",2026-09-30,same operator,ST Telemedia Global Data Centres Maharashtra Campus,operating,Operational,Large (10-99 MW),"",,,,v2,CC BY-NC 4.0
IN247,STT Pune 2,STT GDC India,colocation,operating,high,"Facility matched on a fetched page, with a second source.",reported IT load,Basis: current IT.,,Pune,Pune,Maharashtra,Maharashtra,campus,operator census (operator's own facility list),15,15,current IT,"",15 MW IT load (current) https://www.sttgdc.com/in-en/locations/pune,15,15,reported (see mw_basis),https://www.sttgdc.com/in-en/locations/pune,http://web.archive.org/web/20261001014803/https://www.sttgdc.com/in-en/locations/pune,STT GDC India location page,operator,https://www.datacentermap.com/company/stt-gdc-india_map_tenant.html,http://archive.today/2026.10.10-141959/https://www.datacentermap.com/c/stt-gdc-india/datacenters/,Data Center Map: STT GDC India facilities,directory,confirmed,fetched,Operational,TRUE,Double-check 30 Sep 2026 (sources support: yes; exists: confirmed): Operator confirms 15 MW IT. DCM listing exists (duplicate risk). Data Center Map listing: https://www.datacentermap.com/india/pune/stt-pune-dc-2/,2026-09-30,same operator,ST Telemedia Global Data Centres Maharashtra Campus,operating,Operational,Large (10-99 MW),"",,,,v2,CC BY-NC 4.0
IN248,STT Pune 3,STT GDC India,colocation,operating,high,"Facility matched on a fetched page, with a second source.",reported IT load,Basis: current IT.,,Pune,Pune,Maharashtra,Maharashtra,campus,operator census (operator's own facility list),15,15,current IT,"",15 MW IT load (current) https://www.sttgdc.com/in-en/locations/pune,15,15,reported (see mw_basis),https://www.sttgdc.com/in-en/locations/pune,http://web.archive.org/web/20261001014803/https://www.sttgdc.com/in-en/locations/pune,STT GDC India location page,operator,https://www.datacentermap.com/company/stt-gdc-india_map_tenant.html,http://archive.today/2026.10.10-141959/https://www.datacentermap.com/c/stt-gdc-india/datacenters/,Data Center Map: STT GDC India facilities,directory,confirmed,fetched,Operational,TRUE,"Double-check 30 Sep 2026 (sources support: yes; exists: confirmed): Pune campus is at Alandi Road, Dighi (DCM). Data Center Map listing: https://www.datacentermap.com/india/pune/stt-pune-dc-3/",2026-09-30,same operator,ST Telemedia Global Data Centres Maharashtra Campus,operating,Operational,Large (10-99 MW),"",,,,v2,CC BY-NC 4.0
IN249,STT Pune 4,STT GDC India,colocation,operating,high,"Facility matched on a fetched page, with a second source.",reported IT load,Basis: current IT.,,Pune,Pune,Maharashtra,Maharashtra,campus,operator census (operator's own facility list),18,18,current IT,"",18 MW IT load (current) https://www.sttgdc.com/in-en/locations/pune,18,18,reported (see mw_basis),https://www.sttgdc.com/in-en/locations/pune,http://web.archive.org/web/20261001014803/https://www.sttgdc.com/in-en/locations/pune,STT GDC India location page,operator,https://www.datacentermap.com/company/stt-gdc-india_map_tenant.html,http://archive.today/2026.10.10-141959/https://www.datacentermap.com/c/stt-gdc-india/datacenters/,Data Center Map: STT GDC India facilities,directory,confirmed,fetched,Operational,TRUE,Double-check 30 Sep 2026 (sources support: yes; exists: confirmed): DCM lists STT Pune DC 4 (18 MW) - check backbone double count. Data Center Map listing: https://www.datacentermap.com/india/pune/stt-pune-dc-4/,2026-09-30,same operator,ST Telemedia Global Data Centres Maharashtra Campus,operating,Operational,Large (10-99 MW),"",,,,v2,CC BY-NC 4.0
IN250,STT Pune 5,STT GDC India,colocation,operating,high,"Facility matched on a fetched page, with a second source.",reported IT load,Basis: current IT.,,Pune,Pune,Maharashtra,Maharashtra,campus,operator census (operator's own facility list),24,24,current IT,"",24 MW IT load (current) https://www.sttgdc.com/in-en/locations/pune,24,24,reported (see mw_basis),https://www.sttgdc.com/in-en/locations/pune,http://web.archive.org/web/20261001014803/https://www.sttgdc.com/in-en/locations/pune,STT GDC India location page,operator,https://www.datacentermap.com/company/stt-gdc-india_map_tenant.html,http://archive.today/2026.10.10-141959/https://www.datacentermap.com/c/stt-gdc-india/datacenters/,Data Center Map: STT GDC India facilities,directory,confirmed,fetched,Operational,TRUE,"Double-check 30 Sep 2026 (sources support: yes; exists: confirmed): Operator: 24 MW IT, operational. DCM still shows Under Construction, 14.3 MW (stale). Data Center Map listing: https://www.datacentermap.com/india/pune/stt-pune-dc-5/",2026-09-30,same operator,ST Telemedia Global Data Centres Maharashtra Campus,operating,Operational,Large (10-99 MW),"",,,,v2,CC BY-NC 4.0
IN252,ServerCake Data Center,ServerCake WebHosting India Private Limited,enterprise,operating,low,Listed in the Data Center Map directory only; no independent source was found. No published IT load; the capacity used is modelled. Open issue: [existence] No independent trace beyond the Data Center Map listing (checked 30 Sep 2026): DCM page hit view limit; no independent trace of a Coimbatore facility. ServerCake's own site mentions only a 'Mumbai region' (cloud) and future Delhi/Chennai regions.,not published: modelled,"No current (live) IT load is published for this facility. The MW used is modelled (class weight x 3.22 MW per weight unit) and is an allocation, not a measurement.",,Coimbatore,Coimbatore,Tamil Nadu,Tamil Nadu,city,Data Center Map directory (datacentermap.com),,,"","","",3.224,3.224,"modelled: class weight x MW per weight unit (non-commercial, not anchored)",https://www.datacentermap.com/india/coimbatore/servercake/,https://web.archive.org/web/20250317113423/https://www.datacentermap.com/india/coimbatore/servercake/,ServerCake Data Center - Data Center Map,directory,https://www.servercake.in/,http://web.archive.org/web/20260920115559/https://servercake.in/,"",operator,directory_only,fetched,"","",Listed on DCM city index; facility page not opened (no MW in row). | Independent check 30 Sep 2026 (doubtful): DCM page hit view limit; no independent trace of a Coimbatore facility. ServerCake's own site mentions only a 'Mumbai region' (cloud) and future Delhi/Chennai regions.,2026-09-30,none,"","","","","",,,[existence] No independent trace beyond the Data Center Map listing (checked 30 Sep 2026): DCM page hit view limit; no independent trace of a Coimbatore facility. ServerCake's own site mentions only a 'Mumbai region' (cloud) and future Delhi/Chennai regions.,v2,CC BY-NC 4.0
IN253,Servernet Services Data Center,Servernet Services P Ltd,enterprise,operating,low,Listed in the Data Center Map directory only; no independent source was found. No published IT load; the capacity used is modelled. Corrected in this revision (see correction_applied and correction_evidence). Open issue: [existence] No independent trace beyond the Data Center Map listing (checked 30 Sep 2026): DCM limit. Operator site servernetservices.com: Chennai web/VPS/dedicated-server hosting firm; no own data centre or address claimed. Not a multi-tenant colo operator.,not published: modelled,"No current (live) IT load is published for this facility. The MW used is modelled (class weight x 3.22 MW per weight unit) and is an allocation, not a measurement.",,Chennai,Kancheepuram,Tamil Nadu,Tamil Nadu,locality,Data Center Map directory (datacentermap.com),,,"","","",3.224,3.224,"modelled: class weight x MW per weight unit (non-commercial, not anchored)",https://www.datacentermap.com/india/chennai/servernet-services-p-ltd/,https://web.archive.org/web/20250513032305/https://www.datacentermap.com/india/chennai/servernet-services-p-ltd/,Servernet Services Data Center - Data Center Map,directory,https://www.servernetservices.com/,https://web.archive.org/web/20261001045636/https://www.servernetservices.com/,"",operator,directory_only,fetched,"","",Listed on DCM city index; facility page not opened (no MW in row). | Independent check 30 Sep 2026 (doubtful): DCM limit. Operator site servernetservices.com: Chennai web/VPS/dedicated-server hosting firm; no own data centre or address claimed. Not a multi-tenant colo operator.,2026-09-30,none,"","","","","","dc_type: colocation -> enterprise (small web-hosting firm, not a multi-tenant colocation operator)",https://www.servernetservices.com/,[existence] No independent trace beyond the Data Center Map listing (checked 30 Sep 2026): DCM limit. Operator site servernetservices.com: Chennai web/VPS/dedicated-server hosting firm; no own data centre or address claimed. Not a multi-tenant colo operator.,v2,CC BY-NC 4.0
IN254,Serverwala Cloud Data Centers Pvt. Ltd,Serverwala Cloud Data Centers Pvt. Ltd,enterprise,operating,high,"Facility matched on a fetched page, with a second source. No published IT load; the capacity used is modelled.",not published: modelled,"No current (live) IT load is published for this facility. The MW used is modelled (class weight x 3.22 MW per weight unit) and is an allocation, not a measurement.",,"Ridhi Sidhi, Jaipur",Jaipur,Rajasthan,Rajasthan,city,Data Center Map directory (datacentermap.com),,,"","","",0,0,"modelled: class weight x MW per weight unit (non-commercial, not anchored)",https://www.datacentermap.com/india/jaipur/serverwala-dc/,https://web.archive.org/web/20250318035330/https://www.datacentermap.com/india/jaipur/serverwala-dc/,Data Center Map: Serverwala Cloud Data Centers Pvt. Ltd,directory,"","","","",confirmed,fetched,"","",DCM only. (matched on fetched DCM city index; facility page itself not opened.),2026-09-30,none,"","","","","",,,,v2,CC BY-NC 4.0
IN255,Seven Hills,Seven Hills Cloud Technology Private Limited,enterprise,operating,low,"Listed in the Data Center Map directory only; no independent source was found. No published IT load; the capacity used is modelled. Open issue: [existence] No independent trace beyond the Data Center Map listing (checked 30 Sep 2026): Only DCM listing and DCM company page (#610 Appanthirupathy, village ~20 km from Madurai). Not in PeeringDB; no operator site or press found.",not published: modelled,"No current (live) IT load is published for this facility. The MW used is modelled (class weight x 3.22 MW per weight unit) and is an allocation, not a measurement.",,"Appanthirupathy, Madurai",Madurai,Tamil Nadu,Tamil Nadu,locality,Data Center Map directory (datacentermap.com),,,"","","",3.224,3.224,"modelled: class weight x MW per weight unit (non-commercial, not anchored)",https://www.datacentermap.com/india/madurai/seven-hills/,http://archive.today/2026.10.02-163335/https://www.datacentermap.com/india/madurai/seven-hills/,Seven Hills - Data Center Map,directory,"","","","",directory_only,fetched,"","","Listed on DCM city index; facility page not opened (no MW in row). | Independent check 30 Sep 2026 (doubtful): Only DCM listing and DCM company page (#610 Appanthirupathy, village ~20 km from Madurai). Not in PeeringDB; no operator site or press found.",2026-09-30,none,"","","","","",,,"[existence] No independent trace beyond the Data Center Map listing (checked 30 Sep 2026): Only DCM listing and DCM company page (#610 Appanthirupathy, village ~20 km from Madurai). Not in PeeringDB; no operator site or press found.",v2,CC BY-NC 4.0
IN256,Sify Airoli,Sify Technologies,colocation,operating,medium,"Facility matched on a fetched page, with a second source. Capacity: Sify US page gives 5.4 MW. Open issue: [capacity] Sify pages disagree: 4.05 MW IT (India page, used) vs 5.4 MW (US colocation page).","reported, but uncertain (see mw_note)","Basis: current IT (Sify India page). Caution: Sify US page gives 5.4 MW. Open issue: [capacity] Sify pages disagree: 4.05 MW IT (India page, used) vs 5.4 MW (US colocation page).",,"Airoli, Navi Mumbai",Thane,Maharashtra,Maharashtra,building,operator census (operator's own facility list),4.05,4.05,current IT (Sify India page),Sify US page gives 5.4 MW,4.05 MW IT load (current) https://www.sifytechnologies.com/data-center/mumbai-data-center/; 5.4 MW IT load (unclear) https://www.sifytechnologies.com/us/data-center/colocation-services/,4.05,4.05,reported (see mw_basis),https://www.sifytechnologies.com/data-center/mumbai-data-center/,https://web.archive.org/web/20261001014756/https://www.sifytechnologies.com/data-center/mumbai-data-center/,Sify Mumbai data center (Rabale/Airoli/Vashi),operator,https://www.sifytechnologies.com/us/data-center/colocation-services/,https://web.archive.org/web/20261001010633/https://www.sifytechnologies.com/us/data-center/colocation-services/,Sify colocation services (US site facility list),operator,confirmed,fetched,Operational,TRUE,Two Sify pages disagree (4.05 vs 5.4 MW IT). | Double-check 30 Sep 2026 (sources support: yes; exists: confirmed): Sify US colocation page instead says Airoli '1345 rack space with an IT power capacity of 5.4 MW' - Sify's own pages conflict.,2026-09-30,same operator,Sify Technologies Maharashtra,operating,Operational,Small (<10 MW),"",,,"[capacity] Sify pages disagree: 4.05 MW IT (India page, used) vs 5.4 MW (US colocation page).",v2,CC BY-NC 4.0
IN257,Sify Bengaluru 01,Sify Technologies,colocation,operating,high,"Facility matched on a fetched page, with a second source.",reported IT load,Basis: current IT.,,Bengaluru,Bangalore,Karnataka,Karnataka,building,operator census (operator's own facility list),7.6,7.6,current IT,"",7.6 MW IT load (current) https://www.sifytechnologies.com/us/data-center/colocation-services/,7.6,7.6,reported (see mw_basis),https://www.sifytechnologies.com/us/data-center/colocation-services/,https://web.archive.org/web/20261001010633/https://www.sifytechnologies.com/us/data-center/colocation-services/,Sify colocation services (US site facility list),operator,https://www.sifytechnologies.com/data-centers/,https://web.archive.org/web/20261001014817/https://www.sifytechnologies.com/data-center/,Sify data centers (India),operator,confirmed,fetched,Operational,TRUE,India page lists Bengaluru as operational without per-site MW. | Double-check 30 Sep 2026 (sources support: yes; exists: confirmed): source_url_2 (sifytechnologies.com/data-centers/) gives no facility detail. DCM 'Sify Bangalore' is in Electronic City; match to Bengaluru 01 is likely but not certain. Data Center Map listing: https://www.datacentermap.com/india/bangalore/sify-bangalore/,2026-09-30,same operator,Sify Bangalore Data Center,operating,Operational,Small (<10 MW),https://www.sifytechnologies.com/data-center/bangalore-data-center/,,,,v2,CC BY-NC 4.0
IN258,Sify Bengaluru 02 (Aerospace Park),Sify Technologies,colocation,operating,high,"Facility matched on a fetched page, with a second source. Capacity: design value used for an operating facility; live MW not published. Corrected in this revision (see correction_applied and correction_evidence).",not published: modelled,"No current (live) IT load is published for this facility. The MW used is modelled (class weight x 3.22 MW per weight unit) and is an allocation, not a measurement. A build-out of 22 MW IT is published and is used in the pipeline scenario. Other figures found (not used: not a live IT load, or its measure is not stated): 22 MW IT load (design/build-out) https://www.sifytechnologies.com/us/data-center/colocation-services/",,"Aerospace Park, Bengaluru",Bangalore,Karnataka,Karnataka,locality,operator census (operator's own facility list),,22,"current blank MW: 22 MW is the design IT capacity (""""designed for up to 22+ MW""""); no live IT load is published (updated 30 Sep 2026)",design value used for an operating facility; live MW not published,22 MW IT load (design/build-out) https://www.sifytechnologies.com/us/data-center/colocation-services/,9.671,22,"modelled: class weight x MW per weight unit (commercial, anchored to 1,800 MW)",https://www.sifytechnologies.com/us/data-center/colocation-services/,https://web.archive.org/web/20261001010633/https://www.sifytechnologies.com/us/data-center/colocation-services/,Sify colocation services (US site facility list),operator,https://www.sifytechnologies.com/data-centers/,https://web.archive.org/web/20261001014817/https://www.sifytechnologies.com/data-center/,Sify data centers (India),operator,confirmed,fetched,Operational; 'designed for up to 22+ MW',TRUE,Row mw_reported likely overstates current load. | Double-check 30 Sep 2026 (sources support: yes; exists: confirmed): mw_current=22 is a design figure; set current blank or flag as design. sifytechnologies.com/data-centers/ does not name Aerospace Park. DCM has only generic sify-bangalore.,2026-09-30,same operator,Sify Technologies Karnataka,operating,Operational,Large (10-99 MW),"","mw_reported: 22 ->  (22 MW is the design IT capacity (""""designed for up to 22+ MW""""); no live IT load is published)",https://www.sifytechnologies.com/us/data-center/colocation-services/,,v2,CC BY-NC 4.0
IN259,Sify Chennai 01 (Tidel Park),Sify Technologies,colocation,operating,high,"Facility matched on a fetched page, with a second source.",reported IT load,Basis: current IT.,,"Tidel Park, Chennai",Kancheepuram,Tamil Nadu,Tamil Nadu,building,operator census (operator's own facility list),3.6,3.6,current IT,"",3.6 MW IT load (current) https://www.sifytechnologies.com/us/data-center/colocation-services/,3.6,3.6,reported (see mw_basis),https://www.sifytechnologies.com/us/data-center/colocation-services/,https://web.archive.org/web/20261001010633/https://www.sifytechnologies.com/us/data-center/colocation-services/,Sify colocation services (US site facility list),operator,https://www.sifytechnologies.com/data-centers/,https://web.archive.org/web/20261001014817/https://www.sifytechnologies.com/data-center/,Sify data centers (India),operator,confirmed,fetched,Operational,TRUE,Double-check 30 Sep 2026 (sources support: yes; exists: confirmed): sifytechnologies.com/data-centers/ gives no per-site MW; US colocation page supports 3.6 MW IT. Data Center Map listing: https://www.datacentermap.com/india/chennai/sify-tidel-park/,2026-09-30,same operator,Sify Technologies Tamil Nadu,operating,Operational,Small (<10 MW),"",,,,v2,CC BY-NC 4.0
IN260,Sify Chennai 02 (Siruseri),Sify Technologies,colocation,operating,high,"Facility matched on a fetched page, with a second source. Corrected in this revision (see correction_applied and correction_evidence).",reported IT load,Basis: current 25.92 MW: Sify Chennai 02 page: 25.92 MW IT power (updated 30 Sep 2026).,,"Siruseri, Chennai",Kancheepuram,Tamil Nadu,Tamil Nadu,campus,operator census (operator's own facility list),25.92,,current 25.92 MW: Sify Chennai 02 page: 25.92 MW IT power (updated 30 Sep 2026),"",78 MW IT load (design/build-out) https://www.sifytechnologies.com/us/data-center/colocation-services/; 26 MW IT load (current) https://www.datacenterdynamics.com/en/news/sify-opens-second-chennai-data-center-campus-in-tamil-nadu-india/; 130 MW other (design/build-out) https://www.datacenterdynamics.com/en/news/sify-opens-second-chennai-data-center-campus-in-tamil-nadu-india/; 25.92 MW IT (current) https://www.sifytechnologies.com/data-center/chennai02-data-center/,25.92,25.92,reported (see mw_basis),https://www.sifytechnologies.com/data-center/chennai-data-center/,https://web.archive.org/web/20261001014901/https://www.sifytechnologies.com/data-center/chennai-data-center/,Sify Chennai data centres (operator),operator,https://www.datacenterdynamics.com/en/news/sify-opens-second-chennai-data-center-campus-in-tamil-nadu-india/,http://web.archive.org/web/20250514031120/https://www.datacenterdynamics.com/en/news/sify-opens-second-chennai-data-center-campus-in-tamil-nadu-india/,"Sify opens second Chennai data center campus (DCD, 29 Apr 2025)",trade_press,confirmed,fetched,"Operational: opened Apr 2025, 26 MW ready for service of a >130 MW three-phase campus (DCD)",TRUE,"Sify US page still lists Chennai 02 as development; DCD reports it opened in Apr 2025 with 26 MW live. No MW in our row (capacity modelled). | Double-check 30 Sep 2026 (sources support: yes; exists: confirmed): 25.92 is on Sify's Chennai DC page, not the cited US colocation page (which says 'up to 78+ MW IT'). DCD Apr 2025: 26 MW live, 130 MW+ full build. Swap URL. Data Center Map listing: https://www.datacentermap.com/india/chennai/sify-siruseri-chennai/",2026-09-30,same operator,Sify Technologies Chennai Campus,operating,Operational,Large (10-99 MW),https://www.datacenterdynamics.com/en/news/sify-opens-second-chennai-data-center-campus-in-tamil-nadu-india/ https://www.sifytechnologies.com/data-center/chennai02-data-center/,mw_reported: blank -> 25.92 (Sify Chennai 02 page: 25.92 MW IT power),https://www.sifytechnologies.com/data-center/chennai02-data-center/,,v2,CC BY-NC 4.0
IN261,Sify Hyderabad 01,Sify Technologies,colocation,operating,high,"Facility matched on a fetched page, with a second source.",reported IT load,Basis: current IT.,,Hyderabad,Rangareddy,Andhra Pradesh,Telangana,locality,operator census (operator's own facility list),14.4,14.4,current IT,"",14.4 MW IT load (current) https://www.sifytechnologies.com/us/data-center/colocation-services/,14.4,14.4,reported (see mw_basis),https://www.sifytechnologies.com/us/data-center/colocation-services/,https://web.archive.org/web/20261001010633/https://www.sifytechnologies.com/us/data-center/colocation-services/,Sify colocation services (US site facility list),operator,https://www.sifytechnologies.com/data-centers/,https://web.archive.org/web/20261001014817/https://www.sifytechnologies.com/data-center/,Sify data centers (India),operator,confirmed,fetched,Operational,TRUE,Double-check 30 Sep 2026 (sources support: yes; exists: confirmed): source_url_2 gives no facility detail. Data Center Map listing: https://www.datacentermap.com/india/hyderabad/sify-hyderabad/,2026-09-30,same operator,Sify Hyderabad 01,operating,Operational,Large (10-99 MW),https://www.sifytechnologies.com/data-center/hyderabad-data-center/,,,,v2,CC BY-NC 4.0
IN262,Sify Hyderabad 02 (Fab City),Sify Technologies,colocation,under construction,high,"Facility matched on a fetched page, with a second source. No published IT load; the capacity used is modelled. Corrected in this revision (see correction_applied and correction_evidence).",not published: modelled,"No IT load is published for this facility. The MW used is modelled (class weight x 3.22 MW per weight unit) and is an allocation, not a measurement. Other figures found (not used: not a live IT load, or its measure is not stated): 250 MW IT load (design/build-out) https://www.sifytechnologies.com/us/data-center/colocation-services/",,"Fab City, Hyderabad",Rangareddy,Andhra Pradesh,Telangana,campus,operator census (operator's own facility list),,,"","",250 MW IT load (design/build-out) https://www.sifytechnologies.com/us/data-center/colocation-services/,,9.671,"modelled: class weight x MW per weight unit (commercial, anchored to 1,800 MW)",https://www.sifytechnologies.com/us/data-center/colocation-services/,https://web.archive.org/web/20261001010633/https://www.sifytechnologies.com/us/data-center/colocation-services/,Sify colocation services (US site facility list),operator,https://baxtel.com/data-center/sify-hyderabad-2-campus,https://web.archive.org/web/20261001010828/https://baxtel.com/data-center/sify-hyderabad-2-campus,Sify Hyderabad 2 Campus (Baxtel),directory,confirmed,fetched,"Under construction / planned (multi-phase, planned 2026; 250+ MW design)",TRUE,Sify US page and Baxtel both describe Hyderabad 02 (Fab City) as development/under construction; our row says operating. | Double-check 30 Sep 2026 (sources support: yes; exists: confirmed): Build-out 250+ MW IT design published but not carried.,2026-09-30,same operator,Sify Hyderabad 02 Campus — operating phase,operating,Operational,Large (10-99 MW),https://www.sifytechnologies.com/us/data-center/,"status: operating -> construction (under construction, multi-phase, planned 2026)",https://baxtel.com/data-center/sify-hyderabad-2-campus,,v2,CC BY-NC 4.0
IN263,Sify Kolkata 01,Sify Technologies,colocation,operating,high,"Facility matched on a fetched page, with a second source.",reported IT load,Basis: current IT.,,Kolkata,North Twenty Four Parganas,West Bengal,West Bengal,building,operator census (operator's own facility list),2.2,2.2,current IT,"",2.2 MW IT load (current) https://www.sifytechnologies.com/us/data-center/colocation-services/,2.2,2.2,reported (see mw_basis),https://www.sifytechnologies.com/us/data-center/colocation-services/,https://web.archive.org/web/20261001010633/https://www.sifytechnologies.com/us/data-center/colocation-services/,Sify colocation services (US site facility list),operator,https://www.sifytechnologies.com/data-centers/,https://web.archive.org/web/20261001014817/https://www.sifytechnologies.com/data-center/,Sify data centers (India),operator,confirmed,fetched,Operational (Kolkata 02 edge upcoming),TRUE,Double-check 30 Sep 2026 (sources support: yes; exists: confirmed): Supported by Sify US colocation page. Data Center Map listing: https://www.datacentermap.com/india/kolkata/sify-kolkata/,2026-09-30,same operator,Sify Technologies West Bengal,operating,Operational,Small (<10 MW),"",,,,v2,CC BY-NC 4.0
IN264,Sify Lucknow,Sify Technologies Ltd,colocation,under construction,low,"Facility matched on a fetched page, with a second source. No published IT load; the capacity used is modelled. Open issue: [status] Sify Lucknow: Sify said on its July 2026 earnings call that the Lucknow edge DC is complete",not published: modelled,"No IT load is published for this facility. The MW used is modelled (class weight x 3.22 MW per weight unit) and is an allocation, not a measurement.",,"HCL IT City, Sultanpur Rd",Lucknow,Uttar Pradesh,Uttar Pradesh,campus,Data Center Map directory (datacentermap.com),,,"","","",,9.671,"modelled: class weight x MW per weight unit (commercial, anchored to 1,800 MW)",https://www.datacentermap.com/india/lucknow/sify-lucknow/,http://web.archive.org/web/20250317004729/https://www.datacentermap.com/india/lucknow/sify-lucknow/,Data Center Map: Sify Lucknow,directory,https://datacenterdynamics.com/en/news/sify-breaks-ground-on-lucknow-data-center-in-india,https://web.archive.org/web/20250424111658/https://www.datacenterdynamics.com/en/news/sify-breaks-ground-on-lucknow-data-center-in-india/,DCD: Sify breaks ground on Lucknow data center,trade_press,confirmed,fetched,Phase 1 expected operational June 2025 (DCM); 4 phases,"","Construction at groundbreaking; June 2025 target has passed, current status unverified. No MW published. (matched on fetched DCM city index; facility page itself not opened.)",2026-09-30,same operator,Sify Lucknow 01,operating,Operational,Small (<10 MW),https://www.sifytechnologies.com/data-center/edge-data-center/ https://government.economictimes.indiatimes.com/news/technology/sify-infinit-spaces-launches-first-ai-hub-data-center-in-lucknow/118467994,,,[status] Sify Lucknow: Sify said on its July 2026 earnings call that the Lucknow edge DC is complete,v2,CC BY-NC 4.0
IN265,Sify Noida 01,Sify Technologies,colocation,operating,high,"Facility matched on a fetched page, with a second source.",reported IT load,Basis: current IT.,,Noida,Gautam Buddha Nagar,Uttar Pradesh,Uttar Pradesh,building,operator census (operator's own facility list),10.8,10.8,current IT,"",10.8 MW IT load (current) https://www.sifytechnologies.com/us/data-center/colocation-services/,10.8,10.8,reported (see mw_basis),https://www.sifytechnologies.com/us/data-center/colocation-services/,https://web.archive.org/web/20261001010633/https://www.sifytechnologies.com/us/data-center/colocation-services/,Sify colocation services (US site facility list),operator,https://www.sifytechnologies.com/data-centers/,https://web.archive.org/web/20261001014817/https://www.sifytechnologies.com/data-center/,Sify data centers (India),operator,confirmed,fetched,Operational,TRUE,Double-check 30 Sep 2026 (sources support: yes; exists: confirmed): Second URL (data-centers index) gives no per-site MW. DCM Noida index lists only Sify Noida 02.,2026-09-30,same operator,Sify Noida 01,operating,Operational,Large (10-99 MW),https://www.sifytechnologies.com/data-center/noida-data-center/ https://www.sifytechnologies.com/contact/,,,,v2,CC BY-NC 4.0
IN266,Sify Noida 02,Sify Technologies,colocation,operating,medium,"Facility matched on a fetched page, with a second source. Corrected in this revision (see correction_applied and correction_evidence). Open issue: [capacity] Sify Noida 02: the facility page gives 25.92 MW IT live and the May 2025 release 130+ MW IT build-out, but the page metadata and the directory give 78 MW (three towers)","reported, but uncertain (see mw_note)","Basis: current 25.92 MW: Sify Noida 02 page: 25.92 MW IT power; build-out 130 MW: Sify 14 May 2025 release: 130+ MW IT capacity (updated 30 Sep 2026). Open issue: [capacity] Sify Noida 02: the facility page gives 25.92 MW IT live and the May 2025 release 130+ MW IT build-out, but the page metadata and the directory give 78 MW (three towers)",,Noida,Gautam Buddha Nagar,Uttar Pradesh,Uttar Pradesh,campus,operator census (operator's own facility list),25.92,130,current 25.92 MW: Sify Noida 02 page: 25.92 MW IT power; build-out 130 MW: Sify 14 May 2025 release: 130+ MW IT capacity (updated 30 Sep 2026),"",78 MW IT load (design/build-out) https://www.sifytechnologies.com/us/data-center/colocation-services/; 25.92 MW IT (current) https://www.sifytechnologies.com/data-center/noida02-data-center/; 130 MW IT (build-out) https://www.sifytechnologies.com/data-center/noida02-data-center/,25.92,130,reported (see mw_basis),https://www.sifytechnologies.com/us/data-center/colocation-services/,https://web.archive.org/web/20261001010633/https://www.sifytechnologies.com/us/data-center/colocation-services/,Sify colocation services (US site facility list),operator,https://indianinfrastructure.com/2025/03/11/sify-launches-north-indias-largest-ai-ready-data-centre-campus-in-noida/,https://web.archive.org/web/20261001011356/https://indianinfrastructure.com/2025/03/11/sify-launches-north-indias-largest-ai-ready-data-centre-campus-in-noida/,"Sify launches North India's largest AI-ready data centre campus in Noida (Indian Infrastructure, 11 Mar 2025)",trade_press,confirmed,fetched,Operational: launched Mar 2025 (inaugurated by the UP Chief Minister),TRUE,Sify US page still lists Noida 02 as development; trade press reports the campus launched Mar 2025. No MW in our row (capacity modelled). | Double-check 30 Sep 2026 (sources support: partly; exists: confirmed): Could not find the 25.92 MW figure or a '130+ MW IT' statement on the cited pages; the dedicated Noida 02 page shows no MW. Recheck the MW values. Data Center Map listing: https://www.datacentermap.com/india/noida/sify-noida-02/,2026-09-30,same operator,Sify Noida 02 Campus,operating,Operational,Large (10-99 MW),https://www.sifytechnologies.com/data-center/noida-data-center/ https://www.sifytechnologies.com/data-center/noida02-data-center/ https://www.sifytechnologies.com/events/up-cm-yogi-adityanath-launches-tech-facility/,mw_reported: blank -> 25.92 (Sify Noida 02 page: 25.92 MW IT power) | mw_reported_buildout: blank -> 130 (Sify 14 May 2025 release: 130+ MW IT capacity),https://www.sifytechnologies.com/data-center/noida02-data-center/,"[capacity] Sify Noida 02: the facility page gives 25.92 MW IT live and the May 2025 release 130+ MW IT build-out, but the page metadata and the directory give 78 MW (three towers)",v2,CC BY-NC 4.0
IN267,Sify Rabale campus,Sify Technologies,colocation,operating,high,"Facility matched on a fetched page, with a second source. Capacity: a 377+ MW design figure has also circulated. Corrected in this revision (see correction_applied and correction_evidence).","reported, but uncertain (see mw_note)","Basis: current = live IT, 5 of 12 towers (96.94 MW, Sify India page); build-out = 240+ MW design (Sify US page). Caution: a 377+ MW design figure has also circulated.",,"Rabale, Navi Mumbai",Thane,Maharashtra,Maharashtra,campus,operator census (operator's own facility list),96.94,240,"current = live IT, 5 of 12 towers (96.94 MW, Sify India page); build-out = 240+ MW design (Sify US page)",a 377+ MW design figure has also circulated,96.94 MW IT load (current) https://www.sifytechnologies.com/data-center/mumbai-data-center/; 43.2 MW IT load (design/build-out) https://www.sifytechnologies.com/data-center/mumbai-data-center/; 240 MW IT load (design/build-out) https://www.sifytechnologies.com/us/data-center/colocation-services/; 86 MW other (unclear) https://www.sifytechnologies.com/data-centers/,96.94,240,reported (see mw_basis),https://www.sifytechnologies.com/data-center/mumbai-data-center/,https://web.archive.org/web/20261001014756/https://www.sifytechnologies.com/data-center/mumbai-data-center/,Sify Mumbai data center (Rabale/Airoli/Vashi),operator,https://www.sifytechnologies.com/us/data-center/colocation-services/,https://web.archive.org/web/20261001010633/https://www.sifytechnologies.com/us/data-center/colocation-services/,Sify colocation services (US site facility list),operator,confirmed,fetched,"Operational; 5 of 12 towers live, towers 6,7,11,12 expected 2026",TRUE,"Campus figure; buildout column equals live value, not design. 43.2 MW = Tower 5 hyperscale design. SI page: 86+ MW available scalable to 263+ (whole portfolio). | Double-check 30 Sep 2026 (sources support: yes; exists: confirmed): DCM lists sify-rabale - check backbone double count. Data Center Map listing: https://www.datacentermap.com/india/mumbai/sify-rabale/",2026-09-30,same operator,Sify Technologies Rabale Campus,operating,Operational/Under Construction,Hyperscale (100-999 MW),https://www.ifc.org/en/pressroom/2026/ifc-partners-with-sify-to-support-expansion-of-data-centers-and-strengthen-digital https://www.datacenterdynamics.com/en/news/ifc-loans-indian-data-center-firm-sify-71m/,mw_reported_buildout: 96.94 -> 240 (Sify publishes 240+ MW design for the Rabale campus (96.94 MW live)),https://www.sifytechnologies.com/us/data-center/,,v2,CC BY-NC 4.0
IN268,Sify Vashi,Sify Technologies,colocation,operating,medium,"Facility matched on a fetched page, with a second source. Capacity: Sify US page gives 0.9 MW. Open issue: [capacity] Sify pages disagree: 0.38 MW IT (India page) vs 0.9 MW (US page, 375 racks).","reported, but uncertain (see mw_note)","Basis: current IT (Sify India page). Caution: Sify US page gives 0.9 MW. Open issue: [capacity] Sify pages disagree: 0.38 MW IT (India page) vs 0.9 MW (US page, 375 racks).",,"Vashi, Navi Mumbai",Thane,Maharashtra,Maharashtra,building,operator census (operator's own facility list),0.38,0.38,current IT (Sify India page),Sify US page gives 0.9 MW,0.38 MW IT load (current) https://www.sifytechnologies.com/data-center/mumbai-data-center/; 0.9 MW IT load (unclear) https://www.sifytechnologies.com/us/data-center/colocation-services/,0.38,0.38,reported (see mw_basis),https://www.sifytechnologies.com/data-center/mumbai-data-center/,https://web.archive.org/web/20261001014756/https://www.sifytechnologies.com/data-center/mumbai-data-center/,Sify Mumbai data center (Rabale/Airoli/Vashi),operator,https://www.sifytechnologies.com/us/data-center/colocation-services/,https://web.archive.org/web/20261001010633/https://www.sifytechnologies.com/us/data-center/colocation-services/,Sify colocation services (US site facility list),operator,confirmed,fetched,Operational,TRUE,Two Sify pages disagree (0.38 vs 0.9 MW). | Double-check 30 Sep 2026 (sources support: yes; exists: confirmed): Sify sources conflict: India page 0.38 MW IT; US colocation page '375 rack space ... IT power capacity of 0.9 MW'. Table uses 0.38 (India page). Data Center Map listing: https://www.datacentermap.com/india/navi-mumbai/sify-vashi/,2026-09-30,same operator,Sify Technologies Maharashtra,operating,Operational,Small (<10 MW),"",,,"[capacity] Sify pages disagree: 0.38 MW IT (India page) vs 0.9 MW (US page, 375 racks).",v2,CC BY-NC 4.0
IN269,Sify Visakhapatnam,Sify Technologies Ltd,colocation,under construction,medium,"Facility matched on a fetched page, with a second source. No published IT load; the capacity used is modelled. Open issue: [capacity] Sify Visakhapatnam (Madhurawada): 50 MW """"capacity"""" (measure not stated) not used; the 500 MW Sify Vizag project also covers IN299",not published: modelled,"No IT load is published for this facility. The MW used is modelled (class weight x 3.22 MW per weight unit) and is an allocation, not a measurement.",,Visakhapatnam,Visakhapatnam,Andhra Pradesh,Andhra Pradesh,campus,Data Center Map directory (datacentermap.com),,,"","","",,9.671,"modelled: class weight x MW per weight unit (commercial, anchored to 1,800 MW)",https://www.datacentermap.com/india/visakhapatnam/sify-visakhapatnam/,http://archive.today/2026.10.10-143539/https://www.datacentermap.com/india/visakhapatnam/sify-visakhapatnam/,Sify Visakhapatnam - Data Center Map,directory,https://www.datacenterdynamics.com/en/news/indias-sify-breaks-ground-on-50mw-data-center-and-cable-landing-station-in-vizag/,http://web.archive.org/web/20251014211630/https://www.datacenterdynamics.com/en/news/indias-sify-breaks-ground-on-50mw-data-center-and-cable-landing-station-in-vizag/,"",trade_press,confirmed,fetched,"","",Matched by name on DCM city index page (fetched); facility page not opened; no second source sought. | Independent check 30 Sep 2026 (confirmed): DCD: Sify broke ground 14 Oct 2025 on 50MW DC + CLS at Rushikonda-Madhurawada IT Park (3.6 acres). Distinct from IN299 Paradesipalem 500MW.,2026-09-30,same operator,Sify Technologies Rushikonda Campus,planned,Planned,Large (10-99 MW),https://www.datacenterdynamics.com/en/news/indias-sify-breaks-ground-on-50mw-data-center-and-cable-landing-station-in-vizag/ https://www.submarinenetworks.com/en/nv/news/sify-builds-50mw-ai-data-center-and-open-cable-landing-station-in-vizag https://timestech.in/vishakhapatnams-first-ai-edge-data-center-and-open-cable-landing-station-launched/,,,"[capacity] Sify Visakhapatnam (Madhurawada): 50 MW """"capacity"""" (measure not stated) not used; the 500 MW Sify Vizag project also covers IN299",v2,CC BY-NC 4.0
IN270,Silvernox Datacenter,Silvernox Datacenter,colocation,operating,high,"Facility matched on a fetched page, with a second source. No published IT load; the capacity used is modelled. Corrected in this revision (see correction_applied and correction_evidence).",not published: modelled,"No current (live) IT load is published for this facility. The MW used is modelled (class weight x 3.22 MW per weight unit) and is an allocation, not a measurement.",,Pune,Pune,Maharashtra,Maharashtra,building,Data Center Map directory (datacentermap.com),,,"","","",9.671,9.671,"modelled: class weight x MW per weight unit (commercial, anchored to 1,800 MW)",https://www.datacentermap.com/india/pune/silvernox-dc/,http://archive.today/2026.10.10-143534/https://www.datacentermap.com/india/pune/silvernox-dc/,Silvernox Datacenter - Data Center Map,directory,https://baxtel.com/data-center/silvernox-pune,https://web.archive.org/web/20261001022250/https://baxtel.com/data-center/silvernox-pune,"",directory,confirmed,fetched,"","","Matched by name on DCM city index page (fetched); facility page itself not opened; status not read. | Independent check 30 Sep 2026 (confirmed): Baxtel: Silvernox Pune, GAT 236, operational, 306 racks. DCM addr Hinjawadi Ph1 Rd; DCM 'nes-data' URL resolves to this listing. Check IN151 (NES Data Hinjewadi, planned).",2026-09-30,same operator,Silvernox Maharashtra,operating,Operational,Small (<10 MW),"",dc_type: enterprise -> colocation (multi-tenant commercial operator (sells colocation to third parties)),https://www.silvernox.com/,,v2,CC BY-NC 4.0
IN271,Spectrum IT Park,Spectrum Softtech Solutions (P) Ltd.,enterprise,operating,medium,"Listed in Data Center Map; the operator confirms a data centre in this city, but not this exact building. No published IT load; the capacity used is modelled. Corrected in this revision (see correction_applied and correction_evidence).",not published: modelled,"No current (live) IT load is published for this facility. The MW used is modelled (class weight x 3.22 MW per weight unit) and is an allocation, not a measurement.",,Cochin,Ernakulam,Kerala,Kerala,locality,Data Center Map directory (datacentermap.com),,,"","","",3.224,3.224,"modelled: class weight x MW per weight unit (non-commercial, not anchored)",https://www.datacentermap.com/india/cochin/spectrum-softtech-solutions/,https://web.archive.org/web/20250520131503/https://www.datacentermap.com/india/cochin/spectrum-softtech-solutions/,Spectrum IT Park - Data Center Map,directory,https://m.indiamart.com/spectrum-softtech-solutionspvt-ltd/products-and-services.html,http://archive.today/2026.10.10-230242/https://www.indiamart.com/spectrum-softtech-solutionspvt-ltd/products-and-services.html,"",other,partial,fetched,"","","Listed on DCM city index; facility page not opened (no MW in row). | Independent check 30 Sep 2026 (likely): DCM: Spectrum IT Park, Mahakavi G Road, Ernakulam, launched 2006. IndiaMART operator listing (Ernakulam) offers server colocation; no independent facility detail or date.",2026-09-30,none,"","","","","",dist_name_frozen: Alappuzha -> Ernakulam (Kochi facility; city centroid lies outside the generalised 2015 coastline and was assigned by nearest polygon to Alappuzha; Kochi is in Ernakulam district),"",,v2,CC BY-NC 4.0
IN272,Strad Solutions Data Center,Strad Solutions,enterprise,operating,medium,"Listed in Data Center Map; the operator confirms a data centre in this city, but not this exact building. No published IT load; the capacity used is modelled.",not published: modelled,"No current (live) IT load is published for this facility. The MW used is modelled (class weight x 3.22 MW per weight unit) and is an allocation, not a measurement.",,Mumbai,Mumbai Suburban,Maharashtra,Maharashtra,campus,Data Center Map directory (datacentermap.com),,,"","","",0,0,"modelled: class weight x MW per weight unit (non-commercial, not anchored)",https://www.datacentermap.com/india/mumbai/strad-solutions/,http://archive.today/2026.10.10-143425/https://www.datacentermap.com/india/mumbai/strad-solutions/,Strad Solutions Data Center - Data Center Map,directory,https://www.stradsolutions.com/,http://web.archive.org/web/20260901023332/https://stradsolutions.com/,"",operator,partial,fetched,"","",Matched by name on DCM city index page (fetched); facility page itself not opened; status not read. | Independent check 30 Sep 2026 (likely): stradsolutions.com lists Mumbai among its server locations but not an address or own DC; DCM gives Oshiwara Industrial Center. Probably racks in a third-party site.,2026-09-30,none,"","","","","",,,,v2,CC BY-NC 4.0
IN273,Stridx Cochin COK01,Stridx Technologies,enterprise,operating,low,"Listed in the Data Center Map directory only; no independent source was found. No published IT load; the capacity used is modelled. Corrected in this revision (see correction_applied and correction_evidence). Open issue: [existence] No independent trace beyond the Data Center Map listing (checked 30 Sep 2026): No trace of a Cochin site; only Mistlayer/Stridx Kerala facility found is CLT01 at Nellikode SEZ, Kozhikode (Inflect, 50 kW).",not published: modelled,"No current (live) IT load is published for this facility. The MW used is modelled (class weight x 3.22 MW per weight unit) and is an allocation, not a measurement.",,Cochin,Ernakulam,Kerala,Kerala,city,Data Center Map directory (datacentermap.com),,,"","","",0,0,"modelled: class weight x MW per weight unit (non-commercial, not anchored)",https://www.datacentermap.com/india/cochin/mistlayer-cochin-cok01/,http://web.archive.org/web/20241113230455/https://www.datacentermap.com/india/cochin/mistlayer-cochin-cok01/,Stridx Cochin COK01 - Data Center Map,directory,https://inflect.com/building/special-economic-zone-nellikode-kerala/mistlayer/datacenter/clt01,https://web.archive.org/web/20261001043006/https://inflect.com/building/special-economic-zone-nellikode-kerala/mistlayer/datacenter/clt01,"",directory,directory_only,fetched,"","","Listed on DCM city index; facility page not opened (no MW in row). | Independent check 30 Sep 2026 (doubtful): No trace of a Cochin site; only Mistlayer/Stridx Kerala facility found is CLT01 at Nellikode SEZ, Kozhikode (Inflect, 50 kW).",2026-09-30,none,"","","","","",dist_name_frozen: Alappuzha -> Ernakulam (Kochi facility; city centroid lies outside the generalised 2015 coastline and was assigned by nearest polygon to Alappuzha; Kochi is in Ernakulam district),"","[existence] No independent trace beyond the Data Center Map listing (checked 30 Sep 2026): No trace of a Cochin site; only Mistlayer/Stridx Kerala facility found is CLT01 at Nellikode SEZ, Kozhikode (Inflect, 50 kW).",v2,CC BY-NC 4.0
IN274,Stridx Kolkata CCU01,Stridx Technologies,enterprise,operating,low,"Listed in the Data Center Map directory only; no independent source was found. No published IT load; the capacity used is modelled. Open issue: [existence] No independent trace beyond the Data Center Map listing (checked 30 Sep 2026): Stored DCM URL is Kolkata index, real page /kolkata/mistlayer-kel01/ (ex-MistLayer). PIN 700054 = Kolkata dist, not S 24 Pgs. Stridx (Delaware HQ) site names no Kolkata DC; likely resold rack.",not published: modelled,"No current (live) IT load is published for this facility. The MW used is modelled (class weight x 3.22 MW per weight unit) and is an allocation, not a measurement.",,Kolkata,Kolkata,West Bengal,West Bengal,city,Data Center Map directory (datacentermap.com),,,"","","",0,0,"modelled: class weight x MW per weight unit (non-commercial, not anchored)",https://www.datacentermap.com/india/kolkata/mistlayer-kel01/,https://web.archive.org/web/20240913081943/https://www.datacentermap.com/india/kolkata/mistlayer-kel01/,Stridx Kolkata CCU01 - Data Center Map,directory,https://www.stridx.com/,https://web.archive.org/web/20261001050713/https://www.stridx.com/,"",operator,directory_only,fetched,"","","Listed on DCM city index; facility page not opened (no MW in row). Kolkata index gave no per-facility URLs; source_url is the index. | Independent check 30 Sep 2026 (doubtful): Stored DCM URL is Kolkata index, real page /kolkata/mistlayer-kel01/ (ex-MistLayer). PIN 700054 = Kolkata dist, not S 24 Pgs. Stridx (Delaware HQ) site names no Kolkata DC; likely resold rack.",2026-09-30,none,"","","","","",,,"[existence] No independent trace beyond the Data Center Map listing (checked 30 Sep 2026): Stored DCM URL is Kolkata index, real page /kolkata/mistlayer-kel01/ (ex-MistLayer). PIN 700054 = Kolkata dist, not S 24 Pgs. Stridx (Delaware HQ) site names no Kolkata DC; likely resold rack.",v2,CC BY-NC 4.0
IN275,TD Chennai TD-1,Techno Digital Infra Pvt. Ltd.,colocation,operating,medium,"Facility matched on a fetched page, with a second source. No published IT load; the capacity used is modelled. Corrected in this revision (see correction_applied and correction_evidence). Open issue: [capacity] TD Chennai TD-1: operator says 50 MW, DCD says 36 MW opened; neither is labelled IT load. Likely colocation rather than enterprise",not published: modelled,"No current (live) IT load is published for this facility. The MW used is modelled (class weight x 3.22 MW per weight unit) and is an allocation, not a measurement.",,Chennai,Kancheepuram,Tamil Nadu,Tamil Nadu,campus,Data Center Map directory (datacentermap.com),,,"","","",9.671,9.671,"modelled: class weight x MW per weight unit (commercial, anchored to 1,800 MW)",https://www.datacentermap.com/india/chennai/td-chennai-dc/,http://archive.today/2026.10.10-142741/https://www.datacentermap.com/india/chennai/td-chennai-dc/,TD Chennai TD-1 - Data Center Map,directory,https://www.datacenterdynamics.com/en/news/indias-techno-digital-opens-36mw-data-center/,http://web.archive.org/web/20251107201459/https://www.datacenterdynamics.com/en/news/indias-techno-digital-opens-36mw-data-center/,"",trade_press,confirmed,fetched,"","","Listed on DCM city index; facility page not opened (no MW in row). | Independent check 30 Sep 2026 (confirmed): DCD Aug 2025: Techno Digital opened 36MW TD-1, SIPCOT IT Park Siruseri, ~2,400 racks for hyperscale/AI tenants - commercial colo developer, not enterprise.",2026-09-30,same operator,Techno Digital Chennai Campus,operating,Operational,Large (10-99 MW),https://www.datacenterdynamics.com/en/news/indias-techno-digital-opens-36mw-data-center/ https://technodigital.in/techno-digital-unveils-36mw-ai-ready-hyperscale-data-center-in-chennai/,dc_type: enterprise -> colocation (multi-tenant commercial operator / developer),https://www.datacenterdynamics.com/en/news/indias-techno-digital-opens-36mw-data-center/,"[capacity] TD Chennai TD-1: operator says 50 MW, DCD says 36 MW opened; neither is labelled IT load. Likely colocation rather than enterprise",v2,CC BY-NC 4.0
IN276,TD Mumbai EDC,Techno Digital Infra Pvt. Ltd.,colocation,operating,high,"Facility matched on a fetched page, with a second source. No published IT load; the capacity used is modelled. Corrected in this revision (see correction_applied and correction_evidence).",not published: modelled,"No current (live) IT load is published for this facility. The MW used is modelled (class weight x 3.22 MW per weight unit) and is an allocation, not a measurement. Other figures found (not used: not a live IT load, or its measure is not stated): 0.8 MW other (unclear) https://www.datacentermap.com/india/mumbai/td-mumbai-edc/",,Mumbai,Mumbai,Maharashtra,Maharashtra,locality,Data Center Map directory (datacentermap.com),,,"","",0.8 MW other (unclear) https://www.datacentermap.com/india/mumbai/td-mumbai-edc/,9.671,9.671,"modelled: class weight x MW per weight unit (commercial, anchored to 1,800 MW)",https://www.datacentermap.com/india/mumbai/td-mumbai-edc/,http://archive.today/2026.10.10-143436/https://www.datacentermap.com/india/mumbai/td-mumbai-edc/,TD Mumbai EDC - Data Center Map,directory,https://www.datacenterdynamics.com/en/news/techno-digital-railtel-launch-edge-data-center-in-mumbai-india/,https://web.archive.org/web/20260518140902/https://www.datacenterdynamics.com/en/news/techno-digital-railtel-launch-edge-data-center-in-mumbai-india/,"",trade_press,confirmed,fetched,"","","DCM lists 800kW. | Independent check 30 Sep 2026 (confirmed): DCD: Techno Digital + RailTel edge DC, Mahalakshmi, commissioned 18 May 2026, 800kW/55 racks; RailTel Mumbai (PeeringDB 4378) same WR MW complex. Commercial edge colo.",2026-09-30,same operator,Techno Digital Mahalaxmi Campus,operating,Operational,Small (<10 MW),https://www.datacenterdynamics.com/en/news/techno-digital-railtel-launch-edge-data-center-in-mumbai-india/ https://technodigital.in/td-resources/ https://m.economictimes.com/tech/technology/techno-digital-commissions-its-first-edge-data-centre-in-mumbais-mahalaxmi-area/articleshow/131176301.cms,dc_type: enterprise -> colocation (multi-tenant commercial operator / developer),https://www.datacenterdynamics.com/en/news/techno-digital-railtel-launch-edge-data-center-in-mumbai-india/,,v2,CC BY-NC 4.0
IN289,Trijit India Datacenter,Trijit Technologies Pvt. Ltd.,colocation,operating,low,"Listed in the Data Center Map directory only; no independent source was found. No published IT load; the capacity used is modelled. Open issue: [existence] No independent trace beyond the Data Center Map listing (checked 30 Sep 2026): trijit.com offers 'datacenter services' but gives no DC location; DCM address (12th A Main, 560064) looks like an office. No independent trace of a Bengaluru facility.",not published: modelled,"No current (live) IT load is published for this facility. The MW used is modelled (class weight x 3.22 MW per weight unit) and is an allocation, not a measurement.",,Bengaluru,Bangalore,Karnataka,Karnataka,locality,Data Center Map directory (datacentermap.com),,,"","","",9.671,9.671,"modelled: class weight x MW per weight unit (commercial, anchored to 1,800 MW)",https://www.datacentermap.com/india/bangalore/trijit-india-datacenter/,https://web.archive.org/web/20250512221425/https://www.datacentermap.com/india/bangalore/trijit-india-datacenter/,Trijit India Datacenter - Data Center Map,directory,https://www.trijit.com/,https://web.archive.org/web/20260609113431/http://www.trijit.com/,"",operator,directory_only,fetched,"","","Matched by name on DCM city index page (fetched); facility page not opened; no second source sought. | Independent check 30 Sep 2026 (doubtful): trijit.com offers 'datacenter services' but gives no DC location; DCM address (12th A Main, 560064) looks like an office. No independent trace of a Bengaluru facility.",2026-09-30,none,"","","","","",,,"[existence] No independent trace beyond the Data Center Map listing (checked 30 Sep 2026): trijit.com offers 'datacenter services' but gives no DC location; DCM address (12th A Main, 560064) looks like an office. No independent trace of a Bengaluru facility.",v2,CC BY-NC 4.0
IN290,UPC-Volt Bharat,VOLT Data Centers,colocation,announced (planned),high,"Facility matched on a fetched page, with a second source. No published IT load; the capacity used is modelled. Corrected in this revision (see correction_applied and correction_evidence).",not published: modelled,"No IT load is published for this facility. The MW used is modelled (class weight x 3.22 MW per weight unit) and is an allocation, not a measurement.",,Hyderabad,Rangareddy,Andhra Pradesh,Telangana,locality,Data Center Map directory (datacentermap.com),,,"","","",,9.671,"modelled: class weight x MW per weight unit (commercial, anchored to 1,800 MW)",https://www.datacentermap.com/india/hyderabad/upc-volt-bharat/,http://archive.today/2026.10.10-142808/https://www.datacentermap.com/india/hyderabad/upc-volt-bharat/,UPC-Volt Bharat - Data Center Map,directory,https://w.media/telangana-signs-mou-with-the-upc-volt-jv-to-build-100-mw-ai-data-center/,https://web.archive.org/web/20261001033721/https://w.media/telangana-signs-mou-with-the-upc-volt-jv-to-build-100-mw-ai-data-center/,"",trade_press,confirmed,fetched,"","","Matched by name on DCM city index page (fetched); facility page not opened; no second source sought. | Independent check 30 Sep 2026 (confirmed): MoU signed Feb 2026 (Davos) for 100MW AI DC in Bharat Future City, Rs5,000cr. VOLT is a DC developer (multi-tenant), not enterprise.",2026-09-30,same operator,VOLT / UPC Volt Bharat Future City AI Data Center,planned,Land Bank,Hyperscale (100-999 MW),https://www.telangana.gov.in/news/press-releases/2026/01/honble-cm-sri-a-revanth-reddy-led-the-telangana-rising-delegation-signed-a-mou-with-the-upc-volt-joint-venture-on-the-sidelines-of-the-wef-2026-in-davos/,dc_type: enterprise -> colocation (multi-tenant commercial operator / developer),https://w.media/telangana-signs-mou-with-the-upc-volt-jv-to-build-100-mw-ai-data-center/,,v2,CC BY-NC 4.0
IN291,VD Networks Data center,VD Networks India Pvt.Ltd,enterprise,operating,high,"Facility matched on a fetched page, with a second source. No published IT load; the capacity used is modelled.",not published: modelled,"No current (live) IT load is published for this facility. The MW used is modelled (class weight x 3.22 MW per weight unit) and is an allocation, not a measurement.",,Gandhinagar,Gandhinagar,Gujarat,Gujarat,city,Data Center Map directory (datacentermap.com),,,"","","",0,0,"modelled: class weight x MW per weight unit (non-commercial, not anchored)",https://www.datacentermap.com/india/ahmedabad/vd-networks-dc/,http://web.archive.org/web/20250524102358/https://www.datacentermap.com/india/ahmedabad/vd-networks-dc/,Data Center Map: VD Networks Data center,directory,"","","","",confirmed,fetched,"","",DCM only. (matched on fetched DCM city index; facility page itself not opened.),2026-09-30,none,"","","","","",,,,v2,CC BY-NC 4.0
IN292,Web Werks MUM-1,Web Werks-Iron Mountain,colocation,operating,high,"Facility matched on a fetched page, with a second source. No published IT load; the capacity used is modelled.",not published: modelled,"No current (live) IT load is published for this facility. The MW used is modelled (class weight x 3.22 MW per weight unit) and is an allocation, not a measurement. Other figures found (not used: not a live IT load, or its measure is not stated): 2.3 MW other (current) https://www.datacentermap.com/india/mumbai/iron-mountain-mum-1/",,"Sigma IT Park, Sector 8, Rabale, Navi Mumbai",Thane,Maharashtra,Maharashtra,building,operator census (operator's own facility list),,,"","",2.3 MW other (current) https://www.datacentermap.com/india/mumbai/iron-mountain-mum-1/,9.671,9.671,"modelled: class weight x MW per weight unit (commercial, anchored to 1,800 MW)",https://www.datacentermap.com/india/mumbai/iron-mountain-mum-1/,https://web.archive.org/web/20250418133046/https://www.datacentermap.com/india/mumbai/iron-mountain-mum-1/,Iron Mountain Data Centers MUM-1 (DCM),directory,https://www.ironmountain.com/en-in/data-centers/locations/mumbai-data-center,https://web.archive.org/web/20260421113947/https://www.ironmountain.com/en-in/data-centers/locations/mumbai-data-center,"",operator,confirmed,fetched,"Operational, Tier III",TRUE,"Web Werks now wholly owned by Iron Mountain (Mar-Apr 2025 per DCM). Operator name in our row is the JV name. No second source found for MUM-1. | Independent check 30 Sep 2026 (confirmed): Iron Mountain MUM-1 (ex-Web Werks), Sigma IT Park Rabale, operational since 2015, 2.3MW. | Same building also listed as 'LeapSwitch Networks Mumbai' (IN137, merged): https://www.datacentermap.com/india/navi-mumbai/mumbai-dc1/ | Double-check 30 Sep 2026 (sources support: yes; exists: likely): Facility page hit DCM view limit; existence via DCM index only. Only source is DCM (duplicate risk); no operator source opened. Data Center Map listing: https://www.datacentermap.com/india/mumbai/iron-mountain-mum-1/",2026-09-30,same operator,Iron Mountain Mumbai Campus,operating,Operational,Large (10-99 MW),"",,,,v2,CC BY-NC 4.0
IN293,Web Werks MUM-2,Web Werks-Iron Mountain,colocation,operating,high,"Facility matched on a fetched page, with a second source. No published IT load; the capacity used is modelled.",not published: modelled,"No current (live) IT load is published for this facility. The MW used is modelled (class weight x 3.22 MW per weight unit) and is an allocation, not a measurement. Other figures found (not used: not a live IT load, or its measure is not stated): 10 MW MVA (current) https://www.webwerks.in/web-werks-iron-mountain-jv-launches-its-first-greenfield-data-centre-mumbai; 6 MW other (current) https://www.datacentermap.com/india/mumbai/iron-mountain-mum-2/",,"Rabale, Navi Mumbai",Thane,Maharashtra,Maharashtra,building,operator census (operator's own facility list),,,"","",10 MW MVA (current) https://www.webwerks.in/web-werks-iron-mountain-jv-launches-its-first-greenfield-data-centre-mumbai; 6 MW other (current) https://www.datacentermap.com/india/mumbai/iron-mountain-mum-2/,9.671,9.671,"modelled: class weight x MW per weight unit (commercial, anchored to 1,800 MW)",https://www.webwerks.in/web-werks-iron-mountain-jv-launches-its-first-greenfield-data-centre-mumbai,https://web.archive.org/web/20260124062217/https://www.webwerks.in/web-werks-iron-mountain-jv-launches-its-first-greenfield-data-centre-mumbai,Web Werks - Iron Mountain JV launches first greenfield data centre in Mumbai (Web Werks),operator,https://www.datacentermap.com/india/mumbai/iron-mountain-mum-2/,https://web.archive.org/web/20250516165804/https://www.datacentermap.com/india/mumbai/iron-mountain-mum-2/,Iron Mountain Data Centers MUM-2 (DCM),directory,confirmed,fetched,"Inaugurated Feb 2023; DCM: Operational, Tier III",TRUE,"10 MVA is gross/apparent power, 6 MW likely IT; both published. | Double-check 30 Sep 2026 (sources support: yes; exists: confirmed): Iron Mountain took full ownership of Web Werks in Apr 2025 (DCM); operator label could be updated. Data Center Map listing: https://www.datacentermap.com/india/mumbai/iron-mountain-mum-2/",2026-09-30,same operator,Iron Mountain Mumbai Campus,operating,Operational,Large (10-99 MW),"",,,,v2,CC BY-NC 4.0
IN294,Yotta D1,Yotta,colocation,operating,high,"Facility matched on a fetched page, with a second source. Corrected in this revision (see correction_applied and correction_evidence).",reported IT load,"Basis: current 30 MW: yotta.com: D1 30 MW IT load; build-out 30 MW: yotta.com: D1 30 MW IT load (expandable to 50, not carried) (updated 30 Sep 2026).",,"Greater Noida (Knowledge Park V, Tusiana)",Gautam Buddha Nagar,Uttar Pradesh,Uttar Pradesh,building,operator census (operator's own facility list),30,30,"current 30 MW: yotta.com: D1 30 MW IT load; build-out 30 MW: yotta.com: D1 30 MW IT load (expandable to 50, not carried) (updated 30 Sep 2026)","",28.8 MW IT load (current) https://www.datacentermap.com/india/noida/yotta-d1/; 30 MW other (current) https://colocation.yotta.com/data-center; 30 MW IT (current) https://yotta.com/data-centers/; 30 MW IT (build-out) https://yotta.com/data-centers/,30,30,reported (see mw_basis),https://www.datacentermap.com/india/noida/yotta-d1/,https://web.archive.org/web/20250207091312/https://www.datacentermap.com/india/noida/yotta-d1/,"Yotta Data Services, D1 (DCM)",directory,https://colocation.yotta.com/data-center,https://web.archive.org/web/20261001003858/https://colocation.yotta.com/data-center,Yotta Data Centers (Yotta),operator,confirmed,fetched,Operational,TRUE,Operator page says future 20-acre park with 6 buildings. | Double-check 30 Sep 2026 (sources support: yes; exists: confirmed): DCM yotta-d1 page hit view limit but URL listed on Noida index; check backbone double count. Data Center Map listing: https://www.datacentermap.com/india/noida/yotta-d1/,2026-09-30,same operator,Yotta Infrastructure Solutions Uttar Pradesh Campus,operating,Operational,Large (10-99 MW),https://www.datacenterdynamics.com/en/news/yotta-launches-data-center-in-noida-india/ https://yotta.com/data-center-in-india/,"mw_reported: blank -> 30 (yotta.com: D1 30 MW IT load) | mw_reported_buildout: blank -> 30 (yotta.com: D1 30 MW IT load (expandable to 50, not carried))",https://yotta.com/data-centers/,,v2,CC BY-NC 4.0
IN295,"Yotta Data Services, G1, Data Center in Gift City, Gujarat",Yotta,colocation,operating,high,"Facility matched on a fetched page, with a second source. Capacity: 2 MW = total power.","reported, but uncertain (see mw_note)",Basis: current IT (1 MW). Caution: 2 MW = total power.,,"GIFT City, Gandhinagar",Gandhinagar,Gujarat,Gujarat,campus,Data Center Map directory (datacentermap.com),1,1,current IT (1 MW),2 MW = total power,1 MW IT load (current) https://www.datacentermap.com/india/ahmedabad/yotta-g1/; 2 MW total power (current) https://www.datacentermap.com/india/ahmedabad/yotta-g1/; 2 MW total power (current) https://w.media/yotta-launches-cloud-data-center-in-gujarat/,1,1,reported (see mw_basis),https://www.datacentermap.com/india/ahmedabad/yotta-g1/,http://web.archive.org/web/20250520163535/https://www.datacentermap.com/india/ahmedabad/yotta-g1/,"Data Center Map: Yotta Data Services, G1, Data Center in Gift City, Gujarat",directory,https://w.media/yotta-launches-cloud-data-center-in-gujarat/,https://web.archive.org/web/20261001051255/https://w.media/yotta-launches-cloud-data-center-in-gujarat/,W.Media: Yotta's Cloud Data Center in Gujarat goes Live,trade_press,confirmed,fetched,Operational (DCM); RFC Jan 2024 (W.Media),TRUE,"Our 1.0/1.0 = IT load of ~1 MW (DCM: 2 MW total power, 1 MW IT, 350 racks). No separate build-out figure published; current = design at 2 MW power.",2026-09-30,same operator,Yotta Infrastructure Solutions Gujarat,operating,Operational,Small (<10 MW),"",,,,v2,CC BY-NC 4.0
IN296,Yotta NM1,Yotta,colocation,operating,high,"Facility matched on a fetched page, with a second source. Capacity: Yotta page and DCM now give 52 MW IT; 250 MW = planned 5-building park. Corrected in this revision (see correction_applied and correction_evidence).","reported, but uncertain (see mw_note)",Basis: current 52 MW: yotta.com now lists NM1 at 52 MW IT load (50 MW at the 2020 inauguration); build-out 52 MW: yotta.com: 52 MW IT load (updated 30 Sep 2026). Caution: Yotta page and DCM now give 52 MW IT; 250 MW = planned 5-building park.,,"Hiranandani Fortune City, Panvel",Raigarh,Maharashtra,Maharashtra,campus,operator census (operator's own facility list),52,52,current 52 MW: yotta.com now lists NM1 at 52 MW IT load (50 MW at the 2020 inauguration); build-out 52 MW: yotta.com: 52 MW IT load (updated 30 Sep 2026),Yotta page and DCM now give 52 MW IT; 250 MW = planned 5-building park,52 MW IT load (current) https://datacentermap.com/india/mumbai/yotta-nm1; 52 MW other (current) https://colocation.yotta.com/data-center; 50 MW other (current) https://developingtelecoms.com/telecom-technology/data-centres-networks/9744-india-s-largest-data-centre-building-inaugurated.html; 250 MW other (design/build-out) https://developingtelecoms.com/telecom-technology/data-centres-networks/9744-india-s-largest-data-centre-building-inaugurated.html; 52 MW IT (current) https://yotta.com/data-centers/; 52 MW IT (build-out) https://yotta.com/data-centers/,52,52,reported (see mw_basis),https://colocation.yotta.com/data-center,https://web.archive.org/web/20261001003858/https://colocation.yotta.com/data-center,Yotta Data Centers (Yotta),operator,https://developingtelecoms.com/telecom-technology/data-centres-networks/9744-india-s-largest-data-centre-building-inaugurated.html,https://web.archive.org/web/20260905163715/https://developingtelecoms.com/telecom-technology/data-centres-networks/9744-india-s-largest-data-centre-building-inaugurated.html,India's largest data centre building inaugurated (Developing Telecoms),trade_press,confirmed,fetched,Operational; inaugurated July 8 2020 (per Developing Telecoms),TRUE,"50 vs 52 is a source-age difference, not phases. Inauguration date in press article is July 8 2020 (lead said July 7). | Double-check 30 Sep 2026 (sources support: yes; exists: confirmed): Yotta lists 52 MW IT; 2020 inauguration article said 50 MW power (Jul 2020). Data Center Map listing: https://www.datacentermap.com/india/mumbai/yotta-nm1/",2026-09-30,same operator,Yotta Infrastructure Solutions NM1,operating,Operational,Large (10-99 MW),"",mw_reported: 50 -> 52 (yotta.com now lists NM1 at 52 MW IT load (50 MW at the 2020 inauguration)) | mw_reported_buildout: 50 -> 52 (yotta.com: 52 MW IT load),https://yotta.com/data-centers/,,v2,CC BY-NC 4.0
IN297,ixoraDC Mumbai,Aabasoft Technologies India Pvt Ltd,enterprise,operating,medium,"Listed in Data Center Map; the operator confirms a data centre in this city, but not this exact building. No published IT load; the capacity used is modelled. Corrected in this revision (see correction_applied and correction_evidence).",not published: modelled,"No current (live) IT load is published for this facility. The MW used is modelled (class weight x 3.22 MW per weight unit) and is an allocation, not a measurement.",,Mumbai,Thane,Maharashtra,Maharashtra,campus,Data Center Map directory (datacentermap.com),,,"","","",3.224,3.224,"modelled: class weight x MW per weight unit (non-commercial, not anchored)",https://www.datacentermap.com/india/mumbai/ixoradc-mumbai/,http://archive.today/2026.10.10-143202/https://www.datacentermap.com/india/mumbai/ixoradc-mumbai/,ixoraDC Mumbai - Data Center Map,directory,https://www.ixoradc.com/,https://web.archive.org/web/20261001015700/https://www.ixoradc.com/,"",operator,partial,fetched,"","","Matched by name on DCM city index page (fetched); facility page itself not opened; status not read. | Independent check 30 Sep 2026 (likely): Operator site lists Mumbai among 4 India locations, no address. DCM addr is office suite in Mahape, Navi Mumbai -> district Thane, not Mumbai Suburban; likely racks in a 3rd-party DC.",2026-09-30,none,"","","","","","dist_name_frozen: Mumbai Suburban -> Thane (ixoraDC Mumbai is in Mahape, Navi Mumbai) | lon: 72.878 -> 73.03 (city-level point moved into the correct district) | lat: 19.076 -> 19.033 (city-level point moved into the correct district)",https://www.ixoradc.com/,,v2,CC BY-NC 4.0
IN298,HyperVault Hyderabad AI Data Center Campus (Bharat Future City),HyperVault AI Data Center Ltd (TCS),colocation,announced (planned),high,"Facility matched on a fetched page, with a second source. No published IT load; the capacity used is modelled. Note: Confirmed from operator PR (land secured, 264 ac) + TNM naming BFC. Land secured + operator announcement -> announced. Not in inventory; distinct from AWS BFC rows (IN030-34). 1 GW unspecified measure so MW blank. Parcel not pinned, lon/lat blank. | Double-check 30 Sep 2026 (sources support: yes; exists: confirmed): TCS PR 5 Sep 2026: up to 1 GW, land secured, phased; IT vs total not stated. TCS PR says only Hyderabad; location from news. DCM now lists it. Data Center Map listing: https://www.datacentermap.com/india/hyderabad/hypervault-hyderabad/",not published: modelled,"No IT load is published for this facility. The MW used is modelled (class weight x 3.22 MW per weight unit) and is an allocation, not a measurement. Other figures found (not used: not a live IT load, or its measure is not stated): 1000 MW unspecified capacity (campus full build-out) https://www.tcs.com/who-we-are/newsroom/press-release/tcs-hypervault-establish-large-scale-ai-data-center-campus-telangana",,"Bharat Future City, Hyderabad",Rangareddy,Andhra Pradesh,Telangana,locality,"operator, company, government or press record (site first noticed in the Atlas of Data Center Politics cross-check; the Atlas is not a source)",,,"Only 'up to 1 GW' published, IT vs total not stated -> blank","",1000 MW unspecified capacity (campus full build-out) https://www.tcs.com/who-we-are/newsroom/press-release/tcs-hypervault-establish-large-scale-ai-data-center-campus-telangana,,9.671,"modelled: class weight x MW per weight unit (commercial, anchored to 1,800 MW)",https://www.tcs.com/who-we-are/newsroom/press-release/tcs-hypervault-establish-large-scale-ai-data-center-campus-telangana,http://web.archive.org/web/20260906102744/https://www.tcs.com/who-we-are/newsroom/press-release/tcs-hypervault-establish-large-scale-ai-data-center-campus-telangana,TCS HyperVault to establish large-scale AI data center campus in Telangana (5 Sep 2026),operator press release,https://www.thenewsminute.com/telangana/this-decade-is-one-of-ai-tcs-unit-to-build-rs-70000-cr-data-centre-in-hyderabad,http://web.archive.org/web/20260907043413/https://www.thenewsminute.com/telangana/this-decade-is-one-of-ai-tcs-unit-to-build-rs-70000-cr-data-centre-in-hyderabad,"This decade is one of AI: TCS unit to build Rs 70,000-cr data centre in Hyderabad (The News Minute)",trade press,confirmed,fetched,"5 Sep 2026: TCS PR - 264 acres secured in Telangana, up to 1 GW, Rs 70,000 cr, phased by demand; TNM places it in Bharat Future City. No groundbreaking found.",TRUE,"Confirmed from operator PR (land secured, 264 ac) + TNM naming BFC. Land secured + operator announcement -> announced. Not in inventory; distinct from AWS BFC rows (IN030-34). 1 GW unspecified measure so MW blank. Parcel not pinned, lon/lat blank. | Double-check 30 Sep 2026 (sources support: yes; exists: confirmed): TCS PR 5 Sep 2026: up to 1 GW, land secured, phased; IT vs total not stated. TCS PR says only Hyderabad; location from news. DCM now lists it. Data Center Map listing: https://www.datacentermap.com/india/hyderabad/hypervault-hyderabad/",2026-09-30,first_noticed_in_atlas,HyperVault Bharat Future City AI Data Center Campus,planned,Site Acquisition,Hyperscale (100-999 MW),https://www.tcs.com/who-we-are/newsroom/press-release/tcs-hypervault-establish-large-scale-ai-data-center-campus-telangana https://www.telangana.gov.in/news/press-releases/2026/09/honble-chief-minister-sri-a-revanth-reddy-participates-in-meeting-with-tcs-hypervault-delegation-at-dr-br-ambedkar-telangana-secretariat-hyderabad/,,,,v2,CC BY-NC 4.0
IN299,Sify Visakhapatnam Campus (Paradesipalem),Sify Technologies (Sify Infinit Spaces Ltd),colocation,announced (planned),high,"Facility matched on a fetched page, with a second source. No published IT load; the capacity used is modelled. Note: DCD (fetched) states the 50 MW Rushikonda-Madhurawada DC+CLS (IN269) is separate from the 500 MW 25-ac Paradesipalem site, so new row, not duplicate. State land allotment naming site -> announced. No operator PR or G.O. fetched (primary gap). Meta tenancy is press report only. | Double-check 30 Sep 2026 (sources support: yes; exists: likely): 500 MW is unspecified project capacity, so leaving it blank is correct.",not published: modelled,"No IT load is published for this facility. The MW used is modelled (class weight x 3.22 MW per weight unit) and is an allocation, not a measurement. Other figures found (not used: not a live IT load, or its measure is not stated): 500 MW unspecified capacity (Sify Vizag project (Paradesipalem 25+25 ac)) https://w.media/andhra-pradesh-allocates-extra-25-acres-for-sifys-500-mw-dc/; 50 MW unspecified 'data center capacity' (Madhurawada DC+CLS, 2 phases, 3.6 ac (IN269)) https://www.datacenterdynamics.com/en/news/indias-sify-breaks-ground-on-50mw-data-center-and-cable-landing-station-in-vizag/",,"Paradesipalem, Visakhapatnam",Visakhapatnam,Andhra Pradesh,Andhra Pradesh,locality,"operator, company, government or press record (site first noticed in the Atlas of Data Center Politics cross-check; the Atlas is not a source)",,,500 MW is unspecified 'capacity' for the whole Sify Vizag project -> blank,"","500 MW unspecified capacity (Sify Vizag project (Paradesipalem 25+25 ac)) https://w.media/andhra-pradesh-allocates-extra-25-acres-for-sifys-500-mw-dc/; 50 MW unspecified 'data center capacity' (Madhurawada DC+CLS, 2 phases, 3.6 ac (IN269)) https://www.datacenterdynamics.com/en/news/indias-sify-breaks-ground-on-50mw-data-center-and-cable-landing-station-in-vizag/",,9.671,"modelled: class weight x MW per weight unit (commercial, anchored to 1,800 MW)",https://www.deccanchronicle.com/southern-states/andhra-pradesh/ap-approves-sifys-rs-15266-crore-data-centre-expansion-clears-3-other-tech-projects-1967167,https://web.archive.org/web/20261001055211/https://www.deccanchronicle.com/southern-states/andhra-pradesh/ap-approves-sifys-rs-15266-crore-data-centre-expansion-clears-3-other-tech-projects-1967167,"AP approves Sify's Rs 15,266-crore data centre expansion (Deccan Chronicle, 29 Jun 2026)",trade press (reporting state govt approval),https://w.media/andhra-pradesh-allocates-extra-25-acres-for-sifys-500-mw-dc/,https://web.archive.org/web/20261001055756/https://w.media/andhra-pradesh-allocates-extra-25-acres-for-sifys-500-mw-dc/,"Andhra Pradesh allocates extra 25 acres for Sify's 500 MW DC (w.media, 6 Jul 2026)",trade press,confirmed,fetched,"25 ac at Paradesipalem allotted 2025; AP govt approved phase-2 25 ac 29 Jun 2026 (Rs 15,266 cr, 500 MW), phase 1 must start before balance land. No groundbreaking at Paradesipalem found.",TRUE,"DCD (fetched) states the 50 MW Rushikonda-Madhurawada DC+CLS (IN269) is separate from the 500 MW 25-ac Paradesipalem site, so new row, not duplicate. State land allotment naming site -> announced. No operator PR or G.O. fetched (primary gap). Meta tenancy is press report only. | Double-check 30 Sep 2026 (sources support: yes; exists: likely): 500 MW is unspecified project capacity, so leaving it blank is correct.",2026-09-30,first_noticed_in_atlas,Sify Technologies Vishakhapatnam Campus,planned,Land Bank,Hyperscale (100-999 MW),"",,,,v2,CC BY-NC 4.0
IN300,Adani Data Centre Bhubaneswar (Info Valley),Adani Group (AdaniConneX not named in press),colocation,under construction,high,"Facility matched on a fetched page, with a second source. No published IT load; the capacity used is modelled. Note: Info Valley row confirmed (ANI fetched: groundbreaking 8 Apr 2026, Rs 800 cr, no MW, no Naraj mention). Naraj 1 GW is a different, larger project; separate row only once HLCA source is fetched. operator should read Adani Group since AdaniConneX is not named. A separate 1 GW Adani project at Naraj (Cuttack) was reported approved on 23 Sep 2026; it is a different site and is not included (source not re-found). | Double-check 30 Sep 2026 (sources support: partly; exists: likely): Adani Group named; no MW. x.com source could not be opened (robots).",not published: modelled,"No IT load is published for this facility. The MW used is modelled (class weight x 3.22 MW per weight unit) and is an allocation, not a measurement.",,"Info Valley, Bhubaneswar",Khordha,Odisha,Odisha,locality,"operator, company, government or press record (site first noticed in the Atlas of Data Center Politics cross-check; the Atlas is not a source)",,,No MW published; Rs 800 cr only,"","",,9.671,"modelled: class weight x MW per weight unit (commercial, anchored to 1,800 MW)",https://www.aninews.in/news/business/adani-group-announces-rs-33081-crore-investment-in-odisha-across-data-power-cement-projects20260408134433/,https://web.archive.org/web/20261001055854/https://www.aninews.in/news/business/adani-group-announces-rs-33081-crore-investment-in-odisha-across-data-power-cement-projects20260408134433/,"ANI: Adani group announces Rs 33,081 crore investment in Odisha across data, power, cement projects (8 Apr 2026)",news wire,https://x.com/AdaniOnline/status/2041913962640388509,http://archive.today/2026.10.02-160136/https://x.com/AdaniOnline/status/2041913962640388509,Adani Group on X: Rs 800 crore data centre at Info Valley,operator social media,confirmed,fetched,"8 Apr 2026: groundbreaking/inauguration ceremony in Khordha incl. Rs 800 cr DC at Info Valley, Bhubaneswar (ANI). Not on adaniconnex.com list (fetched 30 Sep 2026).",TRUE,"Info Valley row confirmed (ANI fetched: groundbreaking 8 Apr 2026, Rs 800 cr, no MW, no Naraj mention). Naraj 1 GW is a different, larger project; separate row only once HLCA source is fetched. operator should read Adani Group since AdaniConneX is not named. A separate 1 GW Adani project at Naraj (Cuttack) was reported approved on 23 Sep 2026; it is a different site and is not included (source not re-found). | Double-check 30 Sep 2026 (sources support: partly; exists: likely): Adani Group named; no MW. x.com source could not be opened (robots).",2026-09-30,first_noticed_in_atlas,AdaniConneX Bhubaneswar Info Valley,planned,Planned,Large (10-99 MW),https://datacenters.economictimes.indiatimes.com/news/construction-site-development/bhubaneswar-to-add-two-data-centers-with-1066-48-crore-investment/132232736 https://environmentclearance.nic.in/writereaddata/Online/TOR/05_Jul_2017_0007389230QZVASRDAnnexure-PFR.pdf https://it.odisha.gov.in/sites/default/files/2025-06/Odisha%20Digital%20Economy%20Vision%202030.pdf https://odishatv.in/odisha/adanis-rs-800-cr-project-takes-bhubaneswars-data-centre-investment-past-rs-1000-cr-12143961 https://www.linkedin.com/posts/adani-group_adanis-800-crore-data-centre-at-info-valley-activity-7447679655404380160-b2BL,,,,v2,CC BY-NC 4.0
IN301,"AdaniConneX Kolkata (Bengal Silicon Valley, New Town)",Adani Enterprises (AdaniConneX),colocation,under construction,high,"Facility matched on a fetched page, with a second source. No published IT load; the capacity used is modelled. Note: No evidence it is operating: the operator's own site list omits Kolkata and Baxtel still says under construction. May 2025 'nearing completion' not followed by any commissioning news I could find. Keep construction. | Double-check 30 Sep 2026 (sources support: yes; exists: likely): Baxtel: 'Adani Bengal Tech Park', 51.75 ac, under construction, planned 2026. Not on DCM Kolkata index. No MW published.",not published: modelled,"No IT load is published for this facility. The MW used is modelled (class weight x 3.22 MW per weight unit) and is an allocation, not a measurement.",,"Bengal Silicon Valley, New Town, Kolkata",North Twenty Four Parganas,West Bengal,West Bengal,campus,"operator, company, government or press record (site first noticed in the Atlas of Data Center Politics cross-check; the Atlas is not a source)",,,No MW published (52 ac),"","",,9.671,"modelled: class weight x MW per weight unit (commercial, anchored to 1,800 MW)",https://thetechcapital.com/adanis-52-acre-west-bengal-data-centre-campus-greenlighted/,http://web.archive.org/web/20220704143907/https://thetechcapital.com/adanis-52-acre-west-bengal-data-centre-campus-greenlighted/,"Adani's 52-acre West Bengal data centre campus greenlighted (The Tech Capital, 6 Jun 2022)",trade press,https://baxtel.com/data-center/adaniconnex-kolkata,http://web.archive.org/web/20260615073905/https://baxtel.com/data-center/adaniconnex-kolkata,Baxtel: AdaniConneX Kolkata,directory,confirmed,fetched,"Jun 2022 WB final approval, 52 ac BSV. Baxtel (fetched 30 Sep 2026): 'Under Construction', planned 2026. adaniconnex.com (fetched 30 Sep 2026) does not list Kolkata at all.",TRUE,"No evidence it is operating: the operator's own site list omits Kolkata and Baxtel still says under construction. May 2025 'nearing completion' not followed by any commissioning news I could find. Keep construction. | Double-check 30 Sep 2026 (sources support: yes; exists: likely): Baxtel: 'Adani Bengal Tech Park', 51.75 ac, under construction, planned 2026. Not on DCM Kolkata index. No MW published.",2026-09-30,first_noticed_in_atlas,AdaniConneX Kolkata / Bengal Tech Park,planned,Under Construction,Large (10-99 MW),https://baxtel.com/data-center/adaniconnex-kolkata https://www.adaniconnex.com/ https://www.indiatoday.in/india/story/adani-group-data-centre-bengal-silicon-valley-new-town-kolkata-1959113-2022-06-06,,,,v2,CC BY-NC 4.0
IN302,"AM Group AI Compute Hub (YEIDA Sector 28, Jewar)",AM Group,colocation,announced (planned),high,"Facility matched on a fetched page, with a second source. No published IT load; the capacity used is modelled. Note: State authority LoI + named sector/acreage -> announced. Phase MW figures conflict (150 vs 384) and none is labelled IT, so MW blank. BS says 'started development' but no groundbreaking found, so not construction. | Double-check 30 Sep 2026 (sources support: yes; exists: confirmed): PR says 1 GW 'high-performance computing power', Greater Noida, first capacity 2028; KNN 384 MW Phase 1, measure unspecified. Blank MW justified.",not published: modelled,"No IT load is published for this facility. The MW used is modelled (class weight x 3.22 MW per weight unit) and is an allocation, not a measurement. Other figures found (not used: not a live IT load, or its measure is not stated): 1000 MW compute capacity, unspecified (campus by 2030) https://www.prnewswire.com/in/news-releases/am-group-signs-landmark-mou-with-uttar-pradesh-government-to-set-up-gw-scale-ai-compute-hub-enabling-democratization-of-ai-from-electron-agents-to-intelligent-tokens-302665495.html; 350 MW unspecified (150+200) (phases 1-2 by 2028) https://www.business-standard.com/industry/news/am-group-ai-data-centre-uttar-pradesh-25bn-investment-yeida-126021700514_1.html; 384 MW unspecified (phase 1, 114 ac) https://knnindia.co.in/news/newsdetails/state/uttar-pradesh/rs-26910-crore-data-centre-ai-hub-planned-in-uttar-pradesh-phase-1-to-have-384-mw-capacity",,"YEIDA Sector 28, Jewar",Gautam Buddha Nagar,Uttar Pradesh,Uttar Pradesh,locality,"operator, company, government or press record (site first noticed in the Atlas of Data Center Politics cross-check; the Atlas is not a source)",,,Only unspecified 'capacity'/'compute' figures -> blank,"","1000 MW compute capacity, unspecified (campus by 2030) https://www.prnewswire.com/in/news-releases/am-group-signs-landmark-mou-with-uttar-pradesh-government-to-set-up-gw-scale-ai-compute-hub-enabling-democratization-of-ai-from-electron-agents-to-intelligent-tokens-302665495.html; 350 MW unspecified (150+200) (phases 1-2 by 2028) https://www.business-standard.com/industry/news/am-group-ai-data-centre-uttar-pradesh-25bn-investment-yeida-126021700514_1.html; 384 MW unspecified (phase 1, 114 ac) https://knnindia.co.in/news/newsdetails/state/uttar-pradesh/rs-26910-crore-data-centre-ai-hub-planned-in-uttar-pradesh-phase-1-to-have-384-mw-capacity",,9.671,"modelled: class weight x MW per weight unit (commercial, anchored to 1,800 MW)",https://www.prnewswire.com/in/news-releases/am-group-signs-landmark-mou-with-uttar-pradesh-government-to-set-up-gw-scale-ai-compute-hub-enabling-democratization-of-ai-from-electron-agents-to-intelligent-tokens-302665495.html,https://web.archive.org/web/20260121105343/https://www.prnewswire.com/in/news-releases/am-group-signs-landmark-mou-with-uttar-pradesh-government-to-set-up-gw-scale-ai-compute-hub-enabling-democratization-of-ai-from-electron-agents-to-intelligent-tokens-302665495.html,"AM Group signs MoU with UP Government to set up GW-scale AI compute hub (PR Newswire, 21 Jan 2026)",operator press release,https://knnindia.co.in/news/newsdetails/state/uttar-pradesh/rs-26910-crore-data-centre-ai-hub-planned-in-uttar-pradesh-phase-1-to-have-384-mw-capacity,http://archive.today/2026.10.02-152947/https://knnindia.co.in/news/newsdetails/state/uttar-pradesh/rs-26910-crore-data-centre-ai-hub-planned-in-uttar-pradesh-phase-1-to-have-384-mw-capacity,"Rs 26,910 crore data centre, AI hub planned in UP; Phase 1 to have 384 MW (KNN, 7 Sep 2026)",trade press,confirmed,fetched,"21 Jan 2026 MoU; 17 Feb 2026 YEIDA LoI for phases 1-2 (BS); 7 Sep 2026 phase 1 on 114 ac, Sector 28 YEIDA, commissioning 2028 (KNN). No groundbreaking evidence.",TRUE,"State authority LoI + named sector/acreage -> announced. Phase MW figures conflict (150 vs 384) and none is labelled IT, so MW blank. BS says 'started development' but no groundbreaking found, so not construction. | Double-check 30 Sep 2026 (sources support: yes; exists: confirmed): PR says 1 GW 'high-performance computing power', Greater Noida, first capacity 2028; KNN 384 MW Phase 1, measure unspecified. Blank MW justified.",2026-09-30,first_noticed_in_atlas,AM Group Greater Noida AI Compute Hub,planned,Site Acquisition,Gigascale (>999 MW),https://invest.up.gov.in/in-the-news/ https://www.business-standard.com/industry/news/am-group-ai-data-centre-uttar-pradesh-25bn-investment-yeida-126021700514_1.html https://www.prnewswire.com/in/news-releases/am-group-signs-landmark-mou-with-uttar-pradesh-government-to-set-up-gw-scale-ai-compute-hub-enabling-democratization-of-ai-from-electron-agents-to-intelligent-tokens-302665495.html,,,,v2,CC BY-NC 4.0
IN304,"Reliance Jio Kolkata DC (Bengal Silicon Valley, New Town)",Reliance Jio Infocomm (Reliance Industries),telecom,under construction,low,"Facility matched on a fetched page, with a second source. No published IT load; the capacity used is modelled. Open issue: [status] Reliance said (Feb 2025) the Kolkata DC would be live within nine months; no launch confirmed. Note: Groundbreaking evidenced. The Feb 2025 speech implies a Kolkata DC exists/is being converted, but I found no dated go-live confirmation (search budget exhausted; not re-searched). Keep construction; upgrade to operating only with a dated launch source. Not RCom. | Double-check 30 Sep 2026 (sources support: yes; exists: likely): Status 'construction' may be outdated given the Feb 2025 nine-month timeline; no confirmation of opening found.",not published: modelled,"No IT load is published for this facility. The MW used is modelled (class weight x 3.22 MW per weight unit) and is an allocation, not a measurement.",,"Bengal Silicon Valley, New Town, Kolkata",North Twenty Four Parganas,West Bengal,West Bengal,campus,"operator, company, government or press record (site first noticed in the Atlas of Data Center Politics cross-check; the Atlas is not a source)",,,No MW published (40 ac),"","",,1.612,"modelled: class weight x MW per weight unit (non-commercial, not anchored)",https://www.millenniumpost.in/kolkata/reliance-begins-construction-of-data-centre-at-silicon-valley-396419,https://web.archive.org/web/20250114141037/https://www.millenniumpost.in/kolkata/reliance-begins-construction-of-data-centre-at-silicon-valley-396419,"Reliance begins construction of data centre at Silicon Valley (Millennium Post, 19 Jan 2020)",news,https://www.angelone.in/news/share-market/reliance-itc-unveil-ambitious-investment-plans-at-bengal-global-business-summit-2025,http://archive.today/2026.10.02-154359/https://www.angelone.in/news/share-market/reliance-itc-unveil-ambitious-investment-plans-at-bengal-global-business-summit-2025,"Reliance, ITC unveil investment plans at BGBS 2025 (Angel One)",news,confirmed,fetched,Bhoomi puja 19 Jan 2020 (40 ac BSV). Feb 2025 BGBS: Ambani said one AI DC to be operational in Kolkata 'within nine months' and referred to the 'ongoing transformation of their Kolkata data centre'.,TRUE,"Groundbreaking evidenced. The Feb 2025 speech implies a Kolkata DC exists/is being converted, but I found no dated go-live confirmation (search budget exhausted; not re-searched). Keep construction; upgrade to operating only with a dated launch source. Not RCom. | Double-check 30 Sep 2026 (sources support: yes; exists: likely): Status 'construction' may be outdated given the Feb 2025 nine-month timeline; no confirmation of opening found.",2026-09-30,first_noticed_in_atlas,Reliance Communications West Bengal,operating,Partially Operational/Under Construction,Large (10-99 MW),https://www.business-standard.com/industry/news/centre-tapping-big-tech-companies-for-data-centres-r-d-in-west-bengal-126051700420_1.html https://www.moneycontrol.com/news/business/jio-building-world-s-best-ai-infrastructure-in-india-mukesh-ambani-12931427.html,,,[status] Reliance said (Feb 2025) the Kolkata DC would be live within nine months; no launch confirmed.,v2,CC BY-NC 4.0
IN305,CtrlS Ahmedabad Edge DC (GIFT City),CtrlS Datacenters,colocation,under construction,high,"Facility matched on a fetched page, with a second source. Note: Operator contradicts itself (homepage 'live' vs facility page 'upcoming'); keep construction, the conservative reading, and flag possible operating. 9.2 MW is explicitly IT -> buildout 9.2, live blank. | Double-check 30 Sep 2026 (sources support: yes; exists: confirmed): DCD calls it 'CtrlS Gandhinagar 1 DC', size not decided in 2023. Not on DCM Ahmedabad index.",reported IT load,Basis: Operator: 9.2 MW IT power capacity (design); not stated as live.,,GIFT City,Gandhinagar,Gujarat,Gujarat,campus,"operator, company, government or press record (site first noticed in the Atlas of Data Center Politics cross-check; the Atlas is not a source)",,9.2,Operator: 9.2 MW IT power capacity (design); not stated as live,"",9.2 MW IT power capacity (facility design) https://www.ctrls.com/datacenter-ahmedabad/,,9.2,"modelled: class weight x MW per weight unit (commercial, anchored to 1,800 MW)",https://www.ctrls.com/datacenter-ahmedabad/,https://web.archive.org/web/20260728022831/https://www.ctrls.com/datacenter-ahmedabad/,CtrlS Ahmedabad Edge Datacenter,operator,https://www.datacenterdynamics.com/en/news/ctrls-breaks-ground-on-data-center-in-gujarat-india-to-invest-30m-in-project,https://web.archive.org/web/20260212083942/https://www.datacenterdynamics.com/en/news/ctrls-breaks-ground-on-data-center-in-gujarat-india-to-invest-30m-in-project/,"CtrlS breaks ground on data center in Gujarat (DCD, 22 Dec 2023)",trade press,confirmed,fetched,"Groundbreaking 22 Dec 2023, GIFT City, commissioning target 2025 (DCD). Facility page (30 Sep 2026): 'the upcoming Ahmedabad Edge Datacenter'. ctrls.com homepage lists Ahmedabad among live edge DCs.",TRUE,"Operator contradicts itself (homepage 'live' vs facility page 'upcoming'); keep construction, the conservative reading, and flag possible operating. 9.2 MW is explicitly IT -> buildout 9.2, live blank. | Double-check 30 Sep 2026 (sources support: yes; exists: confirmed): DCD calls it 'CtrlS Gandhinagar 1 DC', size not decided in 2023. Not on DCM Ahmedabad index.",2026-09-30,first_noticed_in_atlas,CtrlS Datacenters Ltd Gujarat,operating,Under Construction,Small (<10 MW),"",,,,v2,CC BY-NC 4.0
IN306,CtrlS Visakhapatnam (Rambilli APIIC Industrial Park),CtrlS Datacenters,colocation,announced (planned),high,"Facility matched on a fetched page, with a second source. No published IT load; the capacity used is modelled. Note: State approval + land allotment naming the site -> announced. Separate operator/parcel from Google Rambilli (IN114) and not on ctrls.com yet. Rambilli mandal was in Visakhapatnam district in 2015. No pinned parcel -> lon/lat blank (Rambilli area ~82.93,17.46). | Double-check 30 Sep 2026 (sources support: yes; exists: confirmed): Both cited articles (headlined on Sify) name the CtrlS 100 MW Rambilli project (Rs 2,788.3 cr); 100 MW unspecified measure. District: Anakapalli (Visakhapatnam in 2015 NFHS) ok.",not published: modelled,"No IT load is published for this facility. The MW used is modelled (class weight x 3.22 MW per weight unit) and is an allocation, not a measurement. Other figures found (not used: not a live IT load, or its measure is not stated): 100 MW unspecified capacity (campus) https://www.deccanchronicle.com/southern-states/andhra-pradesh/ap-approves-sifys-rs-15266-crore-data-centre-expansion-clears-3-other-tech-projects-1967167; 100 MW unspecified capacity (campus, 49.93 ac) https://w.media/andhra-pradesh-allocates-extra-25-acres-for-sifys-500-mw-dc/",,"APIIC Industrial Park, Rambilli (Anakapalli)",Visakhapatnam,Andhra Pradesh,Andhra Pradesh,locality,"operator, company, government or press record (site first noticed in the Atlas of Data Center Politics cross-check; the Atlas is not a source)",,,100 MW 'capacity' unspecified -> blank (use 100 only if unspecified figures are accepted),"","100 MW unspecified capacity (campus) https://www.deccanchronicle.com/southern-states/andhra-pradesh/ap-approves-sifys-rs-15266-crore-data-centre-expansion-clears-3-other-tech-projects-1967167; 100 MW unspecified capacity (campus, 49.93 ac) https://w.media/andhra-pradesh-allocates-extra-25-acres-for-sifys-500-mw-dc/",,9.671,"modelled: class weight x MW per weight unit (commercial, anchored to 1,800 MW)",https://www.deccanchronicle.com/southern-states/andhra-pradesh/ap-approves-sifys-rs-15266-crore-data-centre-expansion-clears-3-other-tech-projects-1967167,https://web.archive.org/web/20261001055211/https://www.deccanchronicle.com/southern-states/andhra-pradesh/ap-approves-sifys-rs-15266-crore-data-centre-expansion-clears-3-other-tech-projects-1967167,"AP approves Sify's Rs 15,266-crore expansion, clears 3 other tech projects (Deccan Chronicle, 29 Jun 2026)",trade press (reporting state govt approval),https://w.media/andhra-pradesh-allocates-extra-25-acres-for-sifys-500-mw-dc/,https://web.archive.org/web/20261001055756/https://w.media/andhra-pradesh-allocates-extra-25-acres-for-sifys-500-mw-dc/,"Andhra Pradesh allocates extra 25 acres for Sify's 500 MW DC (w.media, 6 Jul 2026)",trade press,confirmed,fetched,"29 Jun 2026: AP govt approved CtrlS 100 MW DC, 49.93 ac at APIIC Industrial Park Rambilli, Rs 2,788.3 cr, custom incentive package.",TRUE,"State approval + land allotment naming the site -> announced. Separate operator/parcel from Google Rambilli (IN114) and not on ctrls.com yet. Rambilli mandal was in Visakhapatnam district in 2015. No pinned parcel -> lon/lat blank (Rambilli area ~82.93,17.46). | Double-check 30 Sep 2026 (sources support: yes; exists: confirmed): Both cited articles (headlined on Sify) name the CtrlS 100 MW Rambilli project (Rs 2,788.3 cr); 100 MW unspecified measure. District: Anakapalli (Visakhapatnam in 2015 NFHS) ok.",2026-09-30,none,"","","","","",,,,v2,CC BY-NC 4.0
IN307,CtrlS Patna Edge DC2,CtrlS Datacenters Pvt Ltd,colocation,operating,high,"Facility matched on a fetched page, with a second source. Corrected in this revision (see correction_applied and correction_evidence). Note: Operator lists Patna Edge DC2 (1,670 racks, 11.6 MW IT design); land bought via BIADA 2024; no groundbreaking or launch found -> announced. | Double-check 30 Sep 2026 (sources support: yes; exists: confirmed): Operator page (read 30 Sep 2026) lists DC2 alongside DC1 with no 'upcoming' language, presented as operational; status 'announced' may be stale. DCM lists only Edge DC1 (Plot 18, Patliputra Ind. Area).",reported IT load,Basis: current 11.6 MW: CtrlS: 11.6 MW IT load (updated 30 Sep 2026).,,"Patliputra Industrial Area, Patna",Patna,Bihar,Bihar,campus,"operator, company, government or press record (site first noticed in the Atlas of Data Center Politics cross-check; the Atlas is not a source)",11.6,11.6,current 11.6 MW: CtrlS: 11.6 MW IT load (updated 30 Sep 2026),"",11.6 MW IT load (DC2 facility) https://ctrls.com/patna-datacenter/; 11.6 MW IT (current) https://ctrls.com/patna-datacenter/,11.6,11.6,reported (see mw_basis),https://ctrls.com/patna-datacenter/,https://web.archive.org/web/20260825160308/https://www.ctrls.com/patna-datacenter/,CtrlS Patna Data Centers,operator,https://ctrls.com/,http://web.archive.org/web/20260901012827/https://www.ctrls.com/,CtrlS homepage (edge DC list),operator,confirmed,fetched,"ctrls.com (2026-09-30) lists DC2 under 'Explore Our Edge Data Centers', not under 'Upcoming'; land in Pataliputra acquired Aug 2024 (per round 1, not refetched). DCM lists only DC1.",TRUE,"Operator lists Patna Edge DC2 (1,670 racks, 11.6 MW IT design); land bought via BIADA 2024; no groundbreaking or launch found -> announced. | Double-check 30 Sep 2026 (sources support: yes; exists: confirmed): Operator page (read 30 Sep 2026) lists DC2 alongside DC1 with no 'upcoming' language, presented as operational; status 'announced' may be stale. DCM lists only Edge DC1 (Plot 18, Patliputra Ind. Area).",2026-09-30,first_noticed_in_atlas,CtrlS Datacenters Ltd Bihar,operating,Operational,Small (<10 MW),"","status: announced -> operating (CtrlS page lists Patna Edge DC2 (1,670 racks, 11.6 MW IT) as operational) | mw_reported: blank -> 11.6 (CtrlS: 11.6 MW IT load)",https://ctrls.com/patna-datacenter/,,v2,CC BY-NC 4.0
IN308,Equinix MB4,Equinix,colocation,operating,high,"Facility matched on a fetched page, with a second source. No published IT load; the capacity used is modelled. Note: $42m; 23,444 sq ft; ~15 km from MB1/MB2 campus. Equinix PR: https://investor.equinix.com/news-events/press-releases/detail/1011/equinix-expands-footprint-in-mumbai-to-address-rising (fetched). | Double-check 30 Sep 2026 (sources support: yes; exists: confirmed): Equinix: '700 cabinets in total in two phases'; no MW published. Data Center Map listing: https://www.datacentermap.com/india/navi-mumbai/equinix-mb4/",not published: modelled,"No current (live) IT load is published for this facility. The MW used is modelled (class weight x 3.22 MW per weight unit) and is an allocation, not a measurement.",,"Airoli (Plot 5, Thane-Airoli Road), Navi Mumbai",Thane,Maharashtra,Maharashtra,building,"operator, company, government or press record (site first noticed in the Atlas of Data Center Politics cross-check; the Atlas is not a source)",,,"no MW published; 700 cabinets in two phases (350 phase 1), 5 kVA min per cabinet","","",9.671,9.671,"modelled: class weight x MW per weight unit (commercial, anchored to 1,800 MW)",https://www.equinix.com/data-centers/asia-pacific-colocation/india-colocation/mumbai-data-centers/mb4,http://archive.today/2026.10.02-155002/https://www.equinix.com/data-centers/asia-pacific-colocation/india-colocation/mumbai-data-centers/mb4,Equinix MB4 Mumbai IBX,operator,https://www.peeringdb.com/fac/15050,https://web.archive.org/web/20260416022437/https://www.peeringdb.com/fac/15050,PeeringDB: Equinix MB4 - Mumbai,directory,confirmed,fetched,"PeeringDB active, 4 networks present, updated 26 Sep 2025; Baxtel 'fully operational'. Announced 10 Aug 2023 for Q4 2023 opening (Equinix PR).",TRUE,"$42m; 23,444 sq ft; ~15 km from MB1/MB2 campus. Equinix PR: https://investor.equinix.com/news-events/press-releases/detail/1011/equinix-expands-footprint-in-mumbai-to-address-rising (fetched). | Double-check 30 Sep 2026 (sources support: yes; exists: confirmed): Equinix: '700 cabinets in total in two phases'; no MW published. Data Center Map listing: https://www.datacentermap.com/india/navi-mumbai/equinix-mb4/",2026-09-30,first_noticed_in_atlas,Equinix MB4,operating,Operational,Small (<10 MW),"",,,,v2,CC BY-NC 4.0
IN310,Nxtra Bangalore Hoskote 2 (BLR 3),Nxtra by Airtel,colocation,operating,medium,"One source only (the operator's or a government body's own page); no independent second source found. Note: No independent second source found (not in PeeringDB Nxtra list or DCM Bangalore index). Hoskote is in Bangalore Rural district; confirm NFHS naming. | Double-check 30 Sep 2026 (sources support: yes; exists: confirmed): Not on DCM Bangalore index (only BLR 1, BLR 2).",reported IT load,"Basis: operator: 6 MW IT power, 1,000 racks (listed as part of current Bangalore cluster).",,"Hoskote, Bengaluru",Bangalore Rural,Karnataka,Karnataka,locality,"operator, company, government or press record (site first noticed in the Atlas of Data Center Politics cross-check; the Atlas is not a source)",6,6,"operator: 6 MW IT power, 1,000 racks (listed as part of current Bangalore cluster)","",6 MW IT power (whole facility) https://www.nxtra.in/data-center-bangalore,6,6,reported (see mw_basis),https://www.nxtra.in/data-center-bangalore,https://web.archive.org/web/20261001040058/https://www.nxtra.in/data-center-bangalore,Nxtra Bangalore data centers,operator,"","","","",single_source,fetched,nxtra.in (fetched 2026-09-30) lists BLR 3 alongside BLR 1/2 with no upcoming flag; ADP says operational. No dated launch found.,TRUE,"No independent second source found (not in PeeringDB Nxtra list or DCM Bangalore index). Hoskote is in Bangalore Rural district; confirm NFHS naming. | Double-check 30 Sep 2026 (sources support: yes; exists: confirmed): Not on DCM Bangalore index (only BLR 1, BLR 2).",2026-09-30,first_noticed_in_atlas,Nxtra Bangalore Hoskote 2 (BLR3),operating,Operational,Small (<10 MW),https://www.nxtra.in/data-center-bangalore,,,,v2,CC BY-NC 4.0
IN311,Nxtra Mumbai Mahape 1 (MUM 3),Nxtra by Airtel,colocation,operating,high,"Facility matched on a fetched page, with a second source. Note: opened_year 2024 inferred from PeeringDB creation; Baxtel 'Mumbai III' says first built 2025, 3 towers/600k sq ft. | Double-check 30 Sep 2026 (sources support: yes; exists: confirmed): DCM 'Nxtra Mumbai III' at Khairane Rd, TTC Sector 2, Navi Mumbai (likely same; duplicate risk). Data Center Map listing: https://www.datacentermap.com/india/mumbai/nxtra-mumbai-iii/",reported IT load,"Basis: operator: 18 MW IT power, 1,600 racks.",2024,"Plot IT-07, TTC Industrial Area, Mahape, Navi Mumbai",Thane,Maharashtra,Maharashtra,building,"operator, company, government or press record (site first noticed in the Atlas of Data Center Politics cross-check; the Atlas is not a source)",18,18,"operator: 18 MW IT power, 1,600 racks","",18 MW IT power (Mahape 1 (MUM 3)) https://www.nxtra.in/data-center-mumbai,18,18,reported (see mw_basis),https://www.nxtra.in/data-center-mumbai,https://web.archive.org/web/20260515140505/https://www.nxtra.in/data-center-mumbai,Nxtra Mumbai data centers,operator,https://www.peeringdb.com/fac/15540,http://web.archive.org/web/20260514034726/https://www.peeringdb.com/fac/15540,PeeringDB: Nxtra Data Mumbai DC 3 (Mahape),directory,confirmed,fetched,"PeeringDB facility created 8 Nov 2024, active with DE-CIX/Extreme IX and 4 networks (updated 31 Mar 2026).",TRUE,"opened_year 2024 inferred from PeeringDB creation; Baxtel 'Mumbai III' says first built 2025, 3 towers/600k sq ft. | Double-check 30 Sep 2026 (sources support: yes; exists: confirmed): DCM 'Nxtra Mumbai III' at Khairane Rd, TTC Sector 2, Navi Mumbai (likely same; duplicate risk). Data Center Map listing: https://www.datacentermap.com/india/mumbai/nxtra-mumbai-iii/",2026-09-30,first_noticed_in_atlas,Nxtra Data Mumbai Campus,operating,Operational/Under Construction,Large (10-99 MW),"",,,,v2,CC BY-NC 4.0
IN312,Nxtra Mumbai Mahape 2 (MUM 4),Nxtra by Airtel,colocation,operating,high,"Facility matched on a fetched page, with a second source. Corrected in this revision (see correction_applied and correction_evidence). Note: Status is a judgment: could already be operating (operator page carries no 'upcoming' flag). Not in PeeringDB. | Double-check 30 Sep 2026 (sources support: partly; exists: confirmed): Status should probably be operating. Baxtel 'nxtra-mumbai-iii' corresponds to MUM 3 (Mahape 1) per DCM's naming, not MUM 4. DCM has no MUM 4 page.",reported IT load,Basis: current 42 MW: nxtra.in: 42 MW IT power (updated 30 Sep 2026).,,"Mahape, Navi Mumbai",Thane,Maharashtra,Maharashtra,locality,"operator, company, government or press record (site first noticed in the Atlas of Data Center Politics cross-check; the Atlas is not a source)",42,42,current 42 MW: nxtra.in: 42 MW IT power (updated 30 Sep 2026),"",42 MW IT power (Mahape 2 (MUM 4)) https://www.nxtra.in/data-center-mumbai; 42 MW IT (current) https://www.nxtra.in/data-center-mumbai,42,42,reported (see mw_basis),https://www.nxtra.in/data-center-mumbai,https://web.archive.org/web/20260515140505/https://www.nxtra.in/data-center-mumbai,Nxtra Mumbai data centers,operator,https://baxtel.com/data-center/nxtra-mumbai-iii,http://archive.today/2026.10.02-141344/https://baxtel.com/data-center/nxtra-mumbai-iii,Baxtel: Nxtra Mumbai III,directory,confirmed,fetched,ADP campus 'Operational/Under Construction'; Baxtel (2026-09-30): Mahape campus operational with expansion through 2026. Operator lists MUM 4 without status.,TRUE,"Status is a judgment: could already be operating (operator page carries no 'upcoming' flag). Not in PeeringDB. | Double-check 30 Sep 2026 (sources support: partly; exists: confirmed): Status should probably be operating. Baxtel 'nxtra-mumbai-iii' corresponds to MUM 3 (Mahape 1) per DCM's naming, not MUM 4. DCM has no MUM 4 page.",2026-09-30,first_noticed_in_atlas,Nxtra Data Mumbai Campus,operating,Operational/Under Construction,Large (10-99 MW),"",status: construction -> operating (nxtra.in lists Mahape 2 (MUM 4) as operational) | mw_reported: blank -> 42 (nxtra.in: 42 MW IT power),https://www.nxtra.in/data-center-mumbai,,v2,CC BY-NC 4.0
IN313,Nxtra Chennai Santhome (CHN 1),Nxtra by Airtel,colocation,operating,high,"Facility matched on a fetched page, with a second source. Note: Small city-centre site (~250 racks, ~1.5 MW). Distinct from IN178 (Siruseri 38 MW). Baxtel gives 2020 as year; not used as opened_year since the Santhome Airtel site is likely older. | Double-check 30 Sep 2026 (sources support: yes; exists: confirmed): Cited nxtra.in homepage lists Santhome (CHN 1) only; MW on nxtra.in/locations/chennai. DCM lists nxtra-chennai-iii - check double count. Data Center Map listing: https://www.datacentermap.com/india/chennai/nxtra-chennai-iii/",reported IT load,Basis: operator: 2 MW IT power (nxtra.in Chennai page).,,"Santhome, Chennai (101 Santhome High Road)",Chennai,Tamil Nadu,Tamil Nadu,building,"operator, company, government or press record (site first noticed in the Atlas of Data Center Politics cross-check; the Atlas is not a source)",2,2,operator: 2 MW IT power (nxtra.in Chennai page),"",2 MW IT power (facility) https://www.nxtra.in/data-center-chennai; 1.5 MW unspecified power capacity (facility) https://datacentermap.com/india/chennai/nxtra-chennai-iii,2,2,reported (see mw_basis),https://www.nxtra.in/,https://web.archive.org/web/20260920005006/https://www.nxtra.in/,"Nxtra by Airtel homepage - locations (Chennai: Santhome CHN 1, Siruseri 1 CHN 2, Siruseri 2 CHN 3/CHN 4)",operator,https://baxtel.com/data-center/nxtra-chennai-iii,http://web.archive.org/web/20260316100634/https://baxtel.com/data-center/nxtra-chennai-iii,"Baxtel: Nxtra Chennai III (Santhome, fully operational, ~250 racks)",trade directory,confirmed,fetched,Listed among Nxtra's Chennai hyperscale DCs on operator homepage (fetched 2026-09-30); Baxtel 'fully operational'.,TRUE,"Small city-centre site (~250 racks, ~1.5 MW). Distinct from IN178 (Siruseri 38 MW). Baxtel gives 2020 as year; not used as opened_year since the Santhome Airtel site is likely older. | Double-check 30 Sep 2026 (sources support: yes; exists: confirmed): Cited nxtra.in homepage lists Santhome (CHN 1) only; MW on nxtra.in/locations/chennai. DCM lists nxtra-chennai-iii - check double count. Data Center Map listing: https://www.datacentermap.com/india/chennai/nxtra-chennai-iii/",2026-09-30,first_noticed_in_atlas,Nxtra Data Tamil Nadu,operating,Operational,Small (<10 MW),"",,,,v2,CC BY-NC 4.0
IN314,Sify Chandigarh 01 (Mohali),Sify Technologies,colocation,operating,high,"Facility matched on a fetched page, with a second source. Note: Confirmed live by operator and earnings call. PeeringDB puts it at B4 Sector 57, SAS Nagar, Mohali; the point falls in the Sahibzada Ajit Singh Nagar polygon (checked). 4.8 MW is a generic per-edge-DC maximum, not site-specific, so flag it. Side finding: the same call says Sify Lucknow edge DC is co | Double-check 30 Sep 2026 (sources support: yes; exists: confirmed): 4.8 MW is generic 'Scalable Up to 4.8 MW IT Capacity' for Sify AI edge DCs, not site-specific; kept as build-out only. Not on DCM Mohali index.",not published: modelled,"No current (live) IT load is published for this facility. The MW used is modelled (class weight x 3.22 MW per weight unit) and is an allocation, not a measurement. A build-out of 4.8 MW IT is published and is used in the pipeline scenario. Other figures found (not used: not a live IT load, or its measure is not stated): 4.8 MW IT capacity, 'scalable up to' (generic edge-DC spec) (build-out) https://www.sifytechnologies.com/data-center/edge-data-center/",2025,"B4, Sector 57, SAS Nagar (Mohali)",Sahibzada Ajit Singh Nagar,Punjab,Punjab,building,"operator, company, government or press record (site first noticed in the Atlas of Data Center Politics cross-check; the Atlas is not a source)",,4.8,build-out = operator's 'scalable up to 4.8 MW IT' generic spec for its AI edge DCs; live IT not published,"","4.8 MW IT capacity, 'scalable up to' (generic edge-DC spec) (build-out) https://www.sifytechnologies.com/data-center/edge-data-center/",9.671,4.8,"modelled: class weight x MW per weight unit (commercial, anchored to 1,800 MW)",https://www.sifytechnologies.com/data-center/edge-data-center/,http://archive.today/2026.10.02-155719/https://www.sifytechnologies.com/data-center/edge-data-center/,Sify AI Edge Data Centers,operator,https://www.peeringdb.com/fac/13539,https://web.archive.org/web/20250317144649/https://www.peeringdb.com/fac/13539,PeeringDB: SIFY Chandigarh,registry,confirmed,fetched,Sify edge page (2026-09-30): Chandigarh 01 LIVE; Sify Q1 FY27 call (Jul 2026): Lucknow and Chandigarh edge DCs completed; Baxtel: Phase I operational Oct 2025.,TRUE,"Confirmed live by operator and earnings call. PeeringDB puts it at B4 Sector 57, SAS Nagar, Mohali; the point falls in the Sahibzada Ajit Singh Nagar polygon (checked). 4.8 MW is a generic per-edge-DC maximum, not site-specific, so flag it. Side finding: the same call says Sify Lucknow edge DC is co | Double-check 30 Sep 2026 (sources support: yes; exists: confirmed): 4.8 MW is generic 'Scalable Up to 4.8 MW IT Capacity' for Sify AI edge DCs, not site-specific; kept as build-out only. Not on DCM Mohali index.",2026-09-30,first_noticed_in_atlas,Sify Technologies Chandigarh Campus,operating,Operational/Under Construction,Small (<10 MW),"",,,,v2,CC BY-NC 4.0
IN315,Sify Nagpur 01 (AI Edge DC),Sify Technologies,colocation,announced (planned),high,"Facility matched on a fetched page, with a second source. Note: Sify lists Nagpur 01 as upcoming; no named construction evidence -> announced (conservative). | Double-check 30 Sep 2026 (sources support: partly; exists: likely): 4.8 MW is a generic edge spec, not Nagpur-specific (mw_basis says so). Baxtel: MIDC Nagpur, under construction, phase 1 2026. DCM Nagpur index 404.",reported IT load,Basis: generic 'scalable up to 4.8 MW IT' Sify edge spec.,,"MIDC, Nagpur",Nagpur,Maharashtra,Maharashtra,city,"operator, company, government or press record (site first noticed in the Atlas of Data Center Politics cross-check; the Atlas is not a source)",,4.8,generic 'scalable up to 4.8 MW IT' Sify edge spec,"","4.8 MW IT capacity, 'scalable up to' (generic) (build-out) https://www.sifytechnologies.com/data-center/edge-data-center/",,4.8,"modelled: class weight x MW per weight unit (commercial, anchored to 1,800 MW)",https://www.sifytechnologies.com/data-center/edge-data-center/,http://archive.today/2026.10.02-155719/https://www.sifytechnologies.com/data-center/edge-data-center/,Sify AI Edge Data Centers,operator,https://baxtel.com/data-center/sify-nagpur,https://web.archive.org/web/20260513124119/https://baxtel.com/data-center/sify-nagpur,Baxtel: Sify Nagpur,directory,confirmed,fetched,"Sify edge page (2026-09-30): Nagpur 01 'Upcoming'; Q1 FY27 call (Jul 2026): two more edge DCs under construction (unnamed); Baxtel: building in MIDC Nagpur, phase 1 in 2026.",TRUE,"Sify lists Nagpur 01 as upcoming; no named construction evidence -> announced (conservative). | Double-check 30 Sep 2026 (sources support: partly; exists: likely): 4.8 MW is a generic edge spec, not Nagpur-specific (mw_basis says so). Baxtel: MIDC Nagpur, under construction, phase 1 2026. DCM Nagpur index 404.",2026-09-30,first_noticed_in_atlas,Sify Technologies Nagpur Campus,operating/planned,Planned/Under Construction,Small (<10 MW),"",,,,v2,CC BY-NC 4.0
IN316,"Silvernox Navi Mumbai (Millennium Business Park, Mahape)",Silvernox Datacenter,colocation,operating,medium,"Facility matched on a fetched page, with a second source. Capacity: reported IT figure is from a broker listing. Open issue: [capacity] Silvernox Navi Mumbai: 2.4 MW IT is from a broker listing (ocolo.io); Silvernox publishes 4.2 MW of unspecified power Note: Real and separate from IN270 (Pune). The two figures measure different things: 4.2 MW is unlabelled power (with 306/331 racks allocated it is probably total), and 2.4 MW is labelled IT but only on a broker listing. Use 2.4 as live IT with the flag, or blank it if you need a primary IT figure. dc_typ | Double-check 30 Sep 2026 (sources support: yes; exists: confirmed):","reported, but uncertain (see mw_note)","Basis: 2.4 MW IT from ocolo.io (secondary); operator's 4.2 MW is unlabelled power capacity, likely total. Caution: reported IT figure is from a broker listing. Open issue: [capacity] Silvernox Navi Mumbai: 2.4 MW IT is from a broker listing (ocolo.io); Silvernox publishes 4.2 MW of unspecified power",2025,"Mahape MIDC, Navi Mumbai",Thane,Maharashtra,Maharashtra,campus,"operator, company, government or press record (site first noticed in the Atlas of Data Center Politics cross-check; the Atlas is not a source)",2.4,,"2.4 MW IT from ocolo.io (secondary); operator's 4.2 MW is unlabelled power capacity, likely total",reported IT figure is from a broker listing,"4.2 MW power capacity, unspecified (likely total) (facility) https://www.silvernox.com/; 2.4 MW IT power (facility) https://www.ocolo.io/colocation/silvernox/navi-mumbai",2.4,2.4,reported (see mw_basis),https://www.silvernox.com/,https://web.archive.org/web/20260613115157/http://www.silvernox.com/,Silvernox Datacenter,operator,https://www.ocolo.io/colocation/silvernox/navi-mumbai,http://archive.today/2026.10.02-155610/https://www.ocolo.io/colocation/silvernox/navi-mumbai/,ocolo.io: Silvernox Navi Mumbai,directory,confirmed,fetched,"Operator site (2026-09-30): Mahape MIDC 400710, 331 racks (306 allocated), 4.2 MW; Baxtel: fully operational, built 2025.",TRUE,"Real and separate from IN270 (Pune). The two figures measure different things: 4.2 MW is unlabelled power (with 306/331 racks allocated it is probably total), and 2.4 MW is labelled IT but only on a broker listing. Use 2.4 as live IT with the flag, or blank it if you need a primary IT figure. dc_typ | Double-check 30 Sep 2026 (sources support: yes; exists: confirmed): ",2026-09-30,first_noticed_in_atlas,Silvernox Maharashtra,operating,Operational,Small (<10 MW),"",,,[capacity] Silvernox Navi Mumbai: 2.4 MW IT is from a broker listing (ocolo.io); Silvernox publishes 4.2 MW of unspecified power,v2,CC BY-NC 4.0
IN317,STT Noida 1,STT GDC India,colocation,operating,high,"Facility matched on a fetched page, with a second source. Note: 5-acre site, 360,000 sq ft. The 2021 35 MW build-out now appears split into Noida 2/3 (IN243, IN244), so build-out set to 17. | Double-check 30 Sep 2026 (sources support: yes; exists: confirmed): DCD 2021 said phase 1 18 MW / 35 MW full. DCM lists STT Noida DC 1 - check double count. Data Center Map listing: https://www.datacentermap.com/india/noida/stt-noida-dc1/",reported IT load,"Basis: Operator IT load 17 MW, operational (current locations page).",2022,Noida,Gautam Buddha Nagar,Uttar Pradesh,Uttar Pradesh,campus,"operator, company, government or press record (site first noticed in the Atlas of Data Center Politics cross-check; the Atlas is not a source)",17,17,"Operator IT load 17 MW, operational (current locations page)","","17 MW IT load (facility) https://www.sttgdc.com/in-en/locations/noida; 17.3 MW total power capacity (facility) https://www.sttgdc.com/in-en/locations/noida; 18 MW IT load, phase 1 (announced) (phase 1) https://datacenterdynamics.com/en/news/stt-gdc-announces-150m-greenfield-data-center-project-in-noida-india; 35 MW IT load, full build-out (announced 2021) (campus) https://datacenterdynamics.com/en/news/stt-gdc-announces-150m-greenfield-data-center-project-in-noida-india",17,17,reported (see mw_basis),https://www.sttgdc.com/in-en/locations/noida,http://archive.today/2026.10.02-155824/https://www.sttgdc.com/in-en/locations/noida,"STT GDC India - Noida locations (Noida 1 17 MW operational; Noida 2 22 MW, Noida 3 28 MW under development)",operator,https://datacenterdynamics.com/en/news/stt-gdc-announces-150m-greenfield-data-center-project-in-noida-india,http://web.archive.org/web/20251117213830/https://www.datacenterdynamics.com/en/news/stt-gdc-announces-150m-greenfield-data-center-project-in-noida-india/,DCD (15 Jun 2021): STT GDC announces $150m greenfield DC project in Noida,trade press,confirmed,fetched,"Operator Noida page (fetched 2026-09-30) lists Noida 1 as Operational, 17 MW IT; STT 'Say hello to STT Noida DC 1' (Oct 2022).",TRUE,"5-acre site, 360,000 sq ft. The 2021 35 MW build-out now appears split into Noida 2/3 (IN243, IN244), so build-out set to 17. | Double-check 30 Sep 2026 (sources support: yes; exists: confirmed): DCD 2021 said phase 1 18 MW / 35 MW full. DCM lists STT Noida DC 1 - check double count. Data Center Map listing: https://www.datacentermap.com/india/noida/stt-noida-dc1/",2026-09-30,first_noticed_in_atlas,STT Noida 1,operating,Operational,Large (10-99 MW),https://www.sttelemediagdc.com/in-en/locations https://www.sttelemediagdc.com/in-en/locations/noida,,,,v2,CC BY-NC 4.0
IN318,STT Chennai 1 (VSB),STT GDC India,colocation,operating,high,"Facility matched on a fetched page, with a second source. Note: ADP coordinate (80.278,13.069) matches VSB, Swami Sivananda Salai, Chennai 600002 (ex-VSNL building). Distinct from our IN227 Chennai 2 (Ambattur). | Same building also listed as 'Tata Communications Chennai' (IN280, merged): https://www.datacentermap.com/india/chennai/tata-chennai-vsb/ | Double-check 30 Sep 2026 (sources support: yes; exists: confirmed): Operator internally inconsistent (3 vs 2.5 MW IT). DCM: Videsh Sanchar Bhavan, Swami Sivananda Salai. Data Center Map listing: https://www.datacentermap.com/india/chennai/stt-chennai-dc1/",reported IT load,Basis: Operator locations page lists IT load 3 MW (body text says 2.5 MW total IT load capacity).,,"Chennai (Videsh Sanchar Bhavan, Swami Sivananda Salai)",Chennai,Tamil Nadu,Tamil Nadu,building,"operator, company, government or press record (site first noticed in the Atlas of Data Center Politics cross-check; the Atlas is not a source)",3,3,Operator locations page lists IT load 3 MW (body text says 2.5 MW total IT load capacity),"","3 MW IT load, live (facility) https://www.sttgdc.com/in-en/locations/chennai; 2.5 MW total IT load capacity (text) (facility) https://www.sttgdc.com/in-en/locations/chennai",3,3,reported (see mw_basis),https://www.sttgdc.com/in-en/locations/chennai,https://web.archive.org/web/20261001010114/https://www.sttgdc.com/in-en/locations/chennai,STT GDC India - Chennai locations,operator,https://www.datacentermap.com/india/chennai/stt-chennai-dc1/,https://web.archive.org/web/20240713192942/https://www.datacentermap.com/india/chennai/stt-chennai-dc1/,Data Center Map - STT Chennai DC 1,directory,confirmed,fetched,"Operator Chennai page (fetched 2026-09-30) lists STT Chennai 1, VSB, 3 MW, operational",TRUE,"ADP coordinate (80.278,13.069) matches VSB, Swami Sivananda Salai, Chennai 600002 (ex-VSNL building). Distinct from our IN227 Chennai 2 (Ambattur). | Same building also listed as 'Tata Communications Chennai' (IN280, merged): https://www.datacentermap.com/india/chennai/tata-chennai-vsb/ | Double-check 30 Sep 2026 (sources support: yes; exists: confirmed): Operator internally inconsistent (3 vs 2.5 MW IT). DCM: Videsh Sanchar Bhavan, Swami Sivananda Salai. Data Center Map listing: https://www.datacentermap.com/india/chennai/stt-chennai-dc1/",2026-09-30,first_noticed_in_atlas,ST Telemedia Global Data Centres Tamil Nadu,operating,Operational,Small (<10 MW),"",,,,v2,CC BY-NC 4.0
IN319,STT Chennai 3,STT GDC India,colocation,operating,high,"Facility matched on a fetched page, with a second source. Note: Incidental find (not the ADP point): missing from inventory. Ambattur was in Thiruvallur district in 2015 geography (check NFHS naming). | Double-check 30 Sep 2026 (sources support: yes; exists: confirmed): Operator and DCM agree. DCM listing exists (duplicate risk). Data Center Map listing: https://www.datacentermap.com/india/chennai/stt-chennai-dc-3/",reported IT load,Basis: Operator locations page IT load 15 MW.,,"Ambattur, Chennai (226 Surapet Main Rd, Kallikuppam)",Thiruvallur,Tamil Nadu,Tamil Nadu,campus,"operator, company, government or press record (site first noticed in the Atlas of Data Center Politics cross-check; the Atlas is not a source)",15,15,Operator locations page IT load 15 MW,"",15 MW IT load (facility) https://www.sttgdc.com/in-en/locations/chennai; 15 MW capacity (unspecified) (facility) https://www.datacentermap.com/india/chennai/stt-chennai-dc-3/,15,15,reported (see mw_basis),https://www.sttgdc.com/in-en/locations/chennai,https://web.archive.org/web/20261001010114/https://www.sttgdc.com/in-en/locations/chennai,STT GDC India - Chennai locations,operator,https://www.datacentermap.com/india/chennai/stt-chennai-dc-3/,https://web.archive.org/web/20250420202107/https://www.datacentermap.com/india/chennai/stt-chennai-dc-3/,Data Center Map - STT Chennai DC 3,directory,confirmed,fetched,Operator Chennai page (fetched 2026-09-30) lists STT Chennai 3 Ambattur 15 MW operational; STT PR 2026-02-19: Ambattur campus 40MW operational,TRUE,Incidental find (not the ADP point): missing from inventory. Ambattur was in Thiruvallur district in 2015 geography (check NFHS naming). | Double-check 30 Sep 2026 (sources support: yes; exists: confirmed): Operator and DCM agree. DCM listing exists (duplicate risk). Data Center Map listing: https://www.datacentermap.com/india/chennai/stt-chennai-dc-3/,2026-09-30,first_noticed_in_atlas,ST Telemedia Global Data Centres Tamil Nadu,operating,Operational,Small (<10 MW),"",,,,v2,CC BY-NC 4.0
IN320,STT Chennai 7 (Siruseri),STT GDC India,colocation,operating,high,"Facility matched on a fetched page, with a second source. Note: Incidental find (not the ADP point): new Siruseri campus missing from inventory. Groundbreaking Jan 2024. | Double-check 30 Sep 2026 (sources support: yes; exists: confirmed): DCD 2024 says 50 MW IT across two DCs on the campus; 45 MW is this facility's design. Data Center Map listing: https://www.datacentermap.com/india/chennai/stt-chennai-dc-7/",reported IT load,"Basis: 7.2 MW live IT (phase 1, operator); 45 MW facility design (operator PR); DCD 2024 said campus 50MW IT.",2026,"SIPCOT IT Park, Siruseri, Chennai",Kancheepuram,Tamil Nadu,Tamil Nadu,campus,"operator, company, government or press record (site first noticed in the Atlas of Data Center Politics cross-check; the Atlas is not a source)",7.2,45,"7.2 MW live IT (phase 1, operator); 45 MW facility design (operator PR); DCD 2024 said campus 50MW IT","","7.2 MW IT load, live (phase 1) https://www.sttgdc.com/in-en/locations/chennai; 45 MW design capacity (AI-ready facility) (facility build-out) https://www.sttgdc.com/newsroom/stt-gdc-india-strengthens-its-market-presence-chennai-multi-campus-expansion-and-inr-4200; 50 MW IT load, campus build-out (Siruseri campus) https://www.datacenterdynamics.com/en/news/stt-gdc-breaks-ground-on-third-chennai-data-center-campus-in-india; 8 MW IT load, first phase (planned Sep 2025) (phase 1) https://www.datacenterdynamics.com/en/news/stt-gdc-breaks-ground-on-third-chennai-data-center-campus-in-india",7.2,45,reported (see mw_basis),https://www.sttgdc.com/newsroom/stt-gdc-india-strengthens-its-market-presence-chennai-multi-campus-expansion-and-inr-4200,http://web.archive.org/web/20260930001837/https://www.sttgdc.com/newsroom/stt-gdc-india-strengthens-its-market-presence-chennai-multi-campus-expansion-and-inr-4200,"STT GDC India strengthens its market presence in Chennai with multi-campus expansion and INR 4,200 crore",operator press release,https://www.datacenterdynamics.com/en/news/stt-gdc-breaks-ground-on-third-chennai-data-center-campus-in-india,https://web.archive.org/web/20250507234858/https://www.datacenterdynamics.com/en/news/stt-gdc-breaks-ground-on-third-chennai-data-center-campus-in-india/,DCD - STT GDC breaks ground on third Chennai data center campus in India,trade press,confirmed,fetched,E-inaugurated by TN CM 2026-02-12; 7.2MW phase 1 operational (STT PR 2026-02-19),TRUE,Incidental find (not the ADP point): new Siruseri campus missing from inventory. Groundbreaking Jan 2024. | Double-check 30 Sep 2026 (sources support: yes; exists: confirmed): DCD 2024 says 50 MW IT across two DCs on the campus; 45 MW is this facility's design. Data Center Map listing: https://www.datacentermap.com/india/chennai/stt-chennai-dc-7/,2026-09-30,first_noticed_in_atlas,ST Telemedia Global Data Centres Tamil Nadu,operating,Operational,Small (<10 MW),"",,,,v2,CC BY-NC 4.0
IN321,Techno Digital Kolkata DC,Techno Digital Infra Pvt. Ltd.,colocation,announced (planned),high,"Facility matched on a fetched page, with a second source. No published IT load; the capacity used is modelled. Note: Operator plus DCD confirm the project; the site (Bengal Silicon Valley hub, New Town) is named only by Baxtel, and construction only by Baxtel, so status is announced. Two conflicting unlabelled figures, so MW is blank. New Town falls in North 24 Parganas under 2015 geography. dc_type colocation (pr | Double-check 30 Sep 2026 (sources support: partly; exists: likely): Neither source names New Town/Bengal Silicon Valley.",not published: modelled,"No IT load is published for this facility. The MW used is modelled (class weight x 3.22 MW per weight unit) and is an allocation, not a measurement. Other figures found (not used: not a live IT load, or its measure is not stated): 13 MW unspecified (build-out, launch 2027) https://technodigital.in/; 20 MW unspecified, 'at completion' (build-out) https://www.datacenterdynamics.com/en/news/indias-techno-digital-plans-to-invest-1bn-for-data-center-capacity/",,"Bengal Silicon Valley, New Town, Kolkata",North Twenty Four Parganas,West Bengal,West Bengal,campus,"operator, company, government or press record (site first noticed in the Atlas of Data Center Politics cross-check; the Atlas is not a source)",,,"13 MW (operator) vs 20 MW (DCD), both unspecified - not set","","13 MW unspecified (build-out, launch 2027) https://technodigital.in/; 20 MW unspecified, 'at completion' (build-out) https://www.datacenterdynamics.com/en/news/indias-techno-digital-plans-to-invest-1bn-for-data-center-capacity/",,9.671,"modelled: class weight x MW per weight unit (commercial, anchored to 1,800 MW)",https://technodigital.in/,http://archive.today/2026.10.02-153538/https://technodigital.in/,Techno Digital homepage,operator,https://www.datacenterdynamics.com/en/news/indias-techno-digital-plans-to-invest-1bn-for-data-center-capacity/,https://web.archive.org/web/20260105224553/https://www.datacenterdynamics.com/en/news/indias-techno-digital-plans-to-invest-1bn-for-data-center-capacity/,"DCD, 7 Nov 2025",trade_press,confirmed,fetched,"Operator (2026-09-30): Kolkata 13 MW 'Launching in 2027'; DCD 7 Nov 2025: 20MW in development; Baxtel: under construction, 1 acre, Bengal Silicon Valley, 2027.",TRUE,"Operator plus DCD confirm the project; the site (Bengal Silicon Valley hub, New Town) is named only by Baxtel, and construction only by Baxtel, so status is announced. Two conflicting unlabelled figures, so MW is blank. New Town falls in North 24 Parganas under 2015 geography. dc_type colocation (pr | Double-check 30 Sep 2026 (sources support: partly; exists: likely): Neither source names New Town/Bengal Silicon Valley.",2026-09-30,first_noticed_in_atlas,Techno Digital Kolkata Data Center,planned,Planned,Large (10-99 MW),https://technodigital.in/,,,,v2,CC BY-NC 4.0
IN322,Velosting Ambala EDC,Velosting,enterprise,operating,high,"Facility matched on a fetched page, with a second source. No published IT load; the capacity used is modelled. Note: Operator plus PeeringDB confirm. Rack-scale room in a commercial showroom, no MW. Warning: this PeeringDB point falls in the 'Sahibzada Ajit Singh Nagar' polygon of our districts file (coarse boundary); force district Ambala, Haryana. Facts verified; inclusion is a scope decision. | Double-check 30 Sep 2026 (sources support: yes; exists: confirmed): Small host offering colocation; enterprise per small-host convention acceptable. No capacity published.",not published: modelled,"No current (live) IT load is published for this facility. The MW used is modelled (class weight x 3.22 MW per weight unit) and is an allocation, not a measurement.",,"SCO/Showroom 103, Sector 8, Ambala City",Ambala,Haryana,Haryana,building,"operator, company, government or press record (site first noticed in the Atlas of Data Center Politics cross-check; the Atlas is not a source)",,,not published (rack-scale),"","",3.224,3.224,"modelled: class weight x MW per weight unit (non-commercial, not anchored)",https://www.velosting.com/ambala-data-center,https://web.archive.org/web/20250616061359/https://www.velosting.com/ambala-data-center,Velosting Ambala EDC (operator),operator,https://www.peeringdb.com/fac/15990,https://web.archive.org/web/20260609174504/https://www.peeringdb.com/fac/15990,PeeringDB: Velosting Ambala,registry,confirmed,fetched,Operator page (2026-09-30): operational edge DC offering colocation; PeeringDB fac 15990 updated 26 Sep 2025 with Velosting AS153271 present.,TRUE,"Operator plus PeeringDB confirm. Rack-scale room in a commercial showroom, no MW. Warning: this PeeringDB point falls in the 'Sahibzada Ajit Singh Nagar' polygon of our districts file (coarse boundary); force district Ambala, Haryana. Facts verified; inclusion is a scope decision. | Double-check 30 Sep 2026 (sources support: yes; exists: confirmed): Small host offering colocation; enterprise per small-host convention acceptable. No capacity published.",2026-09-30,first_noticed_in_atlas,VELOSTING Ambala Edge Data Center,operating,Operational,Small (<10 MW),https://www.velosting.com/sitemap https://www.velosting.com/yamuna-nagar-data-center,,,,v2,CC BY-NC 4.0
IN323,Velosting Karnal EDC,Velosting,enterprise,operating,medium,One source only (the operator's or a government body's own page); no independent second source found. No published IT load; the capacity used is modelled. Note: Only the operator's own pages; a 12-rack room on a 2nd floor. Include only if the inventory keeps rack-scale rooms. Facts verified; inclusion is a scope decision. | Double-check 30 Sep 2026 (sources support: yes; exists: likely): Operator page: 12 racks; very small (office-floor edge room). Only the operator's own page.,not published: modelled,"No current (live) IT load is published for this facility. The MW used is modelled (class weight x 3.22 MW per weight unit) and is an allocation, not a measurement.",,"SCO 13, 2nd Floor, Sector 3, HSIIDC Industrial Estate, Karnal",Karnal,Haryana,Haryana,city,"operator, company, government or press record (site first noticed in the Atlas of Data Center Politics cross-check; the Atlas is not a source)",,,not published (rack-scale),"","",3.224,3.224,"modelled: class weight x MW per weight unit (non-commercial, not anchored)",https://www.velosting.com/karnal-data-center,http://web.archive.org/web/20250616072415/https://www.velosting.com/karnal-data-center,Velosting Karnal EDC (operator),operator,"","","","",single_source,fetched,"Operator page (2026-09-30): operational edge DC, 12 racks; Yamuna Nagar page names Velosting edge DCs in Yamuna Nagar, Ambala, Karnal.",TRUE,Only the operator's own pages; a 12-rack room on a 2nd floor. Include only if the inventory keeps rack-scale rooms. Facts verified; inclusion is a scope decision. | Double-check 30 Sep 2026 (sources support: yes; exists: likely): Operator page: 12 racks; very small (office-floor edge room). Only the operator's own page.,2026-09-30,first_noticed_in_atlas,VELOSTING Karnal Edge Data Center,operating,Operational,Small (<10 MW),https://www.velosting.com/karnal-data-center,,,,v2,CC BY-NC 4.0
IN324,Velosting Yamuna Nagar EDC,Velosting,enterprise,operating,medium,One source only (the operator's or a government body's own page); no independent second source found. No published IT load; the capacity used is modelled. Note: Only the operator's own page; a 7-rack room. District name in our file is 'Yamunanagar'. Include only if rack-scale rooms are in scope. Facts verified; inclusion is a scope decision. | Double-check 30 Sep 2026 (sources support: yes; exists: confirmed): Very small (7 racks) edge site.,not published: modelled,"No current (live) IT load is published for this facility. The MW used is modelled (class weight x 3.22 MW per weight unit) and is an allocation, not a measurement.",,"Plot 11, 1st floor, Ishwar Nagar, Workshop Road, Yamuna Nagar",Yamunanagar,Haryana,Haryana,city,"operator, company, government or press record (site first noticed in the Atlas of Data Center Politics cross-check; the Atlas is not a source)",,,not published (rack-scale),"","",3.224,3.224,"modelled: class weight x MW per weight unit (non-commercial, not anchored)",https://www.velosting.com/yamuna-nagar-data-center,https://web.archive.org/web/20250616072343/https://www.velosting.com/yamuna-nagar-data-center,Velosting Yamuna Nagar EDC (operator),operator,"","","","",single_source,fetched,"Operator page (2026-09-30): 7-rack edge DC, colocation/hosting, operational.",TRUE,Only the operator's own page; a 7-rack room. District name in our file is 'Yamunanagar'. Include only if rack-scale rooms are in scope. Facts verified; inclusion is a scope decision. | Double-check 30 Sep 2026 (sources support: yes; exists: confirmed): Very small (7 racks) edge site.,2026-09-30,first_noticed_in_atlas,VELOSTING Yamuna Nagar Edge Data Center,operating,Operational,Small (<10 MW),https://www.velosting.com/yamuna-nagar-data-center,,,,v2,CC BY-NC 4.0
IN325,Yotta TB1,Yotta,colocation,operating,high,"Facility matched on a fetched page, with a second source. Note: Corrections confirmed. TB1/TB2 are live on the operator page but no address is published (""""Navi Mumbai"""" only), so district Thane is an assumption and they may be small edge/enterprise-grade sites; add as operating 1 MW each, flag low location confidence. NM2 (core & shell at Panvel) is a possible co | Double-check 30 Sep 2026 (sources support: yes; exists: confirmed): colocation.yotta.com does not mention TB1/TB2. Not on DCM Mumbai list.",reported IT load,Basis: operator: 1 MW IT load each (TB1 & TB2).,,Navi Mumbai,Thane,Maharashtra,Maharashtra,city,"operator, company, government or press record (site first noticed in the Atlas of Data Center Politics cross-check; the Atlas is not a source)",1,1,operator: 1 MW IT load each (TB1 & TB2),"","1 MW IT load each (TB1, TB2) https://yotta.com/data-centers/",1,1,reported (see mw_basis),https://yotta.com/data-centers/,http://web.archive.org/web/20220930023838/https://www.yotta.com/data-centers/,Yotta - Data Centers,operator,https://colocation.yotta.com/data-center,https://web.archive.org/web/20261001003858/https://colocation.yotta.com/data-center,"Yotta colocation - data centers (NM1 52, D1 30, G1 2; NM2 core & shell)",operator,confirmed,fetched,"2026-09-30: yotta.com lists NM1 (52 MW), D1 (30, expandable 50), G1 (1), TB1 & TB2 (1 MW each), all live. colocation.yotta.com omits TB1/TB2 and lists NM2 as core-and-shell ready.",TRUE,"Corrections confirmed. TB1/TB2 are live on the operator page but no address is published (""""Navi Mumbai"""" only), so district Thane is an assumption and they may be small edge/enterprise-grade sites; add as operating 1 MW each, flag low location confidence. NM2 (core & shell at Panvel) is a possible co | Double-check 30 Sep 2026 (sources support: yes; exists: confirmed): colocation.yotta.com does not mention TB1/TB2. Not on DCM Mumbai list.",2026-09-30,none,"","","","","",,,,v2,CC BY-NC 4.0
IN326,Yotta TB2,Yotta,colocation,operating,high,"Facility matched on a fetched page, with a second source. Note: Corrections confirmed. TB1/TB2 are live on the operator page but no address is published (""""Navi Mumbai"""" only), so district Thane is an assumption and they may be small edge/enterprise-grade sites; add as operating 1 MW each, flag low location confidence. NM2 (core & shell at Panvel) is a possible co | Double-check 30 Sep 2026 (sources support: yes; exists: confirmed): Listed on yotta.com/data-centers only; colocation.yotta.com page does not mention TB2. Not on DCM Navi Mumbai/Mumbai index.",reported IT load,Basis: operator: 1 MW IT load each; TB2 is ANSI/TIA-942-B Level 3 constructed facility.,,Navi Mumbai,Thane,Maharashtra,Maharashtra,city,"operator, company, government or press record (site first noticed in the Atlas of Data Center Politics cross-check; the Atlas is not a source)",1,1,operator: 1 MW IT load each; TB2 is ANSI/TIA-942-B Level 3 constructed facility,"","1 MW IT load each (TB1, TB2) https://yotta.com/data-centers/",1,1,reported (see mw_basis),https://yotta.com/data-centers/,http://web.archive.org/web/20220930023838/https://www.yotta.com/data-centers/,Yotta - Data Centers,operator,https://colocation.yotta.com/data-center,https://web.archive.org/web/20261001003858/https://colocation.yotta.com/data-center,"Yotta colocation - data centers (NM1 52, D1 30, G1 2; NM2 core & shell)",operator,confirmed,fetched,"2026-09-30: yotta.com lists NM1 (52 MW), D1 (30, expandable 50), G1 (1), TB1 & TB2 (1 MW each), all live. colocation.yotta.com omits TB1/TB2 and lists NM2 as core-and-shell ready.",TRUE,"Corrections confirmed. TB1/TB2 are live on the operator page but no address is published (""""Navi Mumbai"""" only), so district Thane is an assumption and they may be small edge/enterprise-grade sites; add as operating 1 MW each, flag low location confidence. NM2 (core & shell at Panvel) is a possible co | Double-check 30 Sep 2026 (sources support: yes; exists: confirmed): Listed on yotta.com/data-centers only; colocation.yotta.com page does not mention TB2. Not on DCM Navi Mumbai/Mumbai index.",2026-09-30,none,"","","","","",,,,v2,CC BY-NC 4.0
IN327,PowerTel (POWERGRID Teleservices) Manesar Pilot Data Centre,POWERGRID Teleservices Limited,telecom,under construction,high,"Facility matched on a fetched page, with a second source. No published IT load; the capacity used is modelled. Note: CERC permission Nov 2022; ICL up to Rs 571 cr for pilot DC at POWERGRID Manesar substation. DCD Jul 2023: 250 racks -> 1,000. No dated groundbreaking found; 'construction' rests on implementation+EPC award (could be 'announced'). MoP AR 2025-26 fetch found no mention. | Double-check 30 Sep 2026 (sources support: yes; exists: confirmed): Invenia-STL contract Sep 2025 (Rs 359-360 cr) for design/build; under construction. Racks not in VoicenData. telecom type fine (POWERGRID telecom arm).",not published: modelled,"No IT load is published for this facility. The MW used is modelled (class weight x 3.22 MW per weight unit) and is an allocation, not a measurement.",,Manesar (POWERGRID substation),Gurgaon,Haryana,Haryana,locality,"operator, company, government or press record (site first noticed in the Atlas of Data Center Politics cross-check; the Atlas is not a source)",,,"no MW published; 250 racks pilot, scalable to 1,000 racks","","",,1.612,"modelled: class weight x MW per weight unit (non-commercial, not anchored)",https://www.powergrid.in/sites/default/files/annual_reports/DirectorsReportPowerTel.pdf,https://web.archive.org/web/20250810013300/https://www.powergrid.in/sites/default/files/annual_reports/DirectorsReportPowerTel.pdf,PowerTel Directors' Report FY2023-24,company_annual_report,https://www.voicendata.com/enterprise/invenia-stl-bags-rs-359-cr-powertel-data-centre-project-10465922,http://archive.today/2026.10.02-160015/https://www.voicendata.com/enterprise/invenia-stl-bags-rs-359-cr-powertel-data-centre-project-10465922,"Invenia-STL bags Rs 359 cr PowerTel data centre project (Voice&Data, 15 Sep 2025)",news,confirmed,fetched,FY24 report: 'Commenced implementation of Data Center at Manesar' after Jul 2023 board approval; Sep 2025 Rs 359 cr design-build Tier III EPC awarded to Invenia-STL.,TRUE,"CERC permission Nov 2022; ICL up to Rs 571 cr for pilot DC at POWERGRID Manesar substation. DCD Jul 2023: 250 racks -> 1,000. No dated groundbreaking found; 'construction' rests on implementation+EPC award (could be 'announced'). MoP AR 2025-26 fetch found no mention. | Double-check 30 Sep 2026 (sources support: yes; exists: confirmed): Invenia-STL contract Sep 2025 (Rs 359-360 cr) for design/build; under construction. Racks not in VoicenData. telecom type fine (POWERGRID telecom arm).",2026-09-30,first_noticed_in_atlas,PowerTel Manesar Pilot Data Center,planned,Under Construction,Large (10-99 MW),https://powermin.gov.in/sites/default/files/uploads/MOP_Annual_Report_Eng_2025_26.pdf https://www.powergrid.in/sites/default/files/annual_reports/Powergrid_Annual_Report_2024-25-1.pdf,,,,v2,CC BY-NC 4.0
IN328,RailTel Gurugram Data Centre,RailTel Corporation of India Ltd.,telecom,operating,medium,"Facility matched on a fetched page, with a second source. No published IT load; the capacity used is modelled. Open issue: [source] RailTel Gurugram: a Gurugram DC is confirmed; the Plot 143 / Sector 44 address matches a RailTel office (TRAI), not necessarily the DC. Note: Distinct from inventory IN209 (Secunderabad) and IN210 (Silver Jubilee, Noida - under construction). | Double-check 30 Sep 2026 (sources support: yes; exists: confirmed): Not on DCM Gurgaon index.",not published: modelled,"No current (live) IT load is published for this facility. The MW used is modelled (class weight x 3.22 MW per weight unit) and is an allocation, not a measurement.",2015,"Gurugram (Plot 143, Institutional Area, Sector 44)",Gurgaon,Haryana,Haryana,locality,"operator, company, government or press record (site first noticed in the Atlas of Data Center Politics cross-check; the Atlas is not a source)",,,no MW published,"","",1.612,1.612,"modelled: class weight x MW per weight unit (non-commercial, not anchored)",https://www.railtel.in/our-expertise/data-center-services2.html,https://web.archive.org/web/20260609210131/https://www.railtel.in/our-expertise/data-center-services2.html,RailTel - Data Center Services,operator,https://baxtel.com/data-center/railtel-gurugram-dc,http://archive.today/2026.10.02-141519/https://baxtel.com/data-center/railtel-gurugram-dc,RailTel: Gurugram DC (Baxtel),trade_directory,confirmed,fetched,"RailTel site (2026): 'RailTel's own data centres are located in Secunderabad and Gurugram', Uptime Tier-III design & facility certified; Baxtel: operational, built 2015.",TRUE,"Distinct from inventory IN209 (Secunderabad) and IN210 (Silver Jubilee, Noida - under construction). | Double-check 30 Sep 2026 (sources support: yes; exists: confirmed): Not on DCM Gurgaon index.",2026-09-30,first_noticed_in_atlas,RailTel Gurugram Data Center,operating,Operational,Small (<10 MW),https://www.railtel.in/images/pdf/RailTel%20Annual%20Report%202024-25%20web%20dated%2025.07.2025.pdf https://www.railtel.in/our-expertise/data-center-services2.html,,,"[source] RailTel Gurugram: a Gurugram DC is confirmed; the Plot 143 / Sector 44 address matches a RailTel office (TRAI), not necessarily the DC.",v2,CC BY-NC 4.0
IN329,ISRO Indian Space Science Data Centre (ISSDC) Byalalu,ISRO (ISTRAC),government,operating,high,"Facility matched on a fetched page, with a second source. No published IT load; the capacity used is modelled. Note: Physical facility with compute/storage hosting at ISTRAC's Indian Deep Space Network campus. Opening year not stated on fetched pages (ADP gives 2008, Chandrayaan-1 era). Coordinates from ADP (Byalalu village). | Double-check 30 Sep 2026 (sources support: yes; exists: confirmed): Archive/processing data centre for ISRO science missions.",not published: modelled,"No current (live) IT load is published for this facility. The MW used is modelled (class weight x 3.22 MW per weight unit) and is an allocation, not a measurement.",,"Byalalu (IDSN campus), Bengaluru",Bangalore,Karnataka,Karnataka,campus,"government data-centre census (NIC/NICSI, UIDAI, ISRO, CRIS, State Data Centres)",,,no MW published,"","",3.224,3.224,"modelled: class weight x MW per weight unit (non-commercial, not anchored)",https://www.issdc.gov.in/about.html,http://web.archive.org/web/20260408121157/https://www.issdc.gov.in/about.html,ISSDC - About,government,https://www.isro.gov.in/ISSDC.html,http://web.archive.org/web/20260129064319/https://www.isro.gov.in/ISSDC.html,ISRO - Indian Space Science Data Centre,government,confirmed,fetched,"ISSDC site (2026) describes current data ingest/archive/dissemination with 'high computation, high capacity storage' and secure hosting infrastructure at IDSN Byalalu.",TRUE,"Physical facility with compute/storage hosting at ISTRAC's Indian Deep Space Network campus. Opening year not stated on fetched pages (ADP gives 2008, Chandrayaan-1 era). Coordinates from ADP (Byalalu village). | Double-check 30 Sep 2026 (sources support: yes; exists: confirmed): Archive/processing data centre for ISRO science missions.",2026-09-30,first_noticed_in_atlas,ISRO Indian Space Science Data Centre Byalalu,operating,Operational,Unknown,https://www.isro.gov.in/ISSDC.html https://www.issdc.gov.in/ https://www.issdc.gov.in/about.html,,,,v2,CC BY-NC 4.0
IN330,"NIC National Data Centre for North Eastern Region (NDC-NER), Amingaon",National Informatics Centre (NIC) / NICSI,government,operating,medium,"Facility matched on a fetched page, with a second source. Open issue: [capacity] NIC NDC-NER: """"4 MW IT load (scalable from initial 2 MW)"""" is ambiguous about what is live now Note: Government source confirms the site and the inauguration; Sentinel gives 2 MW IT initial, 4 MW IT expandable, 8.5 MW total, 200-400 racks, 43,000 sq ft. The IT figures come from one newspaper, but they are explicitly IT-labelled. Amingaon is in Kamrup (rural) district, not Kamrup Metropolitan. No pi | Double-check 30 Sep 2026 (sources support: yes; exists: confirmed): Inaugurated by PM 14/15 Feb 2026 at Amingaon, Kamrup (AIR + Sentinel). 2/4 MW IT correct; 8.5 MW is total power.","reported, but uncertain (see mw_note)","Basis: 'initial 2 MW IT load, expandable to 4 MW' (Sentinel); 8.5 MW is total facility power. Open issue: [capacity] NIC NDC-NER: """"4 MW IT load (scalable from initial 2 MW)"""" is ambiguous about what is live now",2026,"Amingaon, North Guwahati",Kamrup,Assam,Assam,locality,"government data-centre census (NIC/NICSI, UIDAI, ISRO, CRIS, State Data Centres)",2,4,"'initial 2 MW IT load, expandable to 4 MW' (Sentinel); 8.5 MW is total facility power","","2 MW IT load (initial (live)) https://www.sentinelassam.com/amp/story/north-east-india-news/assam-news/pm-narendra-modi-inaugurates-national-data-centre-for-north-eastern-region; 4 MW IT load, expandable (build-out) https://www.sentinelassam.com/amp/story/north-east-india-news/assam-news/pm-narendra-modi-inaugurates-national-data-centre-for-north-eastern-region; 8.5 MW total power capacity (facility) https://www.sentinelassam.com/amp/story/north-east-india-news/assam-news/pm-narendra-modi-inaugurates-national-data-centre-for-north-eastern-region",2,4,reported (see mw_basis),https://www.newsonair.gov.in/pm-modi-in-assam-inaugurates-major-infrastructure-and-connectivity-projects-worth-%e2%82%b95450-crore,http://web.archive.org/web/20260413115239/https://www.newsonair.gov.in/pm-modi-in-assam-inaugurates-major-infrastructure-and-connectivity-projects-worth-%E2%82%B95450-crore/,All India Radio: PM Modi in Assam inaugurates projects worth Rs 5450 crore,government,https://www.sentinelassam.com/amp/story/north-east-india-news/assam-news/pm-narendra-modi-inaugurates-national-data-centre-for-north-eastern-region,http://web.archive.org/web/20260517094950/https://www.sentinelassam.com/amp/story/north-east-india-news/assam-news/pm-narendra-modi-inaugurates-national-data-centre-for-north-eastern-region,Sentinel Assam: PM inaugurates National Data Centre for North Eastern Region,news,confirmed,fetched,"Inaugurated virtually by PM 14 Feb 2026 (AIR), Amingaon, Kamrup district; nic.gov.in/data-centres lists Guwahati as one of NIC's six DCs.",TRUE,"Government source confirms the site and the inauguration; Sentinel gives 2 MW IT initial, 4 MW IT expandable, 8.5 MW total, 200-400 racks, 43,000 sq ft. The IT figures come from one newspaper, but they are explicitly IT-labelled. Amingaon is in Kamrup (rural) district, not Kamrup Metropolitan. No pi | Double-check 30 Sep 2026 (sources support: yes; exists: confirmed): Inaugurated by PM 14/15 Feb 2026 at Amingaon, Kamrup (AIR + Sentinel). 2/4 MW IT correct; 8.5 MW is total power.",2026-09-30,first_noticed_in_atlas,NICSI Assam Campus,operating/planned,Operational/Planned,Small (<10 MW)/Unknown,"",,,"[capacity] NIC NDC-NER: """"4 MW IT load (scalable from initial 2 MW)"""" is ambiguous about what is live now",v2,CC BY-NC 4.0
IN331,NIC National Data Centre Pune,National Informatics Centre (NIC) / NICSI,government,operating,high,"Facility matched on a fetched page, with a second source. No published IT load; the capacity used is modelled. Note: ~10,000 sq ft on first floor of NIC building Pune, operational 16 Mar 2010 (Informatics). Baxtel: Tier III, 171 racks. Also cited: nic.gov.in/service/data-centre/. | Double-check 30 Sep 2026 (sources support: yes; exists: confirmed): 137 server + 6 network racks at launch; Baxtel 171 racks, NICSI-operated. Not in DCM Pune index.",not published: modelled,"No current (live) IT load is published for this facility. The MW used is modelled (class weight x 3.22 MW per weight unit) and is an allocation, not a measurement.",2010,Pune (NIC building),Pune,Maharashtra,Maharashtra,city,"government data-centre census (NIC/NICSI, UIDAI, ISRO, CRIS, State Data Centres)",,,"no MW published; 137 server + 6 network racks at launch, 171 racks (Baxtel)","","",3.224,3.224,"modelled: class weight x MW per weight unit (non-commercial, not anchored)",https://informaticsweb.nic.in/news/national-data-centre-pune,"","National Data Centre, Pune (Informatics, NIC)",government,https://baxtel.com/data-center/nicsi-pune,http://archive.today/2026.10.02-141602/https://baxtel.com/data-center/nicsi-pune,NICSI: Pune Data Center (Baxtel),trade_directory,confirmed,fetched,NIC data-centre service page (2026) lists NDC Pune (2010) among current NDCs; NIC data-centres office list names Pune head.,TRUE,"~10,000 sq ft on first floor of NIC building Pune, operational 16 Mar 2010 (Informatics). Baxtel: Tier III, 171 racks. Also cited: nic.gov.in/service/data-centre/. | Double-check 30 Sep 2026 (sources support: yes; exists: confirmed): 137 server + 6 network racks at launch; Baxtel 171 racks, NICSI-operated. Not in DCM Pune index.",2026-09-30,first_noticed_in_atlas,NICSI Maharashtra,operating,Operational,Small (<10 MW),"",,,,v2,CC BY-NC 4.0
IN332,NIC National Data Centre Bhubaneswar,National Informatics Centre (NIC) / NICSI,government,operating,high,"Facility matched on a fetched page, with a second source. No published IT load; the capacity used is modelled. Note: Informatics Jul-Sep 2018 (informaticsweb.nic.in/sites/default/files/0406_spl_data_centre.pdf) gives 275 racks; Baxtel 271 racks, Tier III. | Double-check 30 Sep 2026 (sources support: yes; exists: confirmed): The cited NIC/OpenGov pages do not give the rack count (275) or area in mw_basis; that came from elsewhere.",not published: modelled,"No current (live) IT load is published for this facility. The MW used is modelled (class weight x 3.22 MW per weight unit) and is an allocation, not a measurement.",2018,Bhubaneswar,Khordha,Odisha,Odisha,locality,"government data-centre census (NIC/NICSI, UIDAI, ISRO, CRIS, State Data Centres)",,,"no MW published; 275 racks (NIC) / 271 racks (Baxtel), 40,000 sq ft","","",3.224,3.224,"modelled: class weight x MW per weight unit (non-commercial, not anchored)",https://www.nic.gov.in/service/data-centre/,https://web.archive.org/web/20260327110318/https://www.nic.gov.in/service/data-centre/,NIC - Data Centre service,government,https://archive.opengovasia.com/articles/indias-national-informatics-centre-sets-up-cloud-enabled-national-data-centre-in-bhubaneswar,http://archive.today/2026.10.01-120745/https://archive.opengovasia.com/2018/05/28/indias-national-informatics-centre-sets-up-cloud-enabled-national-data-centre-in-bhubaneswar/,India's NIC sets up cloud-enabled National Data Centre in Bhubaneswar (OpenGov Asia),news,confirmed,fetched,"Inaugurated 28 May 2018; NIC service page (2026) describes it as cloud-enabled DC offering cloud services, 40,000 sq ft.",TRUE,"Informatics Jul-Sep 2018 (informaticsweb.nic.in/sites/default/files/0406_spl_data_centre.pdf) gives 275 racks; Baxtel 271 racks, Tier III. | Double-check 30 Sep 2026 (sources support: yes; exists: confirmed): The cited NIC/OpenGov pages do not give the rack count (275) or area in mw_basis; that came from elsewhere.",2026-09-30,first_noticed_in_atlas,NICSI Odisha,operating,Operational,Small (<10 MW),"",,,,v2,CC BY-NC 4.0
IN333,NIC National Data Centre Hyderabad,National Informatics Centre (NIC) / NICSI,government,operating,high,"Facility matched on a fetched page, with a second source. No published IT load; the capacity used is modelled. Note: NIC says launched 2008; Baxtel says built 2010, Tier III, 154 racks. ADP coordinate (17.408,78.474) is in core Hyderabad district; inventory convention may map to Rangareddy. | Double-check 30 Sep 2026 (sources support: yes; exists: confirmed):",not published: modelled,"No current (live) IT load is published for this facility. The MW used is modelled (class weight x 3.22 MW per weight unit) and is an allocation, not a measurement.",2008,Hyderabad,Hyderabad,Andhra Pradesh,Telangana,building,"government data-centre census (NIC/NICSI, UIDAI, ISRO, CRIS, State Data Centres)",,,no MW published; 154 racks (Baxtel),"","",3.224,3.224,"modelled: class weight x MW per weight unit (non-commercial, not anchored)",https://www.nic.gov.in/service/data-centre/,https://web.archive.org/web/20260327110318/https://www.nic.gov.in/service/data-centre/,NIC - Data Centre service,government,https://baxtel.com/data-center/nicsi-hyderabad,http://archive.today/2026.10.02-141647/https://baxtel.com/data-center/nicsi-hyderabad,NICSI: Hyderabad Data Center (Baxtel),trade_directory,confirmed,fetched,NIC service page (2026) lists NDC Hyderabad (launched 2008) among current NDCs; nic.gov.in/data-centres names a Hyderabad head.,TRUE,"NIC says launched 2008; Baxtel says built 2010, Tier III, 154 racks. ADP coordinate (17.408,78.474) is in core Hyderabad district; inventory convention may map to Rangareddy. | Double-check 30 Sep 2026 (sources support: yes; exists: confirmed): ",2026-09-30,first_noticed_in_atlas,National Data Centre Hyderabad,operating,Operational,Small (<10 MW),https://nicsi.nic.in/home,,,,v2,CC BY-NC 4.0
IN334,NIC National Data Centre Shastri Park (NDC Delhi),National Informatics Centre (NIC) / NICSI,government,operating,high,"Facility matched on a fetched page, with a second source. No published IT load; the capacity used is modelled. Note: Tier III, 462 racks, 1st floor DMRC IT Park (Baxtel). india.gov.in 'Inauguration of National Data Centre' (Delhi, 60,000 sq ft, Tier III) likely the same. Distinct from AD036 Laxmi Nagar. | Double-check 30 Sep 2026 (sources support: yes; exists: confirmed): NIC article confirms NDC Shastri Park operational (hosting central govt apps). Not on DCM New Delhi index.",not published: modelled,"No current (live) IT load is published for this facility. The MW used is modelled (class weight x 3.22 MW per weight unit) and is an allocation, not a measurement.",2011,"Shastri Park (DMRC IT Park, 1st floor), Delhi",North East,Nct Of Delhi,Nct Of Delhi,campus,"government data-centre census (NIC/NICSI, UIDAI, ISRO, CRIS, State Data Centres)",,,no MW published; 462 racks (Baxtel),"","",3.224,3.224,"modelled: class weight x MW per weight unit (non-commercial, not anchored)",https://informaticsweb.nic.in/article/ndc-shastri-park-delhi-power-usage-effectiveness-pue-achievement,http://web.archive.org/web/20250803115746/https://informaticsweb.nic.in/article/ndc-shastri-park-delhi-power-usage-effectiveness-pue-achievement,"NDC Shastri Park, Delhi: PUE achievement (Informatics, NIC)",government,https://baxtel.com/data-center/nicsi-new-delhi,http://archive.today/2026.10.02-141755/https://baxtel.com/data-center/nicsi-new-delhi,NICSI: New Delhi Data Center (Baxtel),trade_directory,confirmed,fetched,NIC service page (2026) lists NDC Delhi (2011) among current NDCs; Informatics article describes NDCSP hosting services.,TRUE,"Tier III, 462 racks, 1st floor DMRC IT Park (Baxtel). india.gov.in 'Inauguration of National Data Centre' (Delhi, 60,000 sq ft, Tier III) likely the same. Distinct from AD036 Laxmi Nagar. | Double-check 30 Sep 2026 (sources support: yes; exists: confirmed): NIC article confirms NDC Shastri Park operational (hosting central govt apps). Not on DCM New Delhi index.",2026-09-30,none,"","","","","",,,,v2,CC BY-NC 4.0
IN335,UIDAI Data Centre Hebbal,Unique Identification Authority of India (UIDAI),government,operating,high,"Facility matched on a fetched page, with a second source. No published IT load; the capacity used is modelled. Note: Business Today 2018: blast/flood/earthquake-proof building by Engineers India, Rs 116 cr, 6,245 sqm, ~4,000 servers. | Double-check 30 Sep 2026 (sources support: yes; exists: confirmed): BusinessToday (Mar 2018) says Bengaluru, not Hebbal. Check Manesar UIDAI DC is also in inventory.",not published: modelled,"No current (live) IT load is published for this facility. The MW used is modelled (class weight x 3.22 MW per weight unit) and is an allocation, not a measurement.",,"Hebbal, Bengaluru",Bangalore,Karnataka,Karnataka,locality,"government data-centre census (NIC/NICSI, UIDAI, ISRO, CRIS, State Data Centres)",,,no MW published,"","",3.224,3.224,"modelled: class weight x MW per weight unit (non-commercial, not anchored)",https://www.uidai.gov.in/about-uidai/unique-identification-authority-of-india/organizational-structure.html,http://web.archive.org/web/20220617002136/https://uidai.gov.in/about-uidai/unique-identification-authority-of-india/organizational-structure.html,UIDAI - Organizational Structure,government,https://www.businesstoday.in/current/policy/aadhaar-safety-where-is-uidai-13-feet-high-5feet-thick-wall/story/273257.html,http://web.archive.org/web/20210612200930/https://www.businesstoday.in/current/policy/aadhaar-safety-where-is-uidai-13-feet-high-5feet-thick-wall/story/273257.html,"Aadhaar safety: where is UIDAI data (Business Today, 23 Mar 2018)",news,confirmed,fetched,"UIDAI site (2026): 'UIDAI has two Data Centres, one at Hebbal (Bengaluru)... and another at Manesar'.",TRUE,"Business Today 2018: blast/flood/earthquake-proof building by Engineers India, Rs 116 cr, 6,245 sqm, ~4,000 servers. | Double-check 30 Sep 2026 (sources support: yes; exists: confirmed): BusinessToday (Mar 2018) says Bengaluru, not Hebbal. Check Manesar UIDAI DC is also in inventory.",2026-09-30,none,"","","","","",,,,v2,CC BY-NC 4.0
IN336,UIDAI Data Centre Manesar,Unique Identification Authority of India (UIDAI),government,operating,high,"Facility matched on a fetched page, with a second source. No published IT load; the capacity used is modelled. Note: Business Today: 'captive green data centre', seismic zone-IV compliant. Distinct from PowerTel Manesar (AD049). | Double-check 30 Sep 2026 (sources support: yes; exists: confirmed):",not published: modelled,"No current (live) IT load is published for this facility. The MW used is modelled (class weight x 3.22 MW per weight unit) and is an allocation, not a measurement.",,Manesar,Gurgaon,Haryana,Haryana,locality,"government data-centre census (NIC/NICSI, UIDAI, ISRO, CRIS, State Data Centres)",,,no MW published,"","",3.224,3.224,"modelled: class weight x MW per weight unit (non-commercial, not anchored)",https://www.uidai.gov.in/about-uidai/unique-identification-authority-of-india/organizational-structure.html,http://web.archive.org/web/20220617002136/https://uidai.gov.in/about-uidai/unique-identification-authority-of-india/organizational-structure.html,UIDAI - Organizational Structure,government,https://www.businesstoday.in/current/policy/aadhaar-safety-where-is-uidai-13-feet-high-5feet-thick-wall/story/273257.html,http://web.archive.org/web/20210612200930/https://www.businesstoday.in/current/policy/aadhaar-safety-where-is-uidai-13-feet-high-5feet-thick-wall/story/273257.html,"Aadhaar safety: where is UIDAI data (Business Today, 23 Mar 2018)",news,confirmed,fetched,"UIDAI site (2026): second Data Centre 'at Manesar (Gurugram), Haryana'.",TRUE,"Business Today: 'captive green data centre', seismic zone-IV compliant. Distinct from PowerTel Manesar (AD049). | Double-check 30 Sep 2026 (sources support: yes; exists: confirmed): ",2026-09-30,none,"","","","","",,,,v2,CC BY-NC 4.0
IN337,NIC Data Centre Kolkata,National Informatics Centre (NIC),government,operating,medium,One source only (the operator's or a government body's own page); no independent second source found. No published IT load; the capacity used is modelled. Note: One of NIC's ~37 smaller state-capital DCs; the only one found with its own dedicated site. No second source; no capacity figures. | Double-check 30 Sep 2026 (sources support: yes; exists: confirmed): Nizam Palace is central Kolkata; metro convention applies.,not published: modelled,"No current (live) IT load is published for this facility. The MW used is modelled (class weight x 3.22 MW per weight unit) and is an allocation, not a measurement.",,"Nizam Palace, CGO Complex, Kolkata",Kolkata,West Bengal,West Bengal,locality,"government data-centre census (NIC/NICSI, UIDAI, ISRO, CRIS, State Data Centres)",,,no MW published,"","",3.224,3.224,"modelled: class weight x MW per weight unit (non-commercial, not anchored)",https://kolkatadc.nic.in/home.php,http://web.archive.org/web/20241110153335/https://kolkatadc.nic.in/home.php,NIC Data Centre Kolkata,government,"","","","",single_source,fetched,NIC Kolkata DC website (live 2026-09-30) offers shared/dedicated/managed hosting 24x7.,TRUE,One of NIC's ~37 smaller state-capital DCs; the only one found with its own dedicated site. No second source; no capacity figures. | Double-check 30 Sep 2026 (sources support: yes; exists: confirmed): Nizam Palace is central Kolkata; metro convention applies.,2026-09-30,none,"","","","","",,,,v2,CC BY-NC 4.0
IN338,CRIS Data Centre Chanakyapuri,Centre for Railway Information Systems (Ministry of Railways),government,operating,medium,One source only (the operator's or a government body's own page); no independent second source found. No published IT load; the capacity used is modelled. Note: CRIS is an autonomous body of Ministry of Railways hosting PRS/UTS etc. No capacity or second source found. | Double-check 30 Sep 2026 (sources support: partly; exists: confirmed): Only an incidental mention of CRIS DC in Chanakyapuri; no capacity. source_url has spaces (opened as %20-encoded).,not published: modelled,"No current (live) IT load is published for this facility. The MW used is modelled (class weight x 3.22 MW per weight unit) and is an allocation, not a measurement.",,"Chanakyapuri, New Delhi",South West,Nct Of Delhi,Nct Of Delhi,campus,"government data-centre census (NIC/NICSI, UIDAI, ISRO, CRIS, State Data Centres)",,,no MW published,"","",3.224,3.224,"modelled: class weight x MW per weight unit (non-commercial, not anchored)",https://cris.org.in/PDF/Annual_Report/report%20and%20accounts%20for%20the%20year%202024.pdf,http://archive.today/2026.10.02-142016/https://cris.org.in/PDF/Annual_Report/report%20and%20accounts%20for%20the%20year%202024.pdf,CRIS Report and Accounts 2024,government_annual_report,"","","","",single_source,fetched,"CRIS 2024 annual report: RTIS Satcom hub 'co-located with CRIS DC in Chanakyapuri, New Delhi'.",TRUE,CRIS is an autonomous body of Ministry of Railways hosting PRS/UTS etc. No capacity or second source found. | Double-check 30 Sep 2026 (sources support: partly; exists: confirmed): Only an incidental mention of CRIS DC in Chanakyapuri; no capacity. source_url has spaces (opened as %20-encoded).,2026-09-30,none,"","","","","",,,,v2,CC BY-NC 4.0
IN339,"Tamil Nadu State Data Centre (TNSDC-I & II), ELCOT Perungudi","ELCOT / IT&DT Dept, Government of Tamil Nadu",government,operating,high,"Facility matched on a fetched page, with a second source. No published IT load; the capacity used is modelled. Note: Racks: TNSDC-I 61-64 racks (40 initial +21); TNSDC-II new building at same Perungudi campus, 35 initial racks, 138-rack modular design, 56-112 commissioned (ELCOT). One row: same campus. Perungudi = Chennai suburb -> Kancheepuram (2015). | Double-check 30 Sep 2026 (sources support: yes; exists: confirmed): TNSDC-II commenced 07.09.2020, 138-rack capacity (Finance Dept note). Perungudi in Chennai metro -> Kancheepuram convention ok.",not published: modelled,"No current (live) IT load is published for this facility. The MW used is modelled (class weight x 3.22 MW per weight unit) and is an allocation, not a measurement.",2011,"Perungudi, Chennai",Kancheepuram,Tamil Nadu,Tamil Nadu,campus,"government data-centre census (NIC/NICSI, UIDAI, ISRO, CRIS, State Data Centres)",,,Not published; SDC capacity published only as racks/floor area.,"","",3.224,3.224,"modelled: class weight x MW per weight unit (non-commercial, not anchored)",https://it.tn.gov.in/en/node/53,https://web.archive.org/web/20261001145956/https://it.tn.gov.in/en/node/53,"Tamil Nadu State Data Centre - IT&DT Dept, Govt of Tamil Nadu",government,https://financedept.tn.gov.in/en/my-documents/2020/07/31_it_e_pn_2023_24.pdf,http://web.archive.org/web/20250430064031/https://financedept.tn.gov.in/en/my-documents/2020/07/31_it_e_pn_2023_24.pdf,"IT&DT Dept Policy Note 2023-24, Govt of Tamil Nadu",government,confirmed,fetched,"TNSDC-I operating since 1 Aug 2011; TNSDC-II commissioned 7 Sep 2020 (Policy Note 2023-24: 56 racks commissioned, ~100% utilised).",TRUE,"Racks: TNSDC-I 61-64 racks (40 initial +21); TNSDC-II new building at same Perungudi campus, 35 initial racks, 138-rack modular design, 56-112 commissioned (ELCOT). One row: same campus. Perungudi = Chennai suburb -> Kancheepuram (2015). | Double-check 30 Sep 2026 (sources support: yes; exists: confirmed): TNSDC-II commenced 07.09.2020, 138-rack capacity (Finance Dept note). Perungudi in Chennai metro -> Kancheepuram convention ok.",2026-09-30,first_noticed_in_atlas,Tamil Nadu State Data Centre Perungudi Campus,operating,Operational,Small (<10 MW),https://it.tn.gov.in/en/IT_Infrastructure/Tamil_Nadu_State_Data_Centre https://it.tn.gov.in/en/node/53 https://it.tn.gov.in/ta/IT_Infrastructure/Tamil_Nadu_State_Data_Centre https://www.hindutamil.in/news/tamilnadu/576120-cm-palanisamy-launchs-data-center.html https://www.tcil.net.in/tender/pdf/26f2999_1.pdf,,,,v2,CC BY-NC 4.0
IN340,"Tamil Nadu Disaster Recovery Centre (TNDRC), ELCOSEZ Tiruchirappalli","ELCOT, Government of Tamil Nadu",government,operating,high,"Facility matched on a fetched page, with a second source. No published IT load; the capacity used is modelled. Note: Government-owned DR site for TNSDC (not commercial colo). Rs 59.8 cr; 25 servers initial, 100 planned (DCD). No racks/MW published. | Double-check 30 Sep 2026 (sources support: yes; exists: confirmed):",not published: modelled,"No current (live) IT load is published for this facility. The MW used is modelled (class weight x 3.22 MW per weight unit) and is an allocation, not a measurement.",2017,"ELCOSEZ, Tiruchirappalli",Tiruchirappalli,Tamil Nadu,Tamil Nadu,locality,"government data-centre census (NIC/NICSI, UIDAI, ISRO, CRIS, State Data Centres)",,,Not published; SDC capacity published only as racks/floor area.,"","",3.224,3.224,"modelled: class weight x MW per weight unit (non-commercial, not anchored)",https://financedept.tn.gov.in/en/my-documents/2020/07/31_it_e_pn_2023_24.pdf,http://web.archive.org/web/20250430064031/https://financedept.tn.gov.in/en/my-documents/2020/07/31_it_e_pn_2023_24.pdf,"IT&DT Dept Policy Note 2023-24, Govt of Tamil Nadu",government,https://www.datacenterdynamics.com/en/news/indian-state-of-tamil-nadu-gets-disaster-recovery-data-center/,http://web.archive.org/web/20250315103103/https://www.datacenterdynamics.com/en/news/indian-state-of-tamil-nadu-gets-disaster-recovery-data-center/,Indian state of Tamil Nadu gets disaster recovery data center (DCD),trade_press,confirmed,fetched,"Policy Note 2023-24: TNDRC at ELCOSEZ Tiruchirappalli operational since 2018; DCD: construction began Mar 2016, opened Oct 2017.",TRUE,"Government-owned DR site for TNSDC (not commercial colo). Rs 59.8 cr; 25 servers initial, 100 planned (DCD). No racks/MW published. | Double-check 30 Sep 2026 (sources support: yes; exists: confirmed): ",2026-09-30,first_noticed_in_atlas,Tamil Nadu State Data Centre Perungudi Campus,operating,Operational,Small (<10 MW),https://it.tn.gov.in/en/IT_Infrastructure/Tamil_Nadu_State_Data_Centre https://it.tn.gov.in/en/node/53 https://it.tn.gov.in/ta/IT_Infrastructure/Tamil_Nadu_State_Data_Centre https://www.hindutamil.in/news/tamilnadu/576120-cm-palanisamy-launchs-data-center.html https://www.tcil.net.in/tender/pdf/26f2999_1.pdf,,,,v2,CC BY-NC 4.0
IN341,"Haryana State Data Centre (HSDC), New Secretariat Sector 17, Chandigarh","HARTRON / Dept of IT, Electronics & Communication, Government of Haryana",government,operating,high,"Facility matched on a fetched page, with a second source. No published IT load; the capacity used is modelled. Note: 4,196 sq ft; 26 racks SDC server farm + 14 racks SNMC (40); max 12 kVA/rack; UPS 4x160 kVA, DG 3x320 kVA (2023 tender). No DR; NL-BCP planned at STPI Mohali colo, DR at C-DAC Hyderabad (not rows). New SDC 'being planned at Panchkula' - no site. | Double-check 30 Sep 2026 (sources support: yes; exists: confirmed): 26+14 racks, up to 12 kVA/rack. New SDC planned at Panchkula (haryanait.gov.in).",not published: modelled,"No current (live) IT load is published for this facility. The MW used is modelled (class weight x 3.22 MW per weight unit) and is an allocation, not a measurement.",2011,"New Secretariat Building, Sector 17-F, Chandigarh",Chandigarh,Chandigarh,Chandigarh,city,"government data-centre census (NIC/NICSI, UIDAI, ISRO, CRIS, State Data Centres)",,,Not published; only per-rack kVA and UPS/DG ratings (not IT MW).,"","",3.224,3.224,"modelled: class weight x MW per weight unit (non-commercial, not anchored)",https://cdnbbsr.s3waas.gov.in/s35352696a9ca3397beb79f116f3a33991/uploads/2026/01/20260122737669361.pdf,http://archive.today/2026.10.02-141926/https://cdnbbsr.s3waas.gov.in/s35352696a9ca3397beb79f116f3a33991/uploads/2026/01/20260122737669361.pdf,HARTRON e-Tender TDS/DC/2025-26/06: SI for IT components of Haryana State Data Centre (22.07.2025),government_tender,https://haryanait.gov.in/state-data-centre-sdc/,http://archive.today/2026.10.02-142624/https://haryanait.gov.in/state-data-centre-sdc/,State Data Centre (SDC) - Haryana DITECH,government,confirmed,fetched,"HARTRON tender 22 Jul 2025 describes live HSDC at New Secretariat, Sector 17-F Chandigarh; DITECH page: 80 apps/7 MMPs hosted, SDC revamp tendered.",TRUE,"4,196 sq ft; 26 racks SDC server farm + 14 racks SNMC (40); max 12 kVA/rack; UPS 4x160 kVA, DG 3x320 kVA (2023 tender). No DR; NL-BCP planned at STPI Mohali colo, DR at C-DAC Hyderabad (not rows). New SDC 'being planned at Panchkula' - no site. | Double-check 30 Sep 2026 (sources support: yes; exists: confirmed): 26+14 racks, up to 12 kVA/rack. New SDC planned at Panchkula (haryanait.gov.in).",2026-09-30,first_noticed_in_atlas,Haryana State Data Centre,operating,Operational,Small (<10 MW),https://haryanait.gov.in/major-it-initiatives/ https://haryanait.gov.in/state-data-centre-sdc/,,,,v2,CC BY-NC 4.0
IN342,"Arunachal Pradesh State Data Centre, Civil Secretariat Itanagar","Dept of IT & Communication, Government of Arunachal Pradesh",government,operating,high,"Facility matched on a fetched page, with a second source. No published IT load; the capacity used is modelled. Note: Pending SDC in MeitY AR 2017-18/2018-19; green-hydrogen fuel-cell backup. No racks/MW published. | Double-check 30 Sep 2026 (sources support: yes; exists: confirmed): MeitY 2018-19 annual report (source_url) does NOT list Arunachal among 28 operational SDCs; The Week article is the real support.",not published: modelled,"No current (live) IT load is published for this facility. The MW used is modelled (class weight x 3.22 MW per weight unit) and is an allocation, not a measurement.",2024,"Civil Secretariat, Itanagar",Papum Pare,Arunachal Pradesh,Arunachal Pradesh,city,"government data-centre census (NIC/NICSI, UIDAI, ISRO, CRIS, State Data Centres)",,,Not published; SDC capacity published only as racks/floor area.,"","",3.224,3.224,"modelled: class weight x MW per weight unit (non-commercial, not anchored)",https://www.theweek.in/wire-updates/national/2024/03/10/ces15-ar-khandu-sdc.html,http://web.archive.org/web/20240310143606/https://www.theweek.in/wire-updates/national/2024/03/10/ces15-ar-khandu-sdc.html,"Arunachal gets state data centre (PTI via The Week, 10 Mar 2024)",press,https://www.meity.gov.in/static/uploads/2024/02/34-1.pdf,http://web.archive.org/web/20260106153121/https://www.meity.gov.in/static/uploads/2024/02/34-1.pdf,MeitY Annual Report 2018-19 (SDC section),government,confirmed,fetched,"Inaugurated by CM Pema Khandu on 10 Mar 2024 at the civil secretariat, Itanagar (PTI).",TRUE,Pending SDC in MeitY AR 2017-18/2018-19; green-hydrogen fuel-cell backup. No racks/MW published. | Double-check 30 Sep 2026 (sources support: yes; exists: confirmed): MeitY 2018-19 annual report (source_url) does NOT list Arunachal among 28 operational SDCs; The Week article is the real support.,2026-09-30,none,"","","","","",,,,v2,CC BY-NC 4.0
IN343,"Assam State Data Centre, Dispur Guwahati","AMTRON / IT Dept, Government of Assam",government,operating,high,"Facility matched on a fetched page, with a second source. No published IT load; the capacity used is modelled. Note: Address given is SDC contact at Block C, Assam Secretariat, Dispur; DITEC page embeds 26.1424569N 91.7888309E. No racks published. | Double-check 30 Sep 2026 (sources support: yes; exists: confirmed): AMTRON is SIA. Both URLs work.",not published: modelled,"No current (live) IT load is published for this facility. The MW used is modelled (class weight x 3.22 MW per weight unit) and is an allocation, not a measurement.",2021,"Assam Secretariat (Civil), Dispur, Guwahati",Kamrup Metropolitan,Assam,Assam,campus,"government data-centre census (NIC/NICSI, UIDAI, ISRO, CRIS, State Data Centres)",,,Not published; SDC capacity published only as racks/floor area.,"","",3.224,3.224,"modelled: class weight x MW per weight unit (non-commercial, not anchored)",https://it.assam.gov.in/department-highlights/state-data-centre-sdc,http://web.archive.org/web/20240808025604/https://it.assam.gov.in/department-highlights/state-data-centre-sdc,"State Data Centre (SDC) - IT Dept, Govt of Assam",government,https://ditec.assam.gov.in/department-highlights/state-data-centre,http://archive.today/2026.10.02-142305/https://ditec.assam.gov.in/department-highlights/state-data-centre,State Data Centre - DITEC Assam,government,confirmed,fetched,"Operational since Feb 2021 (inaugurated 13 Feb 2021); 40+ depts, 250+ VMs, 300+ websites (IT Dept page updated 20 Feb 2023).",TRUE,"Address given is SDC contact at Block C, Assam Secretariat, Dispur; DITEC page embeds 26.1424569N 91.7888309E. No racks published. | Double-check 30 Sep 2026 (sources support: yes; exists: confirmed): AMTRON is SIA. Both URLs work.",2026-09-30,none,"","","","","",,,,v2,CC BY-NC 4.0
IN344,"Bihar State Data Centre (incl. SDC 2.0), Technology Bhawan Patna","Dept of Information Technology, Government of Bihar",government,operating,high,"Facility matched on a fetched page, with a second source. No published IT load; the capacity used is modelled. Note: Bihar DIT page places SDC at Technology Bhawan (Vishweshwaraiya Bhawan campus), Bailey Rd. SDC 2.0 (Tier III, Patna) site not separately published -> one row. No racks/MW. | Double-check 30 Sep 2026 (sources support: yes; exists: confirmed):",not published: modelled,"No current (live) IT load is published for this facility. The MW used is modelled (class weight x 3.22 MW per weight unit) and is an allocation, not a measurement.",,"Technology Bhawan, Bailey Road, Patna",Patna,Bihar,Bihar,locality,"government data-centre census (NIC/NICSI, UIDAI, ISRO, CRIS, State Data Centres)",,,Not published; SDC capacity published only as racks/floor area.,"","",3.224,3.224,"modelled: class weight x MW per weight unit (non-commercial, not anchored)",https://betastate.bihar.gov.in/dit/seclan.aspx,http://archive.today/2026.10.02-145714/https://betastate.bihar.gov.in/dit/seclan,"SecLAN - Dept of IT, Govt of Bihar",government,https://uptimeinstitute.com/uptime-institute-awards/datacenter/bihar-state-data-centre-20-/1229,http://web.archive.org/web/20251212190627/https://uptimeinstitute.com/uptime-institute-awards/datacenter/bihar-state-data-centre-20-/1229,"Bihar State Data Centre 2.0 - Uptime Institute Tier III (Design 2020, Constructed Facility 30 Dec 2022)",certification_registry,confirmed,fetched,"MeitY AR 2018-19 lists Bihar operational; Uptime Tier III Constructed Facility certification for Bihar SDC 2.0, Patna, 30 Dec 2022.",TRUE,"Bihar DIT page places SDC at Technology Bhawan (Vishweshwaraiya Bhawan campus), Bailey Rd. SDC 2.0 (Tier III, Patna) site not separately published -> one row. No racks/MW. | Double-check 30 Sep 2026 (sources support: yes; exists: confirmed): ",2026-09-30,none,"","","","","",,,,v2,CC BY-NC 4.0
IN345,"Chhattisgarh State Data Centre, Raipur","CHiPS, Government of Chhattisgarh",government,operating,high,"Facility matched on a fetched page, with a second source. No published IT load; the capacity used is modelled. Note: Three-storey building by Chhattisgarh Housing Board in Raipur, Rs 7 cr state share (eGov 2013). Locality (old Raipur vs Nava Raipur) not published. No racks/MW. | Double-check 30 Sep 2026 (sources support: partly; exists: confirmed): MeitY report names state only; Raipur from Elets 2013.",not published: modelled,"No current (live) IT load is published for this facility. The MW used is modelled (class weight x 3.22 MW per weight unit) and is an allocation, not a measurement.",2013,Raipur,Raipur,Chattisgarh,Chattisgarh,city,"government data-centre census (NIC/NICSI, UIDAI, ISRO, CRIS, State Data Centres)",,,Not published; SDC capacity published only as racks/floor area.,"","",3.224,3.224,"modelled: class weight x MW per weight unit (non-commercial, not anchored)",https://www.meity.gov.in/static/uploads/2024/02/34-1.pdf,http://web.archive.org/web/20260106153121/https://www.meity.gov.in/static/uploads/2024/02/34-1.pdf,MeitY Annual Report 2018-19 (SDC section),government,https://egov.eletsonline.com/2013/08/chhattisgarh-set-to-open-its-state-data-centre-in-raipur/,http://web.archive.org/web/20230531171440/https://egov.eletsonline.com/2013/08/chhattisgarh-set-to-open-its-state-data-centre-in-raipur/,"Chhattisgarh set to open its State Data Centre in Raipur (eGov, Aug 2013)",trade_press,confirmed,fetched,"Inaugurated 28 Feb 2013 (Daily Pioneer, 3 Oct 2018, SI tender for SDC ops); MeitY AR 2018-19 lists operational.",TRUE,"Three-storey building by Chhattisgarh Housing Board in Raipur, Rs 7 cr state share (eGov 2013). Locality (old Raipur vs Nava Raipur) not published. No racks/MW. | Double-check 30 Sep 2026 (sources support: partly; exists: confirmed): MeitY report names state only; Raipur from Elets 2013.",2026-09-30,none,"","","","","",,,,v2,CC BY-NC 4.0
IN346,"Goa State Data Centre, IT Hub Altinho Panaji","Dept of IT, Electronics & Communications / InfoTech Corp of Goa",government,operating,high,"Facility matched on a fetched page, with a second source. No published IT load; the capacity used is modelled. Note: Replaced earlier SDC in rented premises (DCD 2016). CM (Herald Goa) mentioned further SDCs planned, no site. No racks/MW. | Double-check 30 Sep 2026 (sources support: yes; exists: confirmed): DCD Aug 2016 confirms planned SDC at IT Hub, Altinho.",not published: modelled,"No current (live) IT load is published for this facility. The MW used is modelled (class weight x 3.22 MW per weight unit) and is an allocation, not a measurement.",2017,"IT Hub, Altinho, Panaji",North Goa,Goa,Goa,locality,"government data-centre census (NIC/NICSI, UIDAI, ISRO, CRIS, State Data Centres)",,,Not published; SDC capacity published only as racks/floor area.,"","",3.224,3.224,"modelled: class weight x MW per weight unit (non-commercial, not anchored)",https://www.goa.gov.in/wp-content/uploads/2021/12/CitizenCharter2021DoIT.pdf,http://web.archive.org/web/20220320014403/https://www.goa.gov.in/wp-content/uploads/2021/12/CitizenCharter2021DoIT.pdf,"Citizen Charter 2021, Dept of IT, Govt of Goa",government,https://www.datacenterdynamics.com/en/news/goa-to-get-new-state-data-center-in-three-months/,http://web.archive.org/web/20250316024124/https://www.datacenterdynamics.com/en/news/goa-to-get-new-state-data-center-in-three-months/,"Goa to get new state data center in three months (DCD, Aug 2016)",trade_press,confirmed,fetched,"DoIT Citizen Charter 2021: SDC at IT Hub, operational since 23 Mar 2017.",TRUE,"Replaced earlier SDC in rented premises (DCD 2016). CM (Herald Goa) mentioned further SDCs planned, no site. No racks/MW. | Double-check 30 Sep 2026 (sources support: yes; exists: confirmed): DCD Aug 2016 confirms planned SDC at IT Hub, Altinho.",2026-09-30,none,"","","","","",,,,v2,CC BY-NC 4.0
IN347,"Gujarat State Data Centre (GSDC), Karmayogi Bhavan Gandhinagar","Gujarat Informatics Ltd / DST, Government of Gujarat",government,operating,high,"Facility matched on a fetched page, with a second source. No published IT load; the capacity used is modelled. Note: Server room 2,600 sq ft, network room 900 sq ft, NOC 2,500 sq ft (GIL). Rack count not published. | Double-check 30 Sep 2026 (sources support: yes; exists: confirmed): Operational since 2008; Lok Sabha answer (2010) confirms operational but no location.",not published: modelled,"No current (live) IT load is published for this facility. The MW used is modelled (class weight x 3.22 MW per weight unit) and is an allocation, not a measurement.",2008,"Karmayogi Bhavan, Block 2, Sector 10A, Gandhinagar",Gandhinagar,Gujarat,Gujarat,building,"government data-centre census (NIC/NICSI, UIDAI, ISRO, CRIS, State Data Centres)",,,Not published; SDC capacity published only as racks/floor area.,"","",3.224,3.224,"modelled: class weight x MW per weight unit (non-commercial, not anchored)",https://gil.gujarat.gov.in/gsdc,http://web.archive.org/web/20260607201957/https://gil.gujarat.gov.in/gsdc,Gujarat State Data Center (GSDC) - GIL,government,https://eparlib.nic.in/bitstream/123456789/596000/1/99245.pdf,"","Lok Sabha USQ 3119, 29.11.2010 (Gujarat SDC operational, Rs 55.04 cr)",parliament,confirmed,fetched,"GIL page: functional since 2008, first operational SDC in India; LS USQ 3119 (Nov 2010) confirms operational.",TRUE,"Server room 2,600 sq ft, network room 900 sq ft, NOC 2,500 sq ft (GIL). Rack count not published. | Double-check 30 Sep 2026 (sources support: yes; exists: confirmed): Operational since 2008; Lok Sabha answer (2010) confirms operational but no location.",2026-09-30,none,"","","","","",,,,v2,CC BY-NC 4.0
IN348,"Himachal Pradesh State Data Centre, Mehli Shimla","Dept of Digital Technologies & Governance, Government of Himachal Pradesh",government,operating,high,"Facility matched on a fetched page, with a second source. No published IT load; the capacity used is modelled. Note: Rs 58 cr building also houses DIT HP. DR replication to NIC National Data Centre New Delhi (not a row). No racks/MW. | Double-check 30 Sep 2026 (sources support: yes; exists: confirmed): DDTG page itself does not name Mehli; the NIC news item does.",not published: modelled,"No current (live) IT load is published for this facility. The MW used is modelled (class weight x 3.22 MW per weight unit) and is an allocation, not a measurement.",2016,"Mehli, Shimla",Shimla,Himachal Pradesh,Himachal Pradesh,city,"government data-centre census (NIC/NICSI, UIDAI, ISRO, CRIS, State Data Centres)",,,Not published; SDC capacity published only as racks/floor area.,"","",3.224,3.224,"modelled: class weight x MW per weight unit (non-commercial, not anchored)",https://ddtg.hp.gov.in/?p=2091,http://archive.today/2026.10.02-142241/https://ddtg.hp.gov.in/services/state-data-centre/,HP State Data Centre - DDTG Himachal Pradesh,government,https://informaticsweb.nic.in/news/honourable-chief-minister-himachal-pradesh-inaugurates-state-data-centre,"","Chief Minister of Himachal Pradesh inaugurates State Data Centre (NIC Informatics, Jun 2016)",government,confirmed,fetched,"Commissioned 30 May 2016; 147 apps hosted (DDTG page); inaugurated by CM at Mehli, Shimla (NIC Informatics, Jun 2016).",TRUE,Rs 58 cr building also houses DIT HP. DR replication to NIC National Data Centre New Delhi (not a row). No racks/MW. | Double-check 30 Sep 2026 (sources support: yes; exists: confirmed): DDTG page itself does not name Mehli; the NIC news item does.,2026-09-30,none,"","","","","",,,,v2,CC BY-NC 4.0
IN349,"Karnataka State Data Centre, Vikasa Soudha Bengaluru","Centre for e-Governance, Government of Karnataka",government,operating,low,"Facility matched on a fetched page, with a second source. No published IT load; the capacity used is modelled. Open issue: [status] Karnataka SDC: reported to be moving into STPI colocation in 2026 (not verified); the Vikasa Soudha facility may close Note: Rs 57 cr, TCS. Earlier SDC at Reliance IDC Khanija Bhavan (commercial colo, 15 racks) became DR. Feb 2026: CeG to use STPI Bengaluru colocation; Rs 590 cr cloud SDC in 2023 budget, no site. Rack count not published. | Double-check 30 Sep 2026 (sources support: yes; exists: confirmed): Sources dated 2010-11; no recent confirmation of current operation.",not published: modelled,"No current (live) IT load is published for this facility. The MW used is modelled (class weight x 3.22 MW per weight unit) and is an allocation, not a measurement.",2011,"Vikasa Soudha, Bengaluru",Bangalore,Karnataka,Karnataka,building,"government data-centre census (NIC/NICSI, UIDAI, ISRO, CRIS, State Data Centres)",,,Not published; SDC capacity published only as racks/floor area.,"","",3.224,3.224,"modelled: class weight x MW per weight unit (non-commercial, not anchored)",https://www.afaqs.com/company-briefs/46337_karnataka-selects-tcs-for-the-state-data-center-sdc-project,http://archive.today/2026.10.02-154244/https://www.afaqs.com/company-briefs/46337_karnataka-selects-tcs-for-the-state-data-center-sdc-project,"Karnataka selects TCS for the SDC project (e-Gov Dept release, Sep 2010)",press,https://www.deccanherald.com/content/167689/data-centre-take-care-states.html,http://archive.today/2026.10.02-154950/https://www.deccanherald.com/content/167689/data-centre-take-care-states.html,"Data centre to take care of State's needs (Deccan Herald, 9 Jun 2011)",press,confirmed,fetched,Unveiled at Vikasa Soudha 9 Jun 2011 (DH); SDC halted 2 days for security upgrade Jun 2026 (DH) - still live.,TRUE,"Rs 57 cr, TCS. Earlier SDC at Reliance IDC Khanija Bhavan (commercial colo, 15 racks) became DR. Feb 2026: CeG to use STPI Bengaluru colocation; Rs 590 cr cloud SDC in 2023 budget, no site. Rack count not published. | Double-check 30 Sep 2026 (sources support: yes; exists: confirmed): Sources dated 2010-11; no recent confirmation of current operation.",2026-09-30,none,"","","","","",,,[status] Karnataka SDC: reported to be moving into STPI colocation in 2026 (not verified); the Vikasa Soudha facility may close,v2,CC BY-NC 4.0
IN350,"Kerala State Data Centre (SDC-2), Technopark Thiruvananthapuram","Kerala State IT Mission, Government of Kerala",government,operating,high,"Facility matched on a fetched page, with a second source. No published IT load; the capacity used is modelled. Note: Rs 22.5 cr Tier III, Sify DCO. SDC-1 (2005) location not published; SDC-3 not confirmed in fetched sources - neither added. Racks not published. | Double-check 30 Sep 2026 (sources support: yes; exists: confirmed): Lok Sabha AU1751: 'Kerala SDC was made operational in December 2011' (no Technopark mention).",not published: modelled,"No current (live) IT load is published for this facility. The MW used is modelled (class weight x 3.22 MW per weight unit) and is an allocation, not a measurement.",2012,"Technopark, Thiruvananthapuram",Thiruvananthapuram,Kerala,Kerala,campus,"government data-centre census (NIC/NICSI, UIDAI, ISRO, CRIS, State Data Centres)",,,Not published; SDC capacity published only as racks/floor area.,"","",3.224,3.224,"modelled: class weight x MW per weight unit (non-commercial, not anchored)",https://egov.eletsonline.com/2012/01/kerala-gets-its-second-data-centre/,http://web.archive.org/web/20211025062551/https://egov.eletsonline.com/2012/01/kerala-gets-its-second-data-centre/,"Kerala gets its second data centre (eGov, Jan 2012)",trade_press,https://eparlib.nic.in/bitstream/123456789/807835/1/AU1751.pdf,"","Lok Sabha USQ 1751, 13.02.2019 (Kerala SDC operational since Dec 2011)",parliament,confirmed,fetched,"LS USQ 1751 (Feb 2019): Kerala SDC operational since Dec 2011, 102 co-located/468 co-hosted/203 cloud apps. SDC-2 inaugurated 24 Jan 2012 at Technopark.",TRUE,"Rs 22.5 cr Tier III, Sify DCO. SDC-1 (2005) location not published; SDC-3 not confirmed in fetched sources - neither added. Racks not published. | Double-check 30 Sep 2026 (sources support: yes; exists: confirmed): Lok Sabha AU1751: 'Kerala SDC was made operational in December 2011' (no Technopark mention).",2026-09-30,none,"","","","","",,,,v2,CC BY-NC 4.0
IN351,"Madhya Pradesh State Data Centre, Arera Hills Bhopal","MPSEDC, Government of Madhya Pradesh",government,operating,medium,"Facility matched on a fetched page, with a second source. No published IT load; the capacity used is modelled. Open issue: [source] MP SDC location (Arera Hills) rests on a 2009 article from before it opened. Note: 18,000 sq ft floor, near-Tier-IV design (2009). Go-live year not published. MP cabinet approved a new state DC in Jul 2025 (Patrika) - no site, not added. | Double-check 30 Sep 2026 (sources support: partly; exists: likely): Arera Hills location only from 2009 plan article (under construction then); MeitY list confirms MP SDC operational by Mar 2019 but no site. No current source ties site to Arera Hills.",not published: modelled,"No current (live) IT load is published for this facility. The MW used is modelled (class weight x 3.22 MW per weight unit) and is an allocation, not a measurement.",,"Arera Hills, Bhopal",Bhopal,Madhya Pradesh,Madhya Pradesh,locality,"government data-centre census (NIC/NICSI, UIDAI, ISRO, CRIS, State Data Centres)",,,Not published; SDC capacity published only as racks/floor area.,"","",3.224,3.224,"modelled: class weight x MW per weight unit (non-commercial, not anchored)",https://www.meity.gov.in/static/uploads/2024/02/34-1.pdf,http://web.archive.org/web/20260106153121/https://www.meity.gov.in/static/uploads/2024/02/34-1.pdf,MeitY Annual Report 2018-19 (SDC section),government,https://egov.eletsonline.com/2009/12/data-centre-initiative-as-management-approach/,http://web.archive.org/web/20230530141113/https://egov.eletsonline.com/2009/12/data-centre-initiative-as-management-approach/,"Data centre initiative as management approach (eGov, Dec 2009, MPSEDC)",trade_press,confirmed,fetched,MeitY AR 2017-18/2018-19 list MP SDC operational; eGov 2009 describes new SDC building at Arera Hills under construction.,TRUE,"18,000 sq ft floor, near-Tier-IV design (2009). Go-live year not published. MP cabinet approved a new state DC in Jul 2025 (Patrika) - no site, not added. | Double-check 30 Sep 2026 (sources support: partly; exists: likely): Arera Hills location only from 2009 plan article (under construction then); MeitY list confirms MP SDC operational by Mar 2019 but no site. No current source ties site to Arera Hills.",2026-09-30,none,"","","","","",,,[source] MP SDC location (Arera Hills) rests on a 2009 article from before it opened.,v2,CC BY-NC 4.0
IN352,"Nagaland State Data Centre, Thizama Road Kohima","Dept of IT & Communication, Government of Nagaland",government,operating,high,"Facility matched on a fetched page, with a second source. No published IT load; the capacity used is modelled. Note: Rs 30.68 cr. DITC page says established 2008 (project start); go-live 2011. No racks/MW. | Double-check 30 Sep 2026 (sources support: yes; exists: confirmed):",not published: modelled,"No current (live) IT load is published for this facility. The MW used is modelled (class weight x 3.22 MW per weight unit) and is an allocation, not a measurement.",2011,"Below New Secretariat, Thizama Road, Kohima",Kohima,Nagaland,Nagaland,city,"government data-centre census (NIC/NICSI, UIDAI, ISRO, CRIS, State Data Centres)",,,Not published; SDC capacity published only as racks/floor area.,"","",3.224,3.224,"modelled: class weight x MW per weight unit (non-commercial, not anchored)",https://ditc.nagaland.gov.in/sdc,http://web.archive.org/web/20250526031801/https://ditc.nagaland.gov.in/sdc,State Data Center (SDC) - DITC Nagaland,government,https://www.datacenterdynamics.com/en/news/indian-state-of-nagaland-gets-government-data-center/,http://archive.today/2026.10.02-154821/https://www.datacenterdynamics.com/en/news/indian-state-of-nagaland-gets-government-data-center/,"Indian state of Nagaland gets government data center (DCD, Sep 2011)",trade_press,confirmed,fetched,"Inaugurated Sep 2011 by MoS Sachin Pilot (DCD); DITC page describes live Tier-II SDC below New Secretariat, Kohima.",TRUE,Rs 30.68 cr. DITC page says established 2008 (project start); go-live 2011. No racks/MW. | Double-check 30 Sep 2026 (sources support: yes; exists: confirmed):,2026-09-30,none,"","","","","",,,,v2,CC BY-NC 4.0
IN353,"Odisha State Data Centre, Bhubaneswar","OCAC, Government of Odisha",government,operating,high,"Facility matched on a fetched page, with a second source. No published IT load; the capacity used is modelled. Note: Established by OCAC in Bhubaneswar; building not named. Distinct from NIC National Data Centre Bhubaneswar (central govt). No racks/MW. | Double-check 30 Sep 2026 (sources support: yes; exists: confirmed):",not published: modelled,"No current (live) IT load is published for this facility. The MW used is modelled (class weight x 3.22 MW per weight unit) and is an allocation, not a measurement.",2011,Bhubaneswar,Khordha,Odisha,Odisha,building,"government data-centre census (NIC/NICSI, UIDAI, ISRO, CRIS, State Data Centres)",,,Not published; SDC capacity published only as racks/floor area.,"","",3.224,3.224,"modelled: class weight x MW per weight unit (non-commercial, not anchored)",https://edistrictapp.odisha.gov.in/state-data-centre,"",State Data Centre - Govt of Odisha,government,https://www.meity.gov.in/static/uploads/2024/02/34-1.pdf,http://web.archive.org/web/20260106153121/https://www.meity.gov.in/static/uploads/2024/02/34-1.pdf,MeitY Annual Report 2018-19 (SDC section),government,confirmed,fetched,"Operational since 15 Oct 2011, inaugurated by CM 3 Nov 2011 (Odisha page); MeitY AR 2018-19 lists operational.",TRUE,Established by OCAC in Bhubaneswar; building not named. Distinct from NIC National Data Centre Bhubaneswar (central govt). No racks/MW. | Double-check 30 Sep 2026 (sources support: yes; exists: confirmed):,2026-09-30,none,"","","","","",,,,v2,CC BY-NC 4.0
IN354,"Punjab State Data Centre, SAS Nagar (Mohali)","Dept of Governance Reforms, Government of Punjab",government,operating,high,"Facility matched on a fetched page, with a second source. No published IT load; the capacity used is modelled. Note: ~4,000 sq ft, 1,500 sq ft server area (DCD 2011, Wipro). Colocation no longer offered. No racks/MW. District: Mohali (SAS Nagar) formed 2006. | Double-check 30 Sep 2026 (sources support: yes; exists: confirmed): DCD Nov 2011 covers planned Mohali SDC. Operator is Sify under contract (govt-owned) - government type ok.",not published: modelled,"No current (live) IT load is published for this facility. The MW used is modelled (class weight x 3.22 MW per weight unit) and is an allocation, not a measurement.",,"Directorate of Governance Reforms, SAS Nagar (Mohali)",Sahibzada Ajit Singh Nagar,Punjab,Punjab,locality,"government data-centre census (NIC/NICSI, UIDAI, ISRO, CRIS, State Data Centres)",,,Not published; SDC capacity published only as racks/floor area.,"","",3.224,3.224,"modelled: class weight x MW per weight unit (non-commercial, not anchored)",https://dgrpg.punjab.gov.in/sdc/,http://web.archive.org/web/20211027200341/https://dgrpg.punjab.gov.in/sdc/,State Data Center Project - DGR Punjab,government,https://www.datacenterdynamics.com/en/news/indian-state-to-get-new-government-data-center/,http://archive.today/2026.10.02-154832/https://www.datacenterdynamics.com/en/news/indian-state-to-get-new-government-data-center/,"Indian state to get new government data center (DCD, Nov 2011)",trade_press,confirmed,fetched,"DGR page: SDC at SAS Nagar, Sify O&M agreement 26 May 2016, compute/storage services offered; MeitY AR 2018-19 operational.",TRUE,"~4,000 sq ft, 1,500 sq ft server area (DCD 2011, Wipro). Colocation no longer offered. No racks/MW. District: Mohali (SAS Nagar) formed 2006. | Double-check 30 Sep 2026 (sources support: yes; exists: confirmed): DCD Nov 2011 covers planned Mohali SDC. Operator is Sify under contract (govt-owned) - government type ok.",2026-09-30,none,"","","","","",,,,v2,CC BY-NC 4.0
IN355,Puducherry State Data Centre,"Directorate of IT / PeGS, Government of Puducherry",government,operating,medium,"Facility matched on a fetched page, with a second source. No published IT load; the capacity used is modelled. Open issue: [source] Puducherry SDC: sources confirm it operates but give no site within Puducherry. Note: Rs 29.69 cr over 5 yrs (DIT page). Building not named; city = Puducherry. No racks/MW. | Double-check 30 Sep 2026 (sources support: partly; exists: likely): No physical location in either source; DIT page (updated 2018) gives cost only. Exists as SDC; site within Puducherry unverified.",not published: modelled,"No current (live) IT load is published for this facility. The MW used is modelled (class weight x 3.22 MW per weight unit) and is an allocation, not a measurement.",2011,Puducherry,Puducherry,Puducherry,Puducherry,city,"government data-centre census (NIC/NICSI, UIDAI, ISRO, CRIS, State Data Centres)",,,Not published; SDC capacity published only as racks/floor area.,"","",3.224,3.224,"modelled: class weight x MW per weight unit (non-commercial, not anchored)",https://dit.py.gov.in/state-data-centre-sdc,http://web.archive.org/web/20260611170115/https://dit.py.gov.in/state-data-centre-sdc,State Data Centre (SDC) - DIT Puducherry,government,https://www.governancenow.com/gov-next/egov/tcs-bags-contract-puducherry-state-data-centre,http://web.archive.org/web/20210210230541/http://www.governancenow.com/gov-next/egov/tcs-bags-contract-puducherry-state-data-centre,"TCS bags contract for Puducherry State Data Centre (Governance Now, Mar 2011)",press,confirmed,fetched,"Inaugurated by MoS C&IT, Mar 2011 (Governance Now); MeitY AR 2018-19 lists operational.",TRUE,Rs 29.69 cr over 5 yrs (DIT page). Building not named; city = Puducherry. No racks/MW. | Double-check 30 Sep 2026 (sources support: partly; exists: likely): No physical location in either source; DIT page (updated 2018) gives cost only. Exists as SDC; site within Puducherry unverified.,2026-09-30,none,"","","","","",,,[source] Puducherry SDC: sources confirm it operates but give no site within Puducherry.,v2,CC BY-NC 4.0
IN356,"Bhamashah State Data Centre, Jaipur","RISL / DoIT&C, Government of Rajasthan",government,operating,high,"Facility matched on a fetched page, with a second source. No published IT load; the capacity used is modelled. Note: Designed for 600 racks; ~364,000 sq ft built-up (main building 2B+G+6, tech hub G+8). Relation to earlier Rajasthan SDC (pre-2018) site not published - one row. Opening date conflicting (2018/2019). | Double-check 30 Sep 2026 (sources support: partly; exists: confirmed): MeitY PDF does not name Bhamashah or Jaipur; S&W page carries the identification.",not published: modelled,"No current (live) IT load is published for this facility. The MW used is modelled (class weight x 3.22 MW per weight unit) and is an allocation, not a measurement.",,Jaipur,Jaipur,Rajasthan,Rajasthan,city,"government data-centre census (NIC/NICSI, UIDAI, ISRO, CRIS, State Data Centres)",,,Not published; 600-rack design only.,"","",3.224,3.224,"modelled: class weight x MW per weight unit (non-commercial, not anchored)",https://www.meity.gov.in/static/uploads/2024/02/34-1.pdf,http://web.archive.org/web/20260106153121/https://www.meity.gov.in/static/uploads/2024/02/34-1.pdf,MeitY Annual Report 2018-19 (SDC section),government,https://www.sterlingandwilson.com/projects/turnkey-data-centers/bhamashah-state-data-center-jaipur-india/,https://web.archive.org/web/20260827210104/https://sterlingandwilson.com/projects/turnkey-data-centers/bhamashah-state-data-center-jaipur-india/,"Bhamashah State Data Center, Jaipur (Sterling and Wilson project page)",contractor,confirmed,fetched,"Sterling & Wilson: completed 2019, Uptime Tier IV TCDD & TCCF; Technology Magazine: opened in Jaipur, 'largest govt-owned DC in India'.",TRUE,"Designed for 600 racks; ~364,000 sq ft built-up (main building 2B+G+6, tech hub G+8). Relation to earlier Rajasthan SDC (pre-2018) site not published - one row. Opening date conflicting (2018/2019). | Double-check 30 Sep 2026 (sources support: partly; exists: confirmed): MeitY PDF does not name Bhamashah or Jaipur; S&W page carries the identification.",2026-09-30,none,"","","","","",,,,v2,CC BY-NC 4.0
IN357,"Telangana State Data Centre, Hyderabad","ITE&C Dept, Government of Telangana",government,operating,medium,"Facility matched on a fetched page, with a second source. No published IT load; the capacity used is modelled. Open issue: [source] Telangana SDC: only trade-press sources (DCD 2014, 2025); no government page found Note: This is the undivided-AP NeGP SDC in Hyderabad, retained by Telangana at the 2014 bifurcation (DCD 2014). Locality not published -> district per Hyderabad convention. No govt page fetched. | Double-check 30 Sep 2026 (sources support: yes; exists: confirmed): Exact site in Hyderabad not stated.",not published: modelled,"No current (live) IT load is published for this facility. The MW used is modelled (class weight x 3.22 MW per weight unit) and is an allocation, not a measurement.",,Hyderabad,Rangareddy,Andhra Pradesh,Telangana,locality,"government data-centre census (NIC/NICSI, UIDAI, ISRO, CRIS, State Data Centres)",,,Not published; SDC capacity published only as racks/floor area.,"","",3.224,3.224,"modelled: class weight x MW per weight unit (non-commercial, not anchored)",https://www.datacenterdynamics.com/en/news/state-data-center-hit-by-outage-in-hyderabad-india/,http://web.archive.org/web/20250811193634/https://www.datacenterdynamics.com/en/news/state-data-center-hit-by-outage-in-hyderabad-india/,"State data center hit by outage in Hyderabad, India (DCD, 31 Jul 2025)",trade_press,https://datacenterdynamics.com/en/news/new-andhra-pradesh-state-needs-new-data-center,http://archive.today/2026.10.02-142030/https://www.datacenterdynamics.com/en/news/new-andhra-pradesh-state-needs-new-data-center/,"New Andhra Pradesh state needs new data center (DCD, 2014)",trade_press,confirmed,fetched,"Telangana SDC outage disrupted HMWSSB services, 31 Jul 2025 (DCD).",TRUE,"This is the undivided-AP NeGP SDC in Hyderabad, retained by Telangana at the 2014 bifurcation (DCD 2014). Locality not published -> district per Hyderabad convention. No govt page fetched. | Double-check 30 Sep 2026 (sources support: yes; exists: confirmed): Exact site in Hyderabad not stated.",2026-09-30,none,"","","","","",,,"[source] Telangana SDC: only trade-press sources (DCD 2014, 2025); no government page found",v2,CC BY-NC 4.0
IN358,"Tripura State Data Centre, Agartala","Dept of IT, Government of Tripura",government,operating,medium,"Facility matched on a fetched page, with a second source. No published IT load; the capacity used is modelled. Open issue: [source] Tripura SDC: operating since 2010 is confirmed; the policy says IT Bhavan """"shall house"""" it; Agartala is implied, not stated. Note: Policy says a Tier III SDC will be housed in IT Bhavan complex, Agartala (planned; may be same site - not a separate row). Existing building not named. No racks/MW. | Double-check 30 Sep 2026 (sources support: yes; exists: confirmed): MeitY 2018-19 report lists Tripura among 28 operational SDCs. Agartala location implied, not explicit in quote.",not published: modelled,"No current (live) IT load is published for this facility. The MW used is modelled (class weight x 3.22 MW per weight unit) and is an allocation, not a measurement.",2010,Agartala,West Tripura,Tripura,Tripura,city,"government data-centre census (NIC/NICSI, UIDAI, ISRO, CRIS, State Data Centres)",,,Not published; SDC capacity published only as racks/floor area.,"","",3.224,3.224,"modelled: class weight x MW per weight unit (non-commercial, not anchored)",https://tripura.gov.in/sites/default/files/Tripura_Data_Centre_Policy_2021_0.pdf,http://web.archive.org/web/20251016104127/https://tripura.gov.in/sites/default/files/Tripura_Data_Centre_Policy_2021_0.pdf,"Tripura Data Centre Policy 2021, Govt of Tripura",government,https://www.meity.gov.in/static/uploads/2024/02/34-1.pdf,http://web.archive.org/web/20260106153121/https://www.meity.gov.in/static/uploads/2024/02/34-1.pdf,MeitY Annual Report 2018-19 (SDC section),government,confirmed,fetched,"Policy 2021: TSDC operational 24x7 since 24 Dec 2010, ~80 servers, >100 TB storage; MeitY AR 2018-19 operational.",TRUE,"Policy says a Tier III SDC will be housed in IT Bhavan complex, Agartala (planned; may be same site - not a separate row). Existing building not named. No racks/MW. | Double-check 30 Sep 2026 (sources support: yes; exists: confirmed): MeitY 2018-19 report lists Tripura among 28 operational SDCs. Agartala location implied, not explicit in quote.",2026-09-30,none,"","","","","",,,"[source] Tripura SDC: operating since 2010 is confirmed; the policy says IT Bhavan """"shall house"""" it; Agartala is implied, not stated.",v2,CC BY-NC 4.0
IN359,"Uttarakhand State Data Centre (SDC-ITDA), Dehradun","ITDA, Government of Uttarakhand",government,operating,high,"Facility matched on a fetched page, with a second source. No published IT load; the capacity used is modelled. Note: Schneider EcoStruxure Pod (UPS, in-row cooling). Tribune reported CM opening a hyper-converged DC in Dehradun (26 Nov; search result only). Go-live year not confirmed. No racks/MW. | Double-check 30 Sep 2026 (sources support: yes; exists: confirmed): State name in CSV misspelled 'Uttarakhaand' -> should be 'Uttarakhand'.",not published: modelled,"No current (live) IT load is published for this facility. The MW used is modelled (class weight x 3.22 MW per weight unit) and is an allocation, not a measurement.",,Dehradun,Dehradun,Uttarakhaand,Uttarakhaand,campus,"government data-centre census (NIC/NICSI, UIDAI, ISRO, CRIS, State Data Centres)",,,Not published; SDC capacity published only as racks/floor area.,"","",3.224,3.224,"modelled: class weight x MW per weight unit (non-commercial, not anchored)",https://it.uk.gov.in/?p=8417,http://archive.today/2026.10.02-143003/https://it.uk.gov.in/service/uttarakhand-state-data-center/,"Uttarakhand State Data Centre - IT Dept, Govt of Uttarakhand",government,https://www.se.com/in/en/work/campaign/case-study/local/uttarakhand-data-center-remote-monitoring,http://archive.today/2026.10.02-155740/https://www.se.com/in/en/work/campaign/case-study/local/uttarakhand-data-center-remote-monitoring/,Government of Uttarakhand data center case study (Schneider Electric),vendor,confirmed,fetched,"IT Dept page lists SDC-ITDA, Dehradun 248001, VM hosting live; MeitY AR 2018-19: DCO selected, installation started.",TRUE,"Schneider EcoStruxure Pod (UPS, in-row cooling). Tribune reported CM opening a hyper-converged DC in Dehradun (26 Nov; search result only). Go-live year not confirmed. No racks/MW. | Double-check 30 Sep 2026 (sources support: yes; exists: confirmed): State name in CSV misspelled 'Uttarakhaand' -> should be 'Uttarakhand'.",2026-09-30,none,"","","","","",,,,v2,CC BY-NC 4.0
IN360,"West Bengal State Data Centre (WBSDC), Webel Bhavan Salt Lake","Webel Technology Ltd / IT&E Dept, Government of West Bengal",government,operating,high,"Facility matched on a fetched page, with a second source. No published IT load; the capacity used is modelled. Note: Old SDC (~400 sq m, Tier II, 2009) in Moni Bhandar bldg; expansion in Webel Bhavan - same Salt Lake campus, one row. Webel's Purulia (6 MW) and Siliguri (20 MW) DCs are not SDCs (not added). No racks/MW. | Double-check 30 Sep 2026 (sources support: yes; exists: confirmed):",not published: modelled,"No current (live) IT load is published for this facility. The MW used is modelled (class weight x 3.22 MW per weight unit) and is an allocation, not a measurement.",2009,"Webel Bhavan campus, Salt Lake Sector V, Kolkata",North Twenty Four Parganas,West Bengal,West Bengal,building,"government data-centre census (NIC/NICSI, UIDAI, ISRO, CRIS, State Data Centres)",,,Not published; SDC capacity published only as racks/floor area.,"","",3.224,3.224,"modelled: class weight x MW per weight unit (non-commercial, not anchored)",https://wtl.co.in/infra,"",WBSDC infrastructure - Webel Technology Ltd,government,https://www.wtl.co.in/old-site/wbsdc-overview.html,https://web.archive.org/web/20250126160929/https://www.wtl.co.in/old-site/wbsdc-overview.html,WBSDC overview - Webel Technology Ltd (old site),government,confirmed,fetched,"WTL: WBSDC Tier III+ 12,000+ sq ft hosting 157 apps/500+ VMs, 750 TB; MeitY AR 2018-19 lists WB operational.",TRUE,"Old SDC (~400 sq m, Tier II, 2009) in Moni Bhandar bldg; expansion in Webel Bhavan - same Salt Lake campus, one row. Webel's Purulia (6 MW) and Siliguri (20 MW) DCs are not SDCs (not added). No racks/MW. | Double-check 30 Sep 2026 (sources support: yes; exists: confirmed): ",2026-09-30,none,"","","","","",,,,v2,CC BY-NC 4.0
